# LC-RV reference data -- 80 % glycerol, annular-gap study.
# Two independent runs are pooled here and are distinguished by source_sheet and cup_id_mm:
#   (1) sheet 'Sasanka Gylcerol and Oil'   -- cup ID 45.0 mm, bobs 39.5/40.5/41.5/42.5 mm, gaps 2.75/2.25/1.75/1.25 mm.  Paper Fig. 3 (all gaps < 3 mm collapse onto one line).
#   (2) sheet 'Sasanka Gylcerol and Oil 2' -- cup ID 46.0 mm, bobs 43/40/37/34 mm, gaps 1.5/3.0/4.5/6.0 mm.  Paper SFig. 2 (gaps from 1.5 mm to 6 mm).
# CAVEAT ON concentration_pct: run (2) is labelled 'G_80% <bob>' in the workbook, so 80 % is explicit. Run (1) is labelled only 'G-<bob>mm'; 80 % is assigned from the manuscript statement that the annular-gap study was performed with an 80 % glycerol solution. The two runs give different absolute viscosities (~0.037 vs ~0.024 Pa.s) -- see data/README.md.
# Wetted bob height 25.0 mm in both runs.
# load_cell_g is a single raw replicate reading. Every column prefixed 'wb_' is a value COMPUTED IN THE WORKBOOK for the whole RPM group and is repeated on each replicate row of that group.
# Workbook model (as published): wb_shear_rate_1s = omega*R_b/G, wb_shear_stress_Pa = F(N)/(2*pi*R_b*h), with F(N) = load_cell_g * 9.81 / 1000.
# BELOW-DETECTION CONVENTION: load_cell_g values of exactly 0 (and the few small negatives) in the 34 / 37 / 40 mm bob columns are GENUINE at-or-below-detection readings, not missing data. An empty cell means no reading was recorded.
fluid,concentration_pct,cup_id_mm,bob_diameter_mm,gap_mm,wetted_height_mm,rpm,rpm_nominal,replicate,load_cell_g,wb_group_mean_load_cell_g,wb_angular_velocity_rad_s,wb_bob_surface_velocity_m_s,wb_shear_rate_1s,wb_shear_stress_Pa,wb_viscosity_Pas,source_sheet,source_column
glycerol,80,45,39.5,2.75,25,140,140,1,1.29,1.285882353,14.66076572,0.2895501229,105.2909538,4.066148792,0.03861821596,Sasanka Gylcerol and Oil,G-39.5mm
glycerol,80,45,39.5,2.75,25,140,140,2,1.29,1.285882353,14.66076572,0.2895501229,105.2909538,4.066148792,0.03861821596,Sasanka Gylcerol and Oil,G-39.5mm
glycerol,80,45,39.5,2.75,25,140,140,3,1.28,1.285882353,14.66076572,0.2895501229,105.2909538,4.066148792,0.03861821596,Sasanka Gylcerol and Oil,G-39.5mm
glycerol,80,45,39.5,2.75,25,140,140,4,1.27,1.285882353,14.66076572,0.2895501229,105.2909538,4.066148792,0.03861821596,Sasanka Gylcerol and Oil,G-39.5mm
glycerol,80,45,39.5,2.75,25,140,140,5,1.29,1.285882353,14.66076572,0.2895501229,105.2909538,4.066148792,0.03861821596,Sasanka Gylcerol and Oil,G-39.5mm
glycerol,80,45,39.5,2.75,25,140,140,6,1.28,1.285882353,14.66076572,0.2895501229,105.2909538,4.066148792,0.03861821596,Sasanka Gylcerol and Oil,G-39.5mm
glycerol,80,45,39.5,2.75,25,140,140,7,1.27,1.285882353,14.66076572,0.2895501229,105.2909538,4.066148792,0.03861821596,Sasanka Gylcerol and Oil,G-39.5mm
glycerol,80,45,39.5,2.75,25,140,140,8,1.3,1.285882353,14.66076572,0.2895501229,105.2909538,4.066148792,0.03861821596,Sasanka Gylcerol and Oil,G-39.5mm
glycerol,80,45,39.5,2.75,25,140,140,9,1.3,1.285882353,14.66076572,0.2895501229,105.2909538,4.066148792,0.03861821596,Sasanka Gylcerol and Oil,G-39.5mm
glycerol,80,45,39.5,2.75,25,140,140,10,1.27,1.285882353,14.66076572,0.2895501229,105.2909538,4.066148792,0.03861821596,Sasanka Gylcerol and Oil,G-39.5mm
glycerol,80,45,39.5,2.75,25,140,140,11,1.27,1.285882353,14.66076572,0.2895501229,105.2909538,4.066148792,0.03861821596,Sasanka Gylcerol and Oil,G-39.5mm
glycerol,80,45,39.5,2.75,25,140,140,12,1.29,1.285882353,14.66076572,0.2895501229,105.2909538,4.066148792,0.03861821596,Sasanka Gylcerol and Oil,G-39.5mm
glycerol,80,45,39.5,2.75,25,140,140,13,1.28,1.285882353,14.66076572,0.2895501229,105.2909538,4.066148792,0.03861821596,Sasanka Gylcerol and Oil,G-39.5mm
glycerol,80,45,39.5,2.75,25,140,140,14,1.27,1.285882353,14.66076572,0.2895501229,105.2909538,4.066148792,0.03861821596,Sasanka Gylcerol and Oil,G-39.5mm
glycerol,80,45,39.5,2.75,25,140,140,15,1.29,1.285882353,14.66076572,0.2895501229,105.2909538,4.066148792,0.03861821596,Sasanka Gylcerol and Oil,G-39.5mm
glycerol,80,45,39.5,2.75,25,140,140,16,1.31,1.285882353,14.66076572,0.2895501229,105.2909538,4.066148792,0.03861821596,Sasanka Gylcerol and Oil,G-39.5mm
glycerol,80,45,39.5,2.75,25,140,140,17,1.31,1.285882353,14.66076572,0.2895501229,105.2909538,4.066148792,0.03861821596,Sasanka Gylcerol and Oil,G-39.5mm
glycerol,80,45,39.5,2.75,25,160,160,1,1.37,1.472,16.75516082,0.3309144262,120.3325186,4.654680117,0.03868181412,Sasanka Gylcerol and Oil,G-39.5mm
glycerol,80,45,39.5,2.75,25,160,160,2,1.48,1.472,16.75516082,0.3309144262,120.3325186,4.654680117,0.03868181412,Sasanka Gylcerol and Oil,G-39.5mm
glycerol,80,45,39.5,2.75,25,160,160,3,1.49,1.472,16.75516082,0.3309144262,120.3325186,4.654680117,0.03868181412,Sasanka Gylcerol and Oil,G-39.5mm
glycerol,80,45,39.5,2.75,25,160,160,4,1.47,1.472,16.75516082,0.3309144262,120.3325186,4.654680117,0.03868181412,Sasanka Gylcerol and Oil,G-39.5mm
glycerol,80,45,39.5,2.75,25,160,160,5,1.47,1.472,16.75516082,0.3309144262,120.3325186,4.654680117,0.03868181412,Sasanka Gylcerol and Oil,G-39.5mm
glycerol,80,45,39.5,2.75,25,160,160,6,1.48,1.472,16.75516082,0.3309144262,120.3325186,4.654680117,0.03868181412,Sasanka Gylcerol and Oil,G-39.5mm
glycerol,80,45,39.5,2.75,25,160,160,7,1.48,1.472,16.75516082,0.3309144262,120.3325186,4.654680117,0.03868181412,Sasanka Gylcerol and Oil,G-39.5mm
glycerol,80,45,39.5,2.75,25,160,160,8,1.47,1.472,16.75516082,0.3309144262,120.3325186,4.654680117,0.03868181412,Sasanka Gylcerol and Oil,G-39.5mm
glycerol,80,45,39.5,2.75,25,160,160,9,1.46,1.472,16.75516082,0.3309144262,120.3325186,4.654680117,0.03868181412,Sasanka Gylcerol and Oil,G-39.5mm
glycerol,80,45,39.5,2.75,25,160,160,10,1.47,1.472,16.75516082,0.3309144262,120.3325186,4.654680117,0.03868181412,Sasanka Gylcerol and Oil,G-39.5mm
glycerol,80,45,39.5,2.75,25,160,160,11,1.49,1.472,16.75516082,0.3309144262,120.3325186,4.654680117,0.03868181412,Sasanka Gylcerol and Oil,G-39.5mm
glycerol,80,45,39.5,2.75,25,160,160,12,1.5,1.472,16.75516082,0.3309144262,120.3325186,4.654680117,0.03868181412,Sasanka Gylcerol and Oil,G-39.5mm
glycerol,80,45,39.5,2.75,25,160,160,13,1.49,1.472,16.75516082,0.3309144262,120.3325186,4.654680117,0.03868181412,Sasanka Gylcerol and Oil,G-39.5mm
glycerol,80,45,39.5,2.75,25,160,160,14,1.48,1.472,16.75516082,0.3309144262,120.3325186,4.654680117,0.03868181412,Sasanka Gylcerol and Oil,G-39.5mm
glycerol,80,45,39.5,2.75,25,160,160,15,1.48,1.472,16.75516082,0.3309144262,120.3325186,4.654680117,0.03868181412,Sasanka Gylcerol and Oil,G-39.5mm
glycerol,80,45,39.5,2.75,25,180,180,1,1.54,1.681333333,18.84955592,0.3722787295,135.3740834,5.316622851,0.0392735649,Sasanka Gylcerol and Oil,G-39.5mm
glycerol,80,45,39.5,2.75,25,180,180,2,1.69,1.681333333,18.84955592,0.3722787295,135.3740834,5.316622851,0.0392735649,Sasanka Gylcerol and Oil,G-39.5mm
glycerol,80,45,39.5,2.75,25,180,180,3,1.69,1.681333333,18.84955592,0.3722787295,135.3740834,5.316622851,0.0392735649,Sasanka Gylcerol and Oil,G-39.5mm
glycerol,80,45,39.5,2.75,25,180,180,4,1.71,1.681333333,18.84955592,0.3722787295,135.3740834,5.316622851,0.0392735649,Sasanka Gylcerol and Oil,G-39.5mm
glycerol,80,45,39.5,2.75,25,180,180,5,1.71,1.681333333,18.84955592,0.3722787295,135.3740834,5.316622851,0.0392735649,Sasanka Gylcerol and Oil,G-39.5mm
glycerol,80,45,39.5,2.75,25,180,180,6,1.7,1.681333333,18.84955592,0.3722787295,135.3740834,5.316622851,0.0392735649,Sasanka Gylcerol and Oil,G-39.5mm
glycerol,80,45,39.5,2.75,25,180,180,7,1.71,1.681333333,18.84955592,0.3722787295,135.3740834,5.316622851,0.0392735649,Sasanka Gylcerol and Oil,G-39.5mm
glycerol,80,45,39.5,2.75,25,180,180,8,1.7,1.681333333,18.84955592,0.3722787295,135.3740834,5.316622851,0.0392735649,Sasanka Gylcerol and Oil,G-39.5mm
glycerol,80,45,39.5,2.75,25,180,180,9,1.7,1.681333333,18.84955592,0.3722787295,135.3740834,5.316622851,0.0392735649,Sasanka Gylcerol and Oil,G-39.5mm
glycerol,80,45,39.5,2.75,25,180,180,10,1.68,1.681333333,18.84955592,0.3722787295,135.3740834,5.316622851,0.0392735649,Sasanka Gylcerol and Oil,G-39.5mm
glycerol,80,45,39.5,2.75,25,180,180,11,1.68,1.681333333,18.84955592,0.3722787295,135.3740834,5.316622851,0.0392735649,Sasanka Gylcerol and Oil,G-39.5mm
glycerol,80,45,39.5,2.75,25,180,180,12,1.69,1.681333333,18.84955592,0.3722787295,135.3740834,5.316622851,0.0392735649,Sasanka Gylcerol and Oil,G-39.5mm
glycerol,80,45,39.5,2.75,25,180,180,13,1.7,1.681333333,18.84955592,0.3722787295,135.3740834,5.316622851,0.0392735649,Sasanka Gylcerol and Oil,G-39.5mm
glycerol,80,45,39.5,2.75,25,180,180,14,1.68,1.681333333,18.84955592,0.3722787295,135.3740834,5.316622851,0.0392735649,Sasanka Gylcerol and Oil,G-39.5mm
glycerol,80,45,39.5,2.75,25,180,180,15,1.64,1.681333333,18.84955592,0.3722787295,135.3740834,5.316622851,0.0392735649,Sasanka Gylcerol and Oil,G-39.5mm
glycerol,80,45,39.5,2.75,25,200,200,1,1.68,1.848235294,20.94395102,0.4136430327,150.4156483,5.844391355,0.03885494244,Sasanka Gylcerol and Oil,G-39.5mm
glycerol,80,45,39.5,2.75,25,200,200,2,1.74,1.848235294,20.94395102,0.4136430327,150.4156483,5.844391355,0.03885494244,Sasanka Gylcerol and Oil,G-39.5mm
glycerol,80,45,39.5,2.75,25,200,200,3,1.85,1.848235294,20.94395102,0.4136430327,150.4156483,5.844391355,0.03885494244,Sasanka Gylcerol and Oil,G-39.5mm
glycerol,80,45,39.5,2.75,25,200,200,4,1.85,1.848235294,20.94395102,0.4136430327,150.4156483,5.844391355,0.03885494244,Sasanka Gylcerol and Oil,G-39.5mm
glycerol,80,45,39.5,2.75,25,200,200,5,1.87,1.848235294,20.94395102,0.4136430327,150.4156483,5.844391355,0.03885494244,Sasanka Gylcerol and Oil,G-39.5mm
glycerol,80,45,39.5,2.75,25,200,200,6,1.86,1.848235294,20.94395102,0.4136430327,150.4156483,5.844391355,0.03885494244,Sasanka Gylcerol and Oil,G-39.5mm
glycerol,80,45,39.5,2.75,25,200,200,7,1.86,1.848235294,20.94395102,0.4136430327,150.4156483,5.844391355,0.03885494244,Sasanka Gylcerol and Oil,G-39.5mm
glycerol,80,45,39.5,2.75,25,200,200,8,1.86,1.848235294,20.94395102,0.4136430327,150.4156483,5.844391355,0.03885494244,Sasanka Gylcerol and Oil,G-39.5mm
glycerol,80,45,39.5,2.75,25,200,200,9,1.87,1.848235294,20.94395102,0.4136430327,150.4156483,5.844391355,0.03885494244,Sasanka Gylcerol and Oil,G-39.5mm
glycerol,80,45,39.5,2.75,25,200,200,10,1.88,1.848235294,20.94395102,0.4136430327,150.4156483,5.844391355,0.03885494244,Sasanka Gylcerol and Oil,G-39.5mm
glycerol,80,45,39.5,2.75,25,200,200,11,1.87,1.848235294,20.94395102,0.4136430327,150.4156483,5.844391355,0.03885494244,Sasanka Gylcerol and Oil,G-39.5mm
glycerol,80,45,39.5,2.75,25,200,200,12,1.88,1.848235294,20.94395102,0.4136430327,150.4156483,5.844391355,0.03885494244,Sasanka Gylcerol and Oil,G-39.5mm
glycerol,80,45,39.5,2.75,25,200,200,13,1.87,1.848235294,20.94395102,0.4136430327,150.4156483,5.844391355,0.03885494244,Sasanka Gylcerol and Oil,G-39.5mm
glycerol,80,45,39.5,2.75,25,200,200,14,1.87,1.848235294,20.94395102,0.4136430327,150.4156483,5.844391355,0.03885494244,Sasanka Gylcerol and Oil,G-39.5mm
glycerol,80,45,39.5,2.75,25,200,200,15,1.88,1.848235294,20.94395102,0.4136430327,150.4156483,5.844391355,0.03885494244,Sasanka Gylcerol and Oil,G-39.5mm
glycerol,80,45,39.5,2.75,25,200,200,16,1.87,1.848235294,20.94395102,0.4136430327,150.4156483,5.844391355,0.03885494244,Sasanka Gylcerol and Oil,G-39.5mm
glycerol,80,45,39.5,2.75,25,200,200,17,1.86,1.848235294,20.94395102,0.4136430327,150.4156483,5.844391355,0.03885494244,Sasanka Gylcerol and Oil,G-39.5mm
glycerol,80,45,39.5,2.75,25,220,220,1,2.06,2.236666667,23.03834613,0.455007336,165.4572131,7.072668384,0.04274620763,Sasanka Gylcerol and Oil,G-39.5mm
glycerol,80,45,39.5,2.75,25,220,220,2,2.24,2.236666667,23.03834613,0.455007336,165.4572131,7.072668384,0.04274620763,Sasanka Gylcerol and Oil,G-39.5mm
glycerol,80,45,39.5,2.75,25,220,220,3,2.26,2.236666667,23.03834613,0.455007336,165.4572131,7.072668384,0.04274620763,Sasanka Gylcerol and Oil,G-39.5mm
glycerol,80,45,39.5,2.75,25,220,220,4,2.25,2.236666667,23.03834613,0.455007336,165.4572131,7.072668384,0.04274620763,Sasanka Gylcerol and Oil,G-39.5mm
glycerol,80,45,39.5,2.75,25,220,220,5,2.25,2.236666667,23.03834613,0.455007336,165.4572131,7.072668384,0.04274620763,Sasanka Gylcerol and Oil,G-39.5mm
glycerol,80,45,39.5,2.75,25,220,220,6,2.27,2.236666667,23.03834613,0.455007336,165.4572131,7.072668384,0.04274620763,Sasanka Gylcerol and Oil,G-39.5mm
glycerol,80,45,39.5,2.75,25,220,220,7,2.26,2.236666667,23.03834613,0.455007336,165.4572131,7.072668384,0.04274620763,Sasanka Gylcerol and Oil,G-39.5mm
glycerol,80,45,39.5,2.75,25,220,220,8,2.25,2.236666667,23.03834613,0.455007336,165.4572131,7.072668384,0.04274620763,Sasanka Gylcerol and Oil,G-39.5mm
glycerol,80,45,39.5,2.75,25,220,220,9,2.25,2.236666667,23.03834613,0.455007336,165.4572131,7.072668384,0.04274620763,Sasanka Gylcerol and Oil,G-39.5mm
glycerol,80,45,39.5,2.75,25,220,220,10,2.24,2.236666667,23.03834613,0.455007336,165.4572131,7.072668384,0.04274620763,Sasanka Gylcerol and Oil,G-39.5mm
glycerol,80,45,39.5,2.75,25,220,220,11,2.23,2.236666667,23.03834613,0.455007336,165.4572131,7.072668384,0.04274620763,Sasanka Gylcerol and Oil,G-39.5mm
glycerol,80,45,39.5,2.75,25,220,220,12,2.25,2.236666667,23.03834613,0.455007336,165.4572131,7.072668384,0.04274620763,Sasanka Gylcerol and Oil,G-39.5mm
glycerol,80,45,39.5,2.75,25,220,220,13,2.26,2.236666667,23.03834613,0.455007336,165.4572131,7.072668384,0.04274620763,Sasanka Gylcerol and Oil,G-39.5mm
glycerol,80,45,39.5,2.75,25,220,220,14,2.24,2.236666667,23.03834613,0.455007336,165.4572131,7.072668384,0.04274620763,Sasanka Gylcerol and Oil,G-39.5mm
glycerol,80,45,39.5,2.75,25,220,220,15,2.24,2.236666667,23.03834613,0.455007336,165.4572131,7.072668384,0.04274620763,Sasanka Gylcerol and Oil,G-39.5mm
glycerol,80,45,39.5,2.75,25,240,240,1,2.19,2.358666667,25.13274123,0.4963716393,180.4987779,7.458450296,0.04132133404,Sasanka Gylcerol and Oil,G-39.5mm
glycerol,80,45,39.5,2.75,25,240,240,2,2.27,2.358666667,25.13274123,0.4963716393,180.4987779,7.458450296,0.04132133404,Sasanka Gylcerol and Oil,G-39.5mm
glycerol,80,45,39.5,2.75,25,240,240,3,2.34,2.358666667,25.13274123,0.4963716393,180.4987779,7.458450296,0.04132133404,Sasanka Gylcerol and Oil,G-39.5mm
glycerol,80,45,39.5,2.75,25,240,240,4,2.37,2.358666667,25.13274123,0.4963716393,180.4987779,7.458450296,0.04132133404,Sasanka Gylcerol and Oil,G-39.5mm
glycerol,80,45,39.5,2.75,25,240,240,5,2.37,2.358666667,25.13274123,0.4963716393,180.4987779,7.458450296,0.04132133404,Sasanka Gylcerol and Oil,G-39.5mm
glycerol,80,45,39.5,2.75,25,240,240,6,2.36,2.358666667,25.13274123,0.4963716393,180.4987779,7.458450296,0.04132133404,Sasanka Gylcerol and Oil,G-39.5mm
glycerol,80,45,39.5,2.75,25,240,240,7,2.36,2.358666667,25.13274123,0.4963716393,180.4987779,7.458450296,0.04132133404,Sasanka Gylcerol and Oil,G-39.5mm
glycerol,80,45,39.5,2.75,25,240,240,8,2.39,2.358666667,25.13274123,0.4963716393,180.4987779,7.458450296,0.04132133404,Sasanka Gylcerol and Oil,G-39.5mm
glycerol,80,45,39.5,2.75,25,240,240,9,2.4,2.358666667,25.13274123,0.4963716393,180.4987779,7.458450296,0.04132133404,Sasanka Gylcerol and Oil,G-39.5mm
glycerol,80,45,39.5,2.75,25,240,240,10,2.41,2.358666667,25.13274123,0.4963716393,180.4987779,7.458450296,0.04132133404,Sasanka Gylcerol and Oil,G-39.5mm
glycerol,80,45,39.5,2.75,25,240,240,11,2.39,2.358666667,25.13274123,0.4963716393,180.4987779,7.458450296,0.04132133404,Sasanka Gylcerol and Oil,G-39.5mm
glycerol,80,45,39.5,2.75,25,240,240,12,2.36,2.358666667,25.13274123,0.4963716393,180.4987779,7.458450296,0.04132133404,Sasanka Gylcerol and Oil,G-39.5mm
glycerol,80,45,39.5,2.75,25,240,240,13,2.39,2.358666667,25.13274123,0.4963716393,180.4987779,7.458450296,0.04132133404,Sasanka Gylcerol and Oil,G-39.5mm
glycerol,80,45,39.5,2.75,25,240,240,14,2.39,2.358666667,25.13274123,0.4963716393,180.4987779,7.458450296,0.04132133404,Sasanka Gylcerol and Oil,G-39.5mm
glycerol,80,45,39.5,2.75,25,240,240,15,2.39,2.358666667,25.13274123,0.4963716393,180.4987779,7.458450296,0.04132133404,Sasanka Gylcerol and Oil,G-39.5mm
glycerol,80,45,39.5,2.75,25,260,260,1,2.4,2.489333333,27.22713633,0.5377359425,195.5403427,7.871637481,0.04025582328,Sasanka Gylcerol and Oil,G-39.5mm
glycerol,80,45,39.5,2.75,25,260,260,2,2.5,2.489333333,27.22713633,0.5377359425,195.5403427,7.871637481,0.04025582328,Sasanka Gylcerol and Oil,G-39.5mm
glycerol,80,45,39.5,2.75,25,260,260,3,2.53,2.489333333,27.22713633,0.5377359425,195.5403427,7.871637481,0.04025582328,Sasanka Gylcerol and Oil,G-39.5mm
glycerol,80,45,39.5,2.75,25,260,260,4,2.53,2.489333333,27.22713633,0.5377359425,195.5403427,7.871637481,0.04025582328,Sasanka Gylcerol and Oil,G-39.5mm
glycerol,80,45,39.5,2.75,25,260,260,5,2.52,2.489333333,27.22713633,0.5377359425,195.5403427,7.871637481,0.04025582328,Sasanka Gylcerol and Oil,G-39.5mm
glycerol,80,45,39.5,2.75,25,260,260,6,2.52,2.489333333,27.22713633,0.5377359425,195.5403427,7.871637481,0.04025582328,Sasanka Gylcerol and Oil,G-39.5mm
glycerol,80,45,39.5,2.75,25,260,260,7,2.5,2.489333333,27.22713633,0.5377359425,195.5403427,7.871637481,0.04025582328,Sasanka Gylcerol and Oil,G-39.5mm
glycerol,80,45,39.5,2.75,25,260,260,8,2.48,2.489333333,27.22713633,0.5377359425,195.5403427,7.871637481,0.04025582328,Sasanka Gylcerol and Oil,G-39.5mm
glycerol,80,45,39.5,2.75,25,260,260,9,2.47,2.489333333,27.22713633,0.5377359425,195.5403427,7.871637481,0.04025582328,Sasanka Gylcerol and Oil,G-39.5mm
glycerol,80,45,39.5,2.75,25,260,260,10,2.48,2.489333333,27.22713633,0.5377359425,195.5403427,7.871637481,0.04025582328,Sasanka Gylcerol and Oil,G-39.5mm
glycerol,80,45,39.5,2.75,25,260,260,11,2.49,2.489333333,27.22713633,0.5377359425,195.5403427,7.871637481,0.04025582328,Sasanka Gylcerol and Oil,G-39.5mm
glycerol,80,45,39.5,2.75,25,260,260,12,2.49,2.489333333,27.22713633,0.5377359425,195.5403427,7.871637481,0.04025582328,Sasanka Gylcerol and Oil,G-39.5mm
glycerol,80,45,39.5,2.75,25,260,260,13,2.48,2.489333333,27.22713633,0.5377359425,195.5403427,7.871637481,0.04025582328,Sasanka Gylcerol and Oil,G-39.5mm
glycerol,80,45,39.5,2.75,25,260,260,14,2.48,2.489333333,27.22713633,0.5377359425,195.5403427,7.871637481,0.04025582328,Sasanka Gylcerol and Oil,G-39.5mm
glycerol,80,45,39.5,2.75,25,260,260,15,2.47,2.489333333,27.22713633,0.5377359425,195.5403427,7.871637481,0.04025582328,Sasanka Gylcerol and Oil,G-39.5mm
glycerol,80,45,39.5,2.75,25,280,280,1,2.48,2.639333333,29.32153143,0.5791002458,210.5819076,8.345959503,0.03963284216,Sasanka Gylcerol and Oil,G-39.5mm
glycerol,80,45,39.5,2.75,25,280,280,2,2.6,2.639333333,29.32153143,0.5791002458,210.5819076,8.345959503,0.03963284216,Sasanka Gylcerol and Oil,G-39.5mm
glycerol,80,45,39.5,2.75,25,280,280,3,2.66,2.639333333,29.32153143,0.5791002458,210.5819076,8.345959503,0.03963284216,Sasanka Gylcerol and Oil,G-39.5mm
glycerol,80,45,39.5,2.75,25,280,280,4,2.67,2.639333333,29.32153143,0.5791002458,210.5819076,8.345959503,0.03963284216,Sasanka Gylcerol and Oil,G-39.5mm
glycerol,80,45,39.5,2.75,25,280,280,5,2.68,2.639333333,29.32153143,0.5791002458,210.5819076,8.345959503,0.03963284216,Sasanka Gylcerol and Oil,G-39.5mm
glycerol,80,45,39.5,2.75,25,280,280,6,2.67,2.639333333,29.32153143,0.5791002458,210.5819076,8.345959503,0.03963284216,Sasanka Gylcerol and Oil,G-39.5mm
glycerol,80,45,39.5,2.75,25,280,280,7,2.65,2.639333333,29.32153143,0.5791002458,210.5819076,8.345959503,0.03963284216,Sasanka Gylcerol and Oil,G-39.5mm
glycerol,80,45,39.5,2.75,25,280,280,8,2.64,2.639333333,29.32153143,0.5791002458,210.5819076,8.345959503,0.03963284216,Sasanka Gylcerol and Oil,G-39.5mm
glycerol,80,45,39.5,2.75,25,280,280,9,2.65,2.639333333,29.32153143,0.5791002458,210.5819076,8.345959503,0.03963284216,Sasanka Gylcerol and Oil,G-39.5mm
glycerol,80,45,39.5,2.75,25,280,280,10,2.67,2.639333333,29.32153143,0.5791002458,210.5819076,8.345959503,0.03963284216,Sasanka Gylcerol and Oil,G-39.5mm
glycerol,80,45,39.5,2.75,25,280,280,11,2.66,2.639333333,29.32153143,0.5791002458,210.5819076,8.345959503,0.03963284216,Sasanka Gylcerol and Oil,G-39.5mm
glycerol,80,45,39.5,2.75,25,280,280,12,2.66,2.639333333,29.32153143,0.5791002458,210.5819076,8.345959503,0.03963284216,Sasanka Gylcerol and Oil,G-39.5mm
glycerol,80,45,39.5,2.75,25,280,280,13,2.65,2.639333333,29.32153143,0.5791002458,210.5819076,8.345959503,0.03963284216,Sasanka Gylcerol and Oil,G-39.5mm
glycerol,80,45,39.5,2.75,25,280,280,14,2.63,2.639333333,29.32153143,0.5791002458,210.5819076,8.345959503,0.03963284216,Sasanka Gylcerol and Oil,G-39.5mm
glycerol,80,45,39.5,2.75,25,280,280,15,2.62,2.639333333,29.32153143,0.5791002458,210.5819076,8.345959503,0.03963284216,Sasanka Gylcerol and Oil,G-39.5mm
glycerol,80,45,39.5,2.75,25,300,300,1,2.67,2.811428571,31.41592654,0.6204645491,225.6234724,8.890149913,0.03940259326,Sasanka Gylcerol and Oil,G-39.5mm
glycerol,80,45,39.5,2.75,25,300,300,2,2.81,2.811428571,31.41592654,0.6204645491,225.6234724,8.890149913,0.03940259326,Sasanka Gylcerol and Oil,G-39.5mm
glycerol,80,45,39.5,2.75,25,300,300,3,2.8,2.811428571,31.41592654,0.6204645491,225.6234724,8.890149913,0.03940259326,Sasanka Gylcerol and Oil,G-39.5mm
glycerol,80,45,39.5,2.75,25,300,300,4,2.8,2.811428571,31.41592654,0.6204645491,225.6234724,8.890149913,0.03940259326,Sasanka Gylcerol and Oil,G-39.5mm
glycerol,80,45,39.5,2.75,25,300,300,5,2.81,2.811428571,31.41592654,0.6204645491,225.6234724,8.890149913,0.03940259326,Sasanka Gylcerol and Oil,G-39.5mm
glycerol,80,45,39.5,2.75,25,300,300,6,2.83,2.811428571,31.41592654,0.6204645491,225.6234724,8.890149913,0.03940259326,Sasanka Gylcerol and Oil,G-39.5mm
glycerol,80,45,39.5,2.75,25,300,300,7,2.83,2.811428571,31.41592654,0.6204645491,225.6234724,8.890149913,0.03940259326,Sasanka Gylcerol and Oil,G-39.5mm
glycerol,80,45,39.5,2.75,25,300,300,8,2.82,2.811428571,31.41592654,0.6204645491,225.6234724,8.890149913,0.03940259326,Sasanka Gylcerol and Oil,G-39.5mm
glycerol,80,45,39.5,2.75,25,300,300,9,2.82,2.811428571,31.41592654,0.6204645491,225.6234724,8.890149913,0.03940259326,Sasanka Gylcerol and Oil,G-39.5mm
glycerol,80,45,39.5,2.75,25,300,300,10,2.82,2.811428571,31.41592654,0.6204645491,225.6234724,8.890149913,0.03940259326,Sasanka Gylcerol and Oil,G-39.5mm
glycerol,80,45,39.5,2.75,25,300,300,11,2.83,2.811428571,31.41592654,0.6204645491,225.6234724,8.890149913,0.03940259326,Sasanka Gylcerol and Oil,G-39.5mm
glycerol,80,45,39.5,2.75,25,300,300,12,2.84,2.811428571,31.41592654,0.6204645491,225.6234724,8.890149913,0.03940259326,Sasanka Gylcerol and Oil,G-39.5mm
glycerol,80,45,39.5,2.75,25,300,300,13,2.84,2.811428571,31.41592654,0.6204645491,225.6234724,8.890149913,0.03940259326,Sasanka Gylcerol and Oil,G-39.5mm
glycerol,80,45,39.5,2.75,25,300,300,14,2.84,2.811428571,31.41592654,0.6204645491,225.6234724,8.890149913,0.03940259326,Sasanka Gylcerol and Oil,G-39.5mm
glycerol,80,45,39.5,2.75,25,320,320,1,2.84,2.925625,33.51032164,0.6618288524,240.6650372,9.251255786,0.03844038126,Sasanka Gylcerol and Oil,G-39.5mm
glycerol,80,45,39.5,2.75,25,320,320,2,2.91,2.925625,33.51032164,0.6618288524,240.6650372,9.251255786,0.03844038126,Sasanka Gylcerol and Oil,G-39.5mm
glycerol,80,45,39.5,2.75,25,320,320,3,2.94,2.925625,33.51032164,0.6618288524,240.6650372,9.251255786,0.03844038126,Sasanka Gylcerol and Oil,G-39.5mm
glycerol,80,45,39.5,2.75,25,320,320,4,2.93,2.925625,33.51032164,0.6618288524,240.6650372,9.251255786,0.03844038126,Sasanka Gylcerol and Oil,G-39.5mm
glycerol,80,45,39.5,2.75,25,320,320,5,2.94,2.925625,33.51032164,0.6618288524,240.6650372,9.251255786,0.03844038126,Sasanka Gylcerol and Oil,G-39.5mm
glycerol,80,45,39.5,2.75,25,320,320,6,2.95,2.925625,33.51032164,0.6618288524,240.6650372,9.251255786,0.03844038126,Sasanka Gylcerol and Oil,G-39.5mm
glycerol,80,45,39.5,2.75,25,320,320,7,2.95,2.925625,33.51032164,0.6618288524,240.6650372,9.251255786,0.03844038126,Sasanka Gylcerol and Oil,G-39.5mm
glycerol,80,45,39.5,2.75,25,320,320,8,2.94,2.925625,33.51032164,0.6618288524,240.6650372,9.251255786,0.03844038126,Sasanka Gylcerol and Oil,G-39.5mm
glycerol,80,45,39.5,2.75,25,320,320,9,2.93,2.925625,33.51032164,0.6618288524,240.6650372,9.251255786,0.03844038126,Sasanka Gylcerol and Oil,G-39.5mm
glycerol,80,45,39.5,2.75,25,320,320,10,2.94,2.925625,33.51032164,0.6618288524,240.6650372,9.251255786,0.03844038126,Sasanka Gylcerol and Oil,G-39.5mm
glycerol,80,45,39.5,2.75,25,320,320,11,2.94,2.925625,33.51032164,0.6618288524,240.6650372,9.251255786,0.03844038126,Sasanka Gylcerol and Oil,G-39.5mm
glycerol,80,45,39.5,2.75,25,320,320,12,2.94,2.925625,33.51032164,0.6618288524,240.6650372,9.251255786,0.03844038126,Sasanka Gylcerol and Oil,G-39.5mm
glycerol,80,45,39.5,2.75,25,320,320,13,2.92,2.925625,33.51032164,0.6618288524,240.6650372,9.251255786,0.03844038126,Sasanka Gylcerol and Oil,G-39.5mm
glycerol,80,45,39.5,2.75,25,320,320,14,2.92,2.925625,33.51032164,0.6618288524,240.6650372,9.251255786,0.03844038126,Sasanka Gylcerol and Oil,G-39.5mm
glycerol,80,45,39.5,2.75,25,320,320,15,2.92,2.925625,33.51032164,0.6618288524,240.6650372,9.251255786,0.03844038126,Sasanka Gylcerol and Oil,G-39.5mm
glycerol,80,45,39.5,2.75,25,320,320,16,2.9,2.925625,33.51032164,0.6618288524,240.6650372,9.251255786,0.03844038126,Sasanka Gylcerol and Oil,G-39.5mm
glycerol,80,45,39.5,2.75,25,340,340,1,2.91,3.031111111,35.60471674,0.7031931556,255.706602,9.584818357,0.03748365619,Sasanka Gylcerol and Oil,G-39.5mm
glycerol,80,45,39.5,2.75,25,340,340,2,3.02,3.031111111,35.60471674,0.7031931556,255.706602,9.584818357,0.03748365619,Sasanka Gylcerol and Oil,G-39.5mm
glycerol,80,45,39.5,2.75,25,340,340,3,3.05,3.031111111,35.60471674,0.7031931556,255.706602,9.584818357,0.03748365619,Sasanka Gylcerol and Oil,G-39.5mm
glycerol,80,45,39.5,2.75,25,340,340,4,3.05,3.031111111,35.60471674,0.7031931556,255.706602,9.584818357,0.03748365619,Sasanka Gylcerol and Oil,G-39.5mm
glycerol,80,45,39.5,2.75,25,340,340,5,3.05,3.031111111,35.60471674,0.7031931556,255.706602,9.584818357,0.03748365619,Sasanka Gylcerol and Oil,G-39.5mm
glycerol,80,45,39.5,2.75,25,340,340,6,3.05,3.031111111,35.60471674,0.7031931556,255.706602,9.584818357,0.03748365619,Sasanka Gylcerol and Oil,G-39.5mm
glycerol,80,45,39.5,2.75,25,340,340,7,3.03,3.031111111,35.60471674,0.7031931556,255.706602,9.584818357,0.03748365619,Sasanka Gylcerol and Oil,G-39.5mm
glycerol,80,45,39.5,2.75,25,340,340,8,3.03,3.031111111,35.60471674,0.7031931556,255.706602,9.584818357,0.03748365619,Sasanka Gylcerol and Oil,G-39.5mm
glycerol,80,45,39.5,2.75,25,340,340,9,3.04,3.031111111,35.60471674,0.7031931556,255.706602,9.584818357,0.03748365619,Sasanka Gylcerol and Oil,G-39.5mm
glycerol,80,45,39.5,2.75,25,340,340,10,3.03,3.031111111,35.60471674,0.7031931556,255.706602,9.584818357,0.03748365619,Sasanka Gylcerol and Oil,G-39.5mm
glycerol,80,45,39.5,2.75,25,340,340,11,3.05,3.031111111,35.60471674,0.7031931556,255.706602,9.584818357,0.03748365619,Sasanka Gylcerol and Oil,G-39.5mm
glycerol,80,45,39.5,2.75,25,340,340,12,3.05,3.031111111,35.60471674,0.7031931556,255.706602,9.584818357,0.03748365619,Sasanka Gylcerol and Oil,G-39.5mm
glycerol,80,45,39.5,2.75,25,340,340,13,3.07,3.031111111,35.60471674,0.7031931556,255.706602,9.584818357,0.03748365619,Sasanka Gylcerol and Oil,G-39.5mm
glycerol,80,45,39.5,2.75,25,340,340,14,3.05,3.031111111,35.60471674,0.7031931556,255.706602,9.584818357,0.03748365619,Sasanka Gylcerol and Oil,G-39.5mm
glycerol,80,45,39.5,2.75,25,340,340,15,3.03,3.031111111,35.60471674,0.7031931556,255.706602,9.584818357,0.03748365619,Sasanka Gylcerol and Oil,G-39.5mm
glycerol,80,45,39.5,2.75,25,340,340,16,3.04,3.031111111,35.60471674,0.7031931556,255.706602,9.584818357,0.03748365619,Sasanka Gylcerol and Oil,G-39.5mm
glycerol,80,45,39.5,2.75,25,340,340,17,3.01,3.031111111,35.60471674,0.7031931556,255.706602,9.584818357,0.03748365619,Sasanka Gylcerol and Oil,G-39.5mm
glycerol,80,45,39.5,2.75,25,340,340,18,3,3.031111111,35.60471674,0.7031931556,255.706602,9.584818357,0.03748365619,Sasanka Gylcerol and Oil,G-39.5mm
glycerol,80,45,39.5,2.75,25,360,360,1,3.08,3.14,37.69911184,0.7445574589,270.7481669,9.929141011,0.03667297594,Sasanka Gylcerol and Oil,G-39.5mm
glycerol,80,45,39.5,2.75,25,360,360,2,3.17,3.14,37.69911184,0.7445574589,270.7481669,9.929141011,0.03667297594,Sasanka Gylcerol and Oil,G-39.5mm
glycerol,80,45,39.5,2.75,25,360,360,3,3.18,3.14,37.69911184,0.7445574589,270.7481669,9.929141011,0.03667297594,Sasanka Gylcerol and Oil,G-39.5mm
glycerol,80,45,39.5,2.75,25,360,360,4,3.15,3.14,37.69911184,0.7445574589,270.7481669,9.929141011,0.03667297594,Sasanka Gylcerol and Oil,G-39.5mm
glycerol,80,45,39.5,2.75,25,360,360,5,3.14,3.14,37.69911184,0.7445574589,270.7481669,9.929141011,0.03667297594,Sasanka Gylcerol and Oil,G-39.5mm
glycerol,80,45,39.5,2.75,25,360,360,6,3.16,3.14,37.69911184,0.7445574589,270.7481669,9.929141011,0.03667297594,Sasanka Gylcerol and Oil,G-39.5mm
glycerol,80,45,39.5,2.75,25,360,360,7,3.14,3.14,37.69911184,0.7445574589,270.7481669,9.929141011,0.03667297594,Sasanka Gylcerol and Oil,G-39.5mm
glycerol,80,45,39.5,2.75,25,360,360,8,3.14,3.14,37.69911184,0.7445574589,270.7481669,9.929141011,0.03667297594,Sasanka Gylcerol and Oil,G-39.5mm
glycerol,80,45,39.5,2.75,25,360,360,9,3.13,3.14,37.69911184,0.7445574589,270.7481669,9.929141011,0.03667297594,Sasanka Gylcerol and Oil,G-39.5mm
glycerol,80,45,39.5,2.75,25,360,360,10,3.13,3.14,37.69911184,0.7445574589,270.7481669,9.929141011,0.03667297594,Sasanka Gylcerol and Oil,G-39.5mm
glycerol,80,45,39.5,2.75,25,360,360,11,3.14,3.14,37.69911184,0.7445574589,270.7481669,9.929141011,0.03667297594,Sasanka Gylcerol and Oil,G-39.5mm
glycerol,80,45,39.5,2.75,25,360,360,12,3.14,3.14,37.69911184,0.7445574589,270.7481669,9.929141011,0.03667297594,Sasanka Gylcerol and Oil,G-39.5mm
glycerol,80,45,39.5,2.75,25,360,360,13,3.14,3.14,37.69911184,0.7445574589,270.7481669,9.929141011,0.03667297594,Sasanka Gylcerol and Oil,G-39.5mm
glycerol,80,45,39.5,2.75,25,360,360,14,3.13,3.14,37.69911184,0.7445574589,270.7481669,9.929141011,0.03667297594,Sasanka Gylcerol and Oil,G-39.5mm
glycerol,80,45,39.5,2.75,25,360,360,15,3.13,3.14,37.69911184,0.7445574589,270.7481669,9.929141011,0.03667297594,Sasanka Gylcerol and Oil,G-39.5mm
glycerol,80,45,39.5,2.75,25,380,380,1,3.13,3.283125,39.79350695,0.7859217622,285.7897317,10.38172327,0.03632643907,Sasanka Gylcerol and Oil,G-39.5mm
glycerol,80,45,39.5,2.75,25,380,380,2,3.22,3.283125,39.79350695,0.7859217622,285.7897317,10.38172327,0.03632643907,Sasanka Gylcerol and Oil,G-39.5mm
glycerol,80,45,39.5,2.75,25,380,380,3,3.33,3.283125,39.79350695,0.7859217622,285.7897317,10.38172327,0.03632643907,Sasanka Gylcerol and Oil,G-39.5mm
glycerol,80,45,39.5,2.75,25,380,380,4,3.31,3.283125,39.79350695,0.7859217622,285.7897317,10.38172327,0.03632643907,Sasanka Gylcerol and Oil,G-39.5mm
glycerol,80,45,39.5,2.75,25,380,380,5,3.3,3.283125,39.79350695,0.7859217622,285.7897317,10.38172327,0.03632643907,Sasanka Gylcerol and Oil,G-39.5mm
glycerol,80,45,39.5,2.75,25,380,380,6,3.31,3.283125,39.79350695,0.7859217622,285.7897317,10.38172327,0.03632643907,Sasanka Gylcerol and Oil,G-39.5mm
glycerol,80,45,39.5,2.75,25,380,380,7,3.31,3.283125,39.79350695,0.7859217622,285.7897317,10.38172327,0.03632643907,Sasanka Gylcerol and Oil,G-39.5mm
glycerol,80,45,39.5,2.75,25,380,380,8,3.29,3.283125,39.79350695,0.7859217622,285.7897317,10.38172327,0.03632643907,Sasanka Gylcerol and Oil,G-39.5mm
glycerol,80,45,39.5,2.75,25,380,380,9,3.29,3.283125,39.79350695,0.7859217622,285.7897317,10.38172327,0.03632643907,Sasanka Gylcerol and Oil,G-39.5mm
glycerol,80,45,39.5,2.75,25,380,380,10,3.3,3.283125,39.79350695,0.7859217622,285.7897317,10.38172327,0.03632643907,Sasanka Gylcerol and Oil,G-39.5mm
glycerol,80,45,39.5,2.75,25,380,380,11,3.31,3.283125,39.79350695,0.7859217622,285.7897317,10.38172327,0.03632643907,Sasanka Gylcerol and Oil,G-39.5mm
glycerol,80,45,39.5,2.75,25,380,380,12,3.29,3.283125,39.79350695,0.7859217622,285.7897317,10.38172327,0.03632643907,Sasanka Gylcerol and Oil,G-39.5mm
glycerol,80,45,39.5,2.75,25,380,380,13,3.27,3.283125,39.79350695,0.7859217622,285.7897317,10.38172327,0.03632643907,Sasanka Gylcerol and Oil,G-39.5mm
glycerol,80,45,39.5,2.75,25,380,380,14,3.3,3.283125,39.79350695,0.7859217622,285.7897317,10.38172327,0.03632643907,Sasanka Gylcerol and Oil,G-39.5mm
glycerol,80,45,39.5,2.75,25,380,380,15,3.29,3.283125,39.79350695,0.7859217622,285.7897317,10.38172327,0.03632643907,Sasanka Gylcerol and Oil,G-39.5mm
glycerol,80,45,39.5,2.75,25,380,380,16,3.28,3.283125,39.79350695,0.7859217622,285.7897317,10.38172327,0.03632643907,Sasanka Gylcerol and Oil,G-39.5mm
glycerol,80,45,39.5,2.75,25,400,400,1,3.29,3.471904762,41.88790205,0.8272860654,300.8312965,10.9786726,0.03649444963,Sasanka Gylcerol and Oil,G-39.5mm
glycerol,80,45,39.5,2.75,25,400,400,2,3.41,3.471904762,41.88790205,0.8272860654,300.8312965,10.9786726,0.03649444963,Sasanka Gylcerol and Oil,G-39.5mm
glycerol,80,45,39.5,2.75,25,400,400,3,3.47,3.471904762,41.88790205,0.8272860654,300.8312965,10.9786726,0.03649444963,Sasanka Gylcerol and Oil,G-39.5mm
glycerol,80,45,39.5,2.75,25,400,400,4,3.46,3.471904762,41.88790205,0.8272860654,300.8312965,10.9786726,0.03649444963,Sasanka Gylcerol and Oil,G-39.5mm
glycerol,80,45,39.5,2.75,25,400,400,5,3.45,3.471904762,41.88790205,0.8272860654,300.8312965,10.9786726,0.03649444963,Sasanka Gylcerol and Oil,G-39.5mm
glycerol,80,45,39.5,2.75,25,400,400,6,3.46,3.471904762,41.88790205,0.8272860654,300.8312965,10.9786726,0.03649444963,Sasanka Gylcerol and Oil,G-39.5mm
glycerol,80,45,39.5,2.75,25,400,400,7,3.47,3.471904762,41.88790205,0.8272860654,300.8312965,10.9786726,0.03649444963,Sasanka Gylcerol and Oil,G-39.5mm
glycerol,80,45,39.5,2.75,25,400,400,8,3.49,3.471904762,41.88790205,0.8272860654,300.8312965,10.9786726,0.03649444963,Sasanka Gylcerol and Oil,G-39.5mm
glycerol,80,45,39.5,2.75,25,400,400,9,3.51,3.471904762,41.88790205,0.8272860654,300.8312965,10.9786726,0.03649444963,Sasanka Gylcerol and Oil,G-39.5mm
glycerol,80,45,39.5,2.75,25,400,400,10,3.49,3.471904762,41.88790205,0.8272860654,300.8312965,10.9786726,0.03649444963,Sasanka Gylcerol and Oil,G-39.5mm
glycerol,80,45,39.5,2.75,25,400,400,11,3.49,3.471904762,41.88790205,0.8272860654,300.8312965,10.9786726,0.03649444963,Sasanka Gylcerol and Oil,G-39.5mm
glycerol,80,45,39.5,2.75,25,400,400,12,3.5,3.471904762,41.88790205,0.8272860654,300.8312965,10.9786726,0.03649444963,Sasanka Gylcerol and Oil,G-39.5mm
glycerol,80,45,39.5,2.75,25,400,400,13,3.5,3.471904762,41.88790205,0.8272860654,300.8312965,10.9786726,0.03649444963,Sasanka Gylcerol and Oil,G-39.5mm
glycerol,80,45,39.5,2.75,25,400,400,14,3.5,3.471904762,41.88790205,0.8272860654,300.8312965,10.9786726,0.03649444963,Sasanka Gylcerol and Oil,G-39.5mm
glycerol,80,45,39.5,2.75,25,400,400,15,3.5,3.471904762,41.88790205,0.8272860654,300.8312965,10.9786726,0.03649444963,Sasanka Gylcerol and Oil,G-39.5mm
glycerol,80,45,39.5,2.75,25,400,400,16,3.5,3.471904762,41.88790205,0.8272860654,300.8312965,10.9786726,0.03649444963,Sasanka Gylcerol and Oil,G-39.5mm
glycerol,80,45,39.5,2.75,25,400,400,17,3.49,3.471904762,41.88790205,0.8272860654,300.8312965,10.9786726,0.03649444963,Sasanka Gylcerol and Oil,G-39.5mm
glycerol,80,45,39.5,2.75,25,400,400,18,3.49,3.471904762,41.88790205,0.8272860654,300.8312965,10.9786726,0.03649444963,Sasanka Gylcerol and Oil,G-39.5mm
glycerol,80,45,39.5,2.75,25,400,400,19,3.5,3.471904762,41.88790205,0.8272860654,300.8312965,10.9786726,0.03649444963,Sasanka Gylcerol and Oil,G-39.5mm
glycerol,80,45,39.5,2.75,25,400,400,20,3.47,3.471904762,41.88790205,0.8272860654,300.8312965,10.9786726,0.03649444963,Sasanka Gylcerol and Oil,G-39.5mm
glycerol,80,45,39.5,2.75,25,400,400,21,3.47,3.471904762,41.88790205,0.8272860654,300.8312965,10.9786726,0.03649444963,Sasanka Gylcerol and Oil,G-39.5mm
glycerol,80,45,40.5,2.25,25,140,140,1,1.6,1.62875,14.66076572,0.2968805058,131.9468915,5.023177578,0.03806969246,Sasanka Gylcerol and Oil,G-40.5mm
glycerol,80,45,40.5,2.25,25,140,140,2,1.61,1.62875,14.66076572,0.2968805058,131.9468915,5.023177578,0.03806969246,Sasanka Gylcerol and Oil,G-40.5mm
glycerol,80,45,40.5,2.25,25,140,140,3,1.61,1.62875,14.66076572,0.2968805058,131.9468915,5.023177578,0.03806969246,Sasanka Gylcerol and Oil,G-40.5mm
glycerol,80,45,40.5,2.25,25,140,140,4,1.61,1.62875,14.66076572,0.2968805058,131.9468915,5.023177578,0.03806969246,Sasanka Gylcerol and Oil,G-40.5mm
glycerol,80,45,40.5,2.25,25,140,140,5,1.61,1.62875,14.66076572,0.2968805058,131.9468915,5.023177578,0.03806969246,Sasanka Gylcerol and Oil,G-40.5mm
glycerol,80,45,40.5,2.25,25,140,140,6,1.61,1.62875,14.66076572,0.2968805058,131.9468915,5.023177578,0.03806969246,Sasanka Gylcerol and Oil,G-40.5mm
glycerol,80,45,40.5,2.25,25,140,140,7,1.61,1.62875,14.66076572,0.2968805058,131.9468915,5.023177578,0.03806969246,Sasanka Gylcerol and Oil,G-40.5mm
glycerol,80,45,40.5,2.25,25,140,140,8,1.6,1.62875,14.66076572,0.2968805058,131.9468915,5.023177578,0.03806969246,Sasanka Gylcerol and Oil,G-40.5mm
glycerol,80,45,40.5,2.25,25,140,140,9,1.62,1.62875,14.66076572,0.2968805058,131.9468915,5.023177578,0.03806969246,Sasanka Gylcerol and Oil,G-40.5mm
glycerol,80,45,40.5,2.25,25,140,140,10,1.64,1.62875,14.66076572,0.2968805058,131.9468915,5.023177578,0.03806969246,Sasanka Gylcerol and Oil,G-40.5mm
glycerol,80,45,40.5,2.25,25,140,140,11,1.65,1.62875,14.66076572,0.2968805058,131.9468915,5.023177578,0.03806969246,Sasanka Gylcerol and Oil,G-40.5mm
glycerol,80,45,40.5,2.25,25,140,140,12,1.64,1.62875,14.66076572,0.2968805058,131.9468915,5.023177578,0.03806969246,Sasanka Gylcerol and Oil,G-40.5mm
glycerol,80,45,40.5,2.25,25,140,140,13,1.64,1.62875,14.66076572,0.2968805058,131.9468915,5.023177578,0.03806969246,Sasanka Gylcerol and Oil,G-40.5mm
glycerol,80,45,40.5,2.25,25,140,140,14,1.67,1.62875,14.66076572,0.2968805058,131.9468915,5.023177578,0.03806969246,Sasanka Gylcerol and Oil,G-40.5mm
glycerol,80,45,40.5,2.25,25,140,140,15,1.67,1.62875,14.66076572,0.2968805058,131.9468915,5.023177578,0.03806969246,Sasanka Gylcerol and Oil,G-40.5mm
glycerol,80,45,40.5,2.25,25,140,140,16,1.67,1.62875,14.66076572,0.2968805058,131.9468915,5.023177578,0.03806969246,Sasanka Gylcerol and Oil,G-40.5mm
glycerol,80,45,40.5,2.25,25,160,160,1,1.7,1.892666667,16.75516082,0.3392920066,150.7964474,5.83711482,0.03870856988,Sasanka Gylcerol and Oil,G-40.5mm
glycerol,80,45,40.5,2.25,25,160,160,2,1.8,1.892666667,16.75516082,0.3392920066,150.7964474,5.83711482,0.03870856988,Sasanka Gylcerol and Oil,G-40.5mm
glycerol,80,45,40.5,2.25,25,160,160,3,1.87,1.892666667,16.75516082,0.3392920066,150.7964474,5.83711482,0.03870856988,Sasanka Gylcerol and Oil,G-40.5mm
glycerol,80,45,40.5,2.25,25,160,160,4,1.87,1.892666667,16.75516082,0.3392920066,150.7964474,5.83711482,0.03870856988,Sasanka Gylcerol and Oil,G-40.5mm
glycerol,80,45,40.5,2.25,25,160,160,5,1.87,1.892666667,16.75516082,0.3392920066,150.7964474,5.83711482,0.03870856988,Sasanka Gylcerol and Oil,G-40.5mm
glycerol,80,45,40.5,2.25,25,160,160,6,1.88,1.892666667,16.75516082,0.3392920066,150.7964474,5.83711482,0.03870856988,Sasanka Gylcerol and Oil,G-40.5mm
glycerol,80,45,40.5,2.25,25,160,160,7,1.9,1.892666667,16.75516082,0.3392920066,150.7964474,5.83711482,0.03870856988,Sasanka Gylcerol and Oil,G-40.5mm
glycerol,80,45,40.5,2.25,25,160,160,8,1.92,1.892666667,16.75516082,0.3392920066,150.7964474,5.83711482,0.03870856988,Sasanka Gylcerol and Oil,G-40.5mm
glycerol,80,45,40.5,2.25,25,160,160,9,1.91,1.892666667,16.75516082,0.3392920066,150.7964474,5.83711482,0.03870856988,Sasanka Gylcerol and Oil,G-40.5mm
glycerol,80,45,40.5,2.25,25,160,160,10,1.92,1.892666667,16.75516082,0.3392920066,150.7964474,5.83711482,0.03870856988,Sasanka Gylcerol and Oil,G-40.5mm
glycerol,80,45,40.5,2.25,25,160,160,11,1.93,1.892666667,16.75516082,0.3392920066,150.7964474,5.83711482,0.03870856988,Sasanka Gylcerol and Oil,G-40.5mm
glycerol,80,45,40.5,2.25,25,160,160,12,1.95,1.892666667,16.75516082,0.3392920066,150.7964474,5.83711482,0.03870856988,Sasanka Gylcerol and Oil,G-40.5mm
glycerol,80,45,40.5,2.25,25,160,160,13,1.96,1.892666667,16.75516082,0.3392920066,150.7964474,5.83711482,0.03870856988,Sasanka Gylcerol and Oil,G-40.5mm
glycerol,80,45,40.5,2.25,25,160,160,14,1.96,1.892666667,16.75516082,0.3392920066,150.7964474,5.83711482,0.03870856988,Sasanka Gylcerol and Oil,G-40.5mm
glycerol,80,45,40.5,2.25,25,160,160,15,1.95,1.892666667,16.75516082,0.3392920066,150.7964474,5.83711482,0.03870856988,Sasanka Gylcerol and Oil,G-40.5mm
glycerol,80,45,40.5,2.25,25,180,180,1,1.96,2.186666667,18.84955592,0.3817035074,169.6460033,6.743831141,0.03975237265,Sasanka Gylcerol and Oil,G-40.5mm
glycerol,80,45,40.5,2.25,25,180,180,2,2.07,2.186666667,18.84955592,0.3817035074,169.6460033,6.743831141,0.03975237265,Sasanka Gylcerol and Oil,G-40.5mm
glycerol,80,45,40.5,2.25,25,180,180,3,2.17,2.186666667,18.84955592,0.3817035074,169.6460033,6.743831141,0.03975237265,Sasanka Gylcerol and Oil,G-40.5mm
glycerol,80,45,40.5,2.25,25,180,180,4,2.17,2.186666667,18.84955592,0.3817035074,169.6460033,6.743831141,0.03975237265,Sasanka Gylcerol and Oil,G-40.5mm
glycerol,80,45,40.5,2.25,25,180,180,5,2.19,2.186666667,18.84955592,0.3817035074,169.6460033,6.743831141,0.03975237265,Sasanka Gylcerol and Oil,G-40.5mm
glycerol,80,45,40.5,2.25,25,180,180,6,2.2,2.186666667,18.84955592,0.3817035074,169.6460033,6.743831141,0.03975237265,Sasanka Gylcerol and Oil,G-40.5mm
glycerol,80,45,40.5,2.25,25,180,180,7,2.22,2.186666667,18.84955592,0.3817035074,169.6460033,6.743831141,0.03975237265,Sasanka Gylcerol and Oil,G-40.5mm
glycerol,80,45,40.5,2.25,25,180,180,8,2.21,2.186666667,18.84955592,0.3817035074,169.6460033,6.743831141,0.03975237265,Sasanka Gylcerol and Oil,G-40.5mm
glycerol,80,45,40.5,2.25,25,180,180,9,2.2,2.186666667,18.84955592,0.3817035074,169.6460033,6.743831141,0.03975237265,Sasanka Gylcerol and Oil,G-40.5mm
glycerol,80,45,40.5,2.25,25,180,180,10,2.22,2.186666667,18.84955592,0.3817035074,169.6460033,6.743831141,0.03975237265,Sasanka Gylcerol and Oil,G-40.5mm
glycerol,80,45,40.5,2.25,25,180,180,11,2.2,2.186666667,18.84955592,0.3817035074,169.6460033,6.743831141,0.03975237265,Sasanka Gylcerol and Oil,G-40.5mm
glycerol,80,45,40.5,2.25,25,180,180,12,2.21,2.186666667,18.84955592,0.3817035074,169.6460033,6.743831141,0.03975237265,Sasanka Gylcerol and Oil,G-40.5mm
glycerol,80,45,40.5,2.25,25,180,180,13,2.22,2.186666667,18.84955592,0.3817035074,169.6460033,6.743831141,0.03975237265,Sasanka Gylcerol and Oil,G-40.5mm
glycerol,80,45,40.5,2.25,25,180,180,14,2.21,2.186666667,18.84955592,0.3817035074,169.6460033,6.743831141,0.03975237265,Sasanka Gylcerol and Oil,G-40.5mm
glycerol,80,45,40.5,2.25,25,180,180,15,2.23,2.186666667,18.84955592,0.3817035074,169.6460033,6.743831141,0.03975237265,Sasanka Gylcerol and Oil,G-40.5mm
glycerol,80,45,40.5,2.25,25,180,180,16,2.22,2.186666667,18.84955592,0.3817035074,169.6460033,6.743831141,0.03975237265,Sasanka Gylcerol and Oil,G-40.5mm
glycerol,80,45,40.5,2.25,25,180,180,17,2.23,2.186666667,18.84955592,0.3817035074,169.6460033,6.743831141,0.03975237265,Sasanka Gylcerol and Oil,G-40.5mm
glycerol,80,45,40.5,2.25,25,180,180,18,2.23,2.186666667,18.84955592,0.3817035074,169.6460033,6.743831141,0.03975237265,Sasanka Gylcerol and Oil,G-40.5mm
glycerol,80,45,40.5,2.25,25,200,200,1,2.23,2.455333333,20.94395102,0.4241150082,188.4955592,7.572417711,0.04017292366,Sasanka Gylcerol and Oil,G-40.5mm
glycerol,80,45,40.5,2.25,25,200,200,2,2.33,2.455333333,20.94395102,0.4241150082,188.4955592,7.572417711,0.04017292366,Sasanka Gylcerol and Oil,G-40.5mm
glycerol,80,45,40.5,2.25,25,200,200,3,2.45,2.455333333,20.94395102,0.4241150082,188.4955592,7.572417711,0.04017292366,Sasanka Gylcerol and Oil,G-40.5mm
glycerol,80,45,40.5,2.25,25,200,200,4,2.45,2.455333333,20.94395102,0.4241150082,188.4955592,7.572417711,0.04017292366,Sasanka Gylcerol and Oil,G-40.5mm
glycerol,80,45,40.5,2.25,25,200,200,5,2.47,2.455333333,20.94395102,0.4241150082,188.4955592,7.572417711,0.04017292366,Sasanka Gylcerol and Oil,G-40.5mm
glycerol,80,45,40.5,2.25,25,200,200,6,2.46,2.455333333,20.94395102,0.4241150082,188.4955592,7.572417711,0.04017292366,Sasanka Gylcerol and Oil,G-40.5mm
glycerol,80,45,40.5,2.25,25,200,200,7,2.48,2.455333333,20.94395102,0.4241150082,188.4955592,7.572417711,0.04017292366,Sasanka Gylcerol and Oil,G-40.5mm
glycerol,80,45,40.5,2.25,25,200,200,8,2.47,2.455333333,20.94395102,0.4241150082,188.4955592,7.572417711,0.04017292366,Sasanka Gylcerol and Oil,G-40.5mm
glycerol,80,45,40.5,2.25,25,200,200,9,2.49,2.455333333,20.94395102,0.4241150082,188.4955592,7.572417711,0.04017292366,Sasanka Gylcerol and Oil,G-40.5mm
glycerol,80,45,40.5,2.25,25,200,200,10,2.5,2.455333333,20.94395102,0.4241150082,188.4955592,7.572417711,0.04017292366,Sasanka Gylcerol and Oil,G-40.5mm
glycerol,80,45,40.5,2.25,25,200,200,11,2.5,2.455333333,20.94395102,0.4241150082,188.4955592,7.572417711,0.04017292366,Sasanka Gylcerol and Oil,G-40.5mm
glycerol,80,45,40.5,2.25,25,200,200,12,2.5,2.455333333,20.94395102,0.4241150082,188.4955592,7.572417711,0.04017292366,Sasanka Gylcerol and Oil,G-40.5mm
glycerol,80,45,40.5,2.25,25,200,200,13,2.5,2.455333333,20.94395102,0.4241150082,188.4955592,7.572417711,0.04017292366,Sasanka Gylcerol and Oil,G-40.5mm
glycerol,80,45,40.5,2.25,25,200,200,14,2.5,2.455333333,20.94395102,0.4241150082,188.4955592,7.572417711,0.04017292366,Sasanka Gylcerol and Oil,G-40.5mm
glycerol,80,45,40.5,2.25,25,200,200,15,2.5,2.455333333,20.94395102,0.4241150082,188.4955592,7.572417711,0.04017292366,Sasanka Gylcerol and Oil,G-40.5mm
glycerol,80,45,40.5,2.25,25,220,220,1,2.51,2.726842105,23.03834613,0.4665265091,207.3451151,8.409769531,0.04055928458,Sasanka Gylcerol and Oil,G-40.5mm
glycerol,80,45,40.5,2.25,25,220,220,2,2.62,2.726842105,23.03834613,0.4665265091,207.3451151,8.409769531,0.04055928458,Sasanka Gylcerol and Oil,G-40.5mm
glycerol,80,45,40.5,2.25,25,220,220,3,2.7,2.726842105,23.03834613,0.4665265091,207.3451151,8.409769531,0.04055928458,Sasanka Gylcerol and Oil,G-40.5mm
glycerol,80,45,40.5,2.25,25,220,220,4,2.71,2.726842105,23.03834613,0.4665265091,207.3451151,8.409769531,0.04055928458,Sasanka Gylcerol and Oil,G-40.5mm
glycerol,80,45,40.5,2.25,25,220,220,5,2.72,2.726842105,23.03834613,0.4665265091,207.3451151,8.409769531,0.04055928458,Sasanka Gylcerol and Oil,G-40.5mm
glycerol,80,45,40.5,2.25,25,220,220,6,2.74,2.726842105,23.03834613,0.4665265091,207.3451151,8.409769531,0.04055928458,Sasanka Gylcerol and Oil,G-40.5mm
glycerol,80,45,40.5,2.25,25,220,220,7,2.74,2.726842105,23.03834613,0.4665265091,207.3451151,8.409769531,0.04055928458,Sasanka Gylcerol and Oil,G-40.5mm
glycerol,80,45,40.5,2.25,25,220,220,8,2.74,2.726842105,23.03834613,0.4665265091,207.3451151,8.409769531,0.04055928458,Sasanka Gylcerol and Oil,G-40.5mm
glycerol,80,45,40.5,2.25,25,220,220,9,2.74,2.726842105,23.03834613,0.4665265091,207.3451151,8.409769531,0.04055928458,Sasanka Gylcerol and Oil,G-40.5mm
glycerol,80,45,40.5,2.25,25,220,220,10,2.75,2.726842105,23.03834613,0.4665265091,207.3451151,8.409769531,0.04055928458,Sasanka Gylcerol and Oil,G-40.5mm
glycerol,80,45,40.5,2.25,25,220,220,11,2.75,2.726842105,23.03834613,0.4665265091,207.3451151,8.409769531,0.04055928458,Sasanka Gylcerol and Oil,G-40.5mm
glycerol,80,45,40.5,2.25,25,220,220,12,2.74,2.726842105,23.03834613,0.4665265091,207.3451151,8.409769531,0.04055928458,Sasanka Gylcerol and Oil,G-40.5mm
glycerol,80,45,40.5,2.25,25,220,220,13,2.76,2.726842105,23.03834613,0.4665265091,207.3451151,8.409769531,0.04055928458,Sasanka Gylcerol and Oil,G-40.5mm
glycerol,80,45,40.5,2.25,25,220,220,14,2.76,2.726842105,23.03834613,0.4665265091,207.3451151,8.409769531,0.04055928458,Sasanka Gylcerol and Oil,G-40.5mm
glycerol,80,45,40.5,2.25,25,220,220,15,2.77,2.726842105,23.03834613,0.4665265091,207.3451151,8.409769531,0.04055928458,Sasanka Gylcerol and Oil,G-40.5mm
glycerol,80,45,40.5,2.25,25,220,220,16,2.77,2.726842105,23.03834613,0.4665265091,207.3451151,8.409769531,0.04055928458,Sasanka Gylcerol and Oil,G-40.5mm
glycerol,80,45,40.5,2.25,25,220,220,17,2.77,2.726842105,23.03834613,0.4665265091,207.3451151,8.409769531,0.04055928458,Sasanka Gylcerol and Oil,G-40.5mm
glycerol,80,45,40.5,2.25,25,220,220,18,2.76,2.726842105,23.03834613,0.4665265091,207.3451151,8.409769531,0.04055928458,Sasanka Gylcerol and Oil,G-40.5mm
glycerol,80,45,40.5,2.25,25,220,220,19,2.76,2.726842105,23.03834613,0.4665265091,207.3451151,8.409769531,0.04055928458,Sasanka Gylcerol and Oil,G-40.5mm
glycerol,80,45,40.5,2.25,25,240,240,1,2.83,2.959333333,25.13274123,0.5089380099,226.1946711,9.126788548,0.04034926422,Sasanka Gylcerol and Oil,G-40.5mm
glycerol,80,45,40.5,2.25,25,240,240,2,2.95,2.959333333,25.13274123,0.5089380099,226.1946711,9.126788548,0.04034926422,Sasanka Gylcerol and Oil,G-40.5mm
glycerol,80,45,40.5,2.25,25,240,240,3,2.97,2.959333333,25.13274123,0.5089380099,226.1946711,9.126788548,0.04034926422,Sasanka Gylcerol and Oil,G-40.5mm
glycerol,80,45,40.5,2.25,25,240,240,4,2.96,2.959333333,25.13274123,0.5089380099,226.1946711,9.126788548,0.04034926422,Sasanka Gylcerol and Oil,G-40.5mm
glycerol,80,45,40.5,2.25,25,240,240,5,2.97,2.959333333,25.13274123,0.5089380099,226.1946711,9.126788548,0.04034926422,Sasanka Gylcerol and Oil,G-40.5mm
glycerol,80,45,40.5,2.25,25,240,240,6,2.99,2.959333333,25.13274123,0.5089380099,226.1946711,9.126788548,0.04034926422,Sasanka Gylcerol and Oil,G-40.5mm
glycerol,80,45,40.5,2.25,25,240,240,7,2.97,2.959333333,25.13274123,0.5089380099,226.1946711,9.126788548,0.04034926422,Sasanka Gylcerol and Oil,G-40.5mm
glycerol,80,45,40.5,2.25,25,240,240,8,2.95,2.959333333,25.13274123,0.5089380099,226.1946711,9.126788548,0.04034926422,Sasanka Gylcerol and Oil,G-40.5mm
glycerol,80,45,40.5,2.25,25,240,240,9,2.96,2.959333333,25.13274123,0.5089380099,226.1946711,9.126788548,0.04034926422,Sasanka Gylcerol and Oil,G-40.5mm
glycerol,80,45,40.5,2.25,25,240,240,10,2.99,2.959333333,25.13274123,0.5089380099,226.1946711,9.126788548,0.04034926422,Sasanka Gylcerol and Oil,G-40.5mm
glycerol,80,45,40.5,2.25,25,240,240,11,2.98,2.959333333,25.13274123,0.5089380099,226.1946711,9.126788548,0.04034926422,Sasanka Gylcerol and Oil,G-40.5mm
glycerol,80,45,40.5,2.25,25,240,240,12,2.96,2.959333333,25.13274123,0.5089380099,226.1946711,9.126788548,0.04034926422,Sasanka Gylcerol and Oil,G-40.5mm
glycerol,80,45,40.5,2.25,25,240,240,13,2.96,2.959333333,25.13274123,0.5089380099,226.1946711,9.126788548,0.04034926422,Sasanka Gylcerol and Oil,G-40.5mm
glycerol,80,45,40.5,2.25,25,240,240,14,2.98,2.959333333,25.13274123,0.5089380099,226.1946711,9.126788548,0.04034926422,Sasanka Gylcerol and Oil,G-40.5mm
glycerol,80,45,40.5,2.25,25,240,240,15,2.97,2.959333333,25.13274123,0.5089380099,226.1946711,9.126788548,0.04034926422,Sasanka Gylcerol and Oil,G-40.5mm
glycerol,80,45,40.5,2.25,25,260,260,1,2.97,3.182666667,27.22713633,0.5513495107,245.044227,9.815563984,0.04005629557,Sasanka Gylcerol and Oil,G-40.5mm
glycerol,80,45,40.5,2.25,25,260,260,2,3.12,3.182666667,27.22713633,0.5513495107,245.044227,9.815563984,0.04005629557,Sasanka Gylcerol and Oil,G-40.5mm
glycerol,80,45,40.5,2.25,25,260,260,3,3.19,3.182666667,27.22713633,0.5513495107,245.044227,9.815563984,0.04005629557,Sasanka Gylcerol and Oil,G-40.5mm
glycerol,80,45,40.5,2.25,25,260,260,4,3.2,3.182666667,27.22713633,0.5513495107,245.044227,9.815563984,0.04005629557,Sasanka Gylcerol and Oil,G-40.5mm
glycerol,80,45,40.5,2.25,25,260,260,5,3.19,3.182666667,27.22713633,0.5513495107,245.044227,9.815563984,0.04005629557,Sasanka Gylcerol and Oil,G-40.5mm
glycerol,80,45,40.5,2.25,25,260,260,6,3.19,3.182666667,27.22713633,0.5513495107,245.044227,9.815563984,0.04005629557,Sasanka Gylcerol and Oil,G-40.5mm
glycerol,80,45,40.5,2.25,25,260,260,7,3.2,3.182666667,27.22713633,0.5513495107,245.044227,9.815563984,0.04005629557,Sasanka Gylcerol and Oil,G-40.5mm
glycerol,80,45,40.5,2.25,25,260,260,8,3.21,3.182666667,27.22713633,0.5513495107,245.044227,9.815563984,0.04005629557,Sasanka Gylcerol and Oil,G-40.5mm
glycerol,80,45,40.5,2.25,25,260,260,9,3.2,3.182666667,27.22713633,0.5513495107,245.044227,9.815563984,0.04005629557,Sasanka Gylcerol and Oil,G-40.5mm
glycerol,80,45,40.5,2.25,25,260,260,10,3.21,3.182666667,27.22713633,0.5513495107,245.044227,9.815563984,0.04005629557,Sasanka Gylcerol and Oil,G-40.5mm
glycerol,80,45,40.5,2.25,25,260,260,11,3.21,3.182666667,27.22713633,0.5513495107,245.044227,9.815563984,0.04005629557,Sasanka Gylcerol and Oil,G-40.5mm
glycerol,80,45,40.5,2.25,25,260,260,12,3.22,3.182666667,27.22713633,0.5513495107,245.044227,9.815563984,0.04005629557,Sasanka Gylcerol and Oil,G-40.5mm
glycerol,80,45,40.5,2.25,25,260,260,13,3.22,3.182666667,27.22713633,0.5513495107,245.044227,9.815563984,0.04005629557,Sasanka Gylcerol and Oil,G-40.5mm
glycerol,80,45,40.5,2.25,25,260,260,14,3.21,3.182666667,27.22713633,0.5513495107,245.044227,9.815563984,0.04005629557,Sasanka Gylcerol and Oil,G-40.5mm
glycerol,80,45,40.5,2.25,25,260,260,15,3.2,3.182666667,27.22713633,0.5513495107,245.044227,9.815563984,0.04005629557,Sasanka Gylcerol and Oil,G-40.5mm
glycerol,80,45,40.5,2.25,25,280,280,1,3.21,3.406666667,29.32153143,0.5937610115,263.8937829,10.50639547,0.03981297078,Sasanka Gylcerol and Oil,G-40.5mm
glycerol,80,45,40.5,2.25,25,280,280,2,3.35,3.406666667,29.32153143,0.5937610115,263.8937829,10.50639547,0.03981297078,Sasanka Gylcerol and Oil,G-40.5mm
glycerol,80,45,40.5,2.25,25,280,280,3,3.43,3.406666667,29.32153143,0.5937610115,263.8937829,10.50639547,0.03981297078,Sasanka Gylcerol and Oil,G-40.5mm
glycerol,80,45,40.5,2.25,25,280,280,4,3.43,3.406666667,29.32153143,0.5937610115,263.8937829,10.50639547,0.03981297078,Sasanka Gylcerol and Oil,G-40.5mm
glycerol,80,45,40.5,2.25,25,280,280,5,3.44,3.406666667,29.32153143,0.5937610115,263.8937829,10.50639547,0.03981297078,Sasanka Gylcerol and Oil,G-40.5mm
glycerol,80,45,40.5,2.25,25,280,280,6,3.45,3.406666667,29.32153143,0.5937610115,263.8937829,10.50639547,0.03981297078,Sasanka Gylcerol and Oil,G-40.5mm
glycerol,80,45,40.5,2.25,25,280,280,7,3.45,3.406666667,29.32153143,0.5937610115,263.8937829,10.50639547,0.03981297078,Sasanka Gylcerol and Oil,G-40.5mm
glycerol,80,45,40.5,2.25,25,280,280,8,3.44,3.406666667,29.32153143,0.5937610115,263.8937829,10.50639547,0.03981297078,Sasanka Gylcerol and Oil,G-40.5mm
glycerol,80,45,40.5,2.25,25,280,280,9,3.43,3.406666667,29.32153143,0.5937610115,263.8937829,10.50639547,0.03981297078,Sasanka Gylcerol and Oil,G-40.5mm
glycerol,80,45,40.5,2.25,25,280,280,10,3.41,3.406666667,29.32153143,0.5937610115,263.8937829,10.50639547,0.03981297078,Sasanka Gylcerol and Oil,G-40.5mm
glycerol,80,45,40.5,2.25,25,280,280,11,3.4,3.406666667,29.32153143,0.5937610115,263.8937829,10.50639547,0.03981297078,Sasanka Gylcerol and Oil,G-40.5mm
glycerol,80,45,40.5,2.25,25,280,280,12,3.41,3.406666667,29.32153143,0.5937610115,263.8937829,10.50639547,0.03981297078,Sasanka Gylcerol and Oil,G-40.5mm
glycerol,80,45,40.5,2.25,25,280,280,13,3.43,3.406666667,29.32153143,0.5937610115,263.8937829,10.50639547,0.03981297078,Sasanka Gylcerol and Oil,G-40.5mm
glycerol,80,45,40.5,2.25,25,280,280,14,3.41,3.406666667,29.32153143,0.5937610115,263.8937829,10.50639547,0.03981297078,Sasanka Gylcerol and Oil,G-40.5mm
glycerol,80,45,40.5,2.25,25,280,280,15,3.41,3.406666667,29.32153143,0.5937610115,263.8937829,10.50639547,0.03981297078,Sasanka Gylcerol and Oil,G-40.5mm
glycerol,80,45,40.5,2.25,25,300,300,1,3.44,3.587857143,31.41592654,0.6361725124,282.7433388,11.06519942,0.03913513742,Sasanka Gylcerol and Oil,G-40.5mm
glycerol,80,45,40.5,2.25,25,300,300,2,3.59,3.587857143,31.41592654,0.6361725124,282.7433388,11.06519942,0.03913513742,Sasanka Gylcerol and Oil,G-40.5mm
glycerol,80,45,40.5,2.25,25,300,300,3,3.6,3.587857143,31.41592654,0.6361725124,282.7433388,11.06519942,0.03913513742,Sasanka Gylcerol and Oil,G-40.5mm
glycerol,80,45,40.5,2.25,25,300,300,4,3.6,3.587857143,31.41592654,0.6361725124,282.7433388,11.06519942,0.03913513742,Sasanka Gylcerol and Oil,G-40.5mm
glycerol,80,45,40.5,2.25,25,300,300,5,3.6,3.587857143,31.41592654,0.6361725124,282.7433388,11.06519942,0.03913513742,Sasanka Gylcerol and Oil,G-40.5mm
glycerol,80,45,40.5,2.25,25,300,300,6,3.6,3.587857143,31.41592654,0.6361725124,282.7433388,11.06519942,0.03913513742,Sasanka Gylcerol and Oil,G-40.5mm
glycerol,80,45,40.5,2.25,25,300,300,7,3.6,3.587857143,31.41592654,0.6361725124,282.7433388,11.06519942,0.03913513742,Sasanka Gylcerol and Oil,G-40.5mm
glycerol,80,45,40.5,2.25,25,300,300,8,3.6,3.587857143,31.41592654,0.6361725124,282.7433388,11.06519942,0.03913513742,Sasanka Gylcerol and Oil,G-40.5mm
glycerol,80,45,40.5,2.25,25,300,300,9,3.6,3.587857143,31.41592654,0.6361725124,282.7433388,11.06519942,0.03913513742,Sasanka Gylcerol and Oil,G-40.5mm
glycerol,80,45,40.5,2.25,25,300,300,10,3.61,3.587857143,31.41592654,0.6361725124,282.7433388,11.06519942,0.03913513742,Sasanka Gylcerol and Oil,G-40.5mm
glycerol,80,45,40.5,2.25,25,300,300,11,3.59,3.587857143,31.41592654,0.6361725124,282.7433388,11.06519942,0.03913513742,Sasanka Gylcerol and Oil,G-40.5mm
glycerol,80,45,40.5,2.25,25,300,300,12,3.6,3.587857143,31.41592654,0.6361725124,282.7433388,11.06519942,0.03913513742,Sasanka Gylcerol and Oil,G-40.5mm
glycerol,80,45,40.5,2.25,25,300,300,13,3.6,3.587857143,31.41592654,0.6361725124,282.7433388,11.06519942,0.03913513742,Sasanka Gylcerol and Oil,G-40.5mm
glycerol,80,45,40.5,2.25,25,300,300,14,3.6,3.587857143,31.41592654,0.6361725124,282.7433388,11.06519942,0.03913513742,Sasanka Gylcerol and Oil,G-40.5mm
glycerol,80,45,40.5,2.25,25,320,320,1,3.61,3.771333333,33.51032164,0.6785840132,301.5928947,11.63105267,0.0385654068,Sasanka Gylcerol and Oil,G-40.5mm
glycerol,80,45,40.5,2.25,25,320,320,2,3.71,3.771333333,33.51032164,0.6785840132,301.5928947,11.63105267,0.0385654068,Sasanka Gylcerol and Oil,G-40.5mm
glycerol,80,45,40.5,2.25,25,320,320,3,3.81,3.771333333,33.51032164,0.6785840132,301.5928947,11.63105267,0.0385654068,Sasanka Gylcerol and Oil,G-40.5mm
glycerol,80,45,40.5,2.25,25,320,320,4,3.8,3.771333333,33.51032164,0.6785840132,301.5928947,11.63105267,0.0385654068,Sasanka Gylcerol and Oil,G-40.5mm
glycerol,80,45,40.5,2.25,25,320,320,5,3.8,3.771333333,33.51032164,0.6785840132,301.5928947,11.63105267,0.0385654068,Sasanka Gylcerol and Oil,G-40.5mm
glycerol,80,45,40.5,2.25,25,320,320,6,3.81,3.771333333,33.51032164,0.6785840132,301.5928947,11.63105267,0.0385654068,Sasanka Gylcerol and Oil,G-40.5mm
glycerol,80,45,40.5,2.25,25,320,320,7,3.8,3.771333333,33.51032164,0.6785840132,301.5928947,11.63105267,0.0385654068,Sasanka Gylcerol and Oil,G-40.5mm
glycerol,80,45,40.5,2.25,25,320,320,8,3.79,3.771333333,33.51032164,0.6785840132,301.5928947,11.63105267,0.0385654068,Sasanka Gylcerol and Oil,G-40.5mm
glycerol,80,45,40.5,2.25,25,320,320,9,3.78,3.771333333,33.51032164,0.6785840132,301.5928947,11.63105267,0.0385654068,Sasanka Gylcerol and Oil,G-40.5mm
glycerol,80,45,40.5,2.25,25,320,320,10,3.78,3.771333333,33.51032164,0.6785840132,301.5928947,11.63105267,0.0385654068,Sasanka Gylcerol and Oil,G-40.5mm
glycerol,80,45,40.5,2.25,25,320,320,11,3.77,3.771333333,33.51032164,0.6785840132,301.5928947,11.63105267,0.0385654068,Sasanka Gylcerol and Oil,G-40.5mm
glycerol,80,45,40.5,2.25,25,320,320,12,3.79,3.771333333,33.51032164,0.6785840132,301.5928947,11.63105267,0.0385654068,Sasanka Gylcerol and Oil,G-40.5mm
glycerol,80,45,40.5,2.25,25,320,320,13,3.79,3.771333333,33.51032164,0.6785840132,301.5928947,11.63105267,0.0385654068,Sasanka Gylcerol and Oil,G-40.5mm
glycerol,80,45,40.5,2.25,25,320,320,14,3.77,3.771333333,33.51032164,0.6785840132,301.5928947,11.63105267,0.0385654068,Sasanka Gylcerol and Oil,G-40.5mm
glycerol,80,45,40.5,2.25,25,320,320,15,3.76,3.771333333,33.51032164,0.6785840132,301.5928947,11.63105267,0.0385654068,Sasanka Gylcerol and Oil,G-40.5mm
glycerol,80,45,40.5,2.25,25,340,340,1,3.78,3.975,35.60471674,0.720995514,320.4424507,12.25917475,0.0382570247,Sasanka Gylcerol and Oil,G-40.5mm
glycerol,80,45,40.5,2.25,25,340,340,2,3.91,3.975,35.60471674,0.720995514,320.4424507,12.25917475,0.0382570247,Sasanka Gylcerol and Oil,G-40.5mm
glycerol,80,45,40.5,2.25,25,340,340,3,3.96,3.975,35.60471674,0.720995514,320.4424507,12.25917475,0.0382570247,Sasanka Gylcerol and Oil,G-40.5mm
glycerol,80,45,40.5,2.25,25,340,340,4,3.95,3.975,35.60471674,0.720995514,320.4424507,12.25917475,0.0382570247,Sasanka Gylcerol and Oil,G-40.5mm
glycerol,80,45,40.5,2.25,25,340,340,5,3.97,3.975,35.60471674,0.720995514,320.4424507,12.25917475,0.0382570247,Sasanka Gylcerol and Oil,G-40.5mm
glycerol,80,45,40.5,2.25,25,340,340,6,3.98,3.975,35.60471674,0.720995514,320.4424507,12.25917475,0.0382570247,Sasanka Gylcerol and Oil,G-40.5mm
glycerol,80,45,40.5,2.25,25,340,340,7,4,3.975,35.60471674,0.720995514,320.4424507,12.25917475,0.0382570247,Sasanka Gylcerol and Oil,G-40.5mm
glycerol,80,45,40.5,2.25,25,340,340,8,4,3.975,35.60471674,0.720995514,320.4424507,12.25917475,0.0382570247,Sasanka Gylcerol and Oil,G-40.5mm
glycerol,80,45,40.5,2.25,25,340,340,9,4.02,3.975,35.60471674,0.720995514,320.4424507,12.25917475,0.0382570247,Sasanka Gylcerol and Oil,G-40.5mm
glycerol,80,45,40.5,2.25,25,340,340,10,4.01,3.975,35.60471674,0.720995514,320.4424507,12.25917475,0.0382570247,Sasanka Gylcerol and Oil,G-40.5mm
glycerol,80,45,40.5,2.25,25,340,340,11,4,3.975,35.60471674,0.720995514,320.4424507,12.25917475,0.0382570247,Sasanka Gylcerol and Oil,G-40.5mm
glycerol,80,45,40.5,2.25,25,340,340,12,4.01,3.975,35.60471674,0.720995514,320.4424507,12.25917475,0.0382570247,Sasanka Gylcerol and Oil,G-40.5mm
glycerol,80,45,40.5,2.25,25,340,340,13,4,3.975,35.60471674,0.720995514,320.4424507,12.25917475,0.0382570247,Sasanka Gylcerol and Oil,G-40.5mm
glycerol,80,45,40.5,2.25,25,340,340,14,4,3.975,35.60471674,0.720995514,320.4424507,12.25917475,0.0382570247,Sasanka Gylcerol and Oil,G-40.5mm
glycerol,80,45,40.5,2.25,25,340,340,15,4,3.975,35.60471674,0.720995514,320.4424507,12.25917475,0.0382570247,Sasanka Gylcerol and Oil,G-40.5mm
glycerol,80,45,40.5,2.25,25,340,340,16,4.01,3.975,35.60471674,0.720995514,320.4424507,12.25917475,0.0382570247,Sasanka Gylcerol and Oil,G-40.5mm
glycerol,80,45,40.5,2.25,25,360,360,1,4.08,4.154,37.69911184,0.7634070148,339.2920066,12.81122312,0.0377586942,Sasanka Gylcerol and Oil,G-40.5mm
glycerol,80,45,40.5,2.25,25,360,360,2,4.19,4.154,37.69911184,0.7634070148,339.2920066,12.81122312,0.0377586942,Sasanka Gylcerol and Oil,G-40.5mm
glycerol,80,45,40.5,2.25,25,360,360,3,4.18,4.154,37.69911184,0.7634070148,339.2920066,12.81122312,0.0377586942,Sasanka Gylcerol and Oil,G-40.5mm
glycerol,80,45,40.5,2.25,25,360,360,4,4.18,4.154,37.69911184,0.7634070148,339.2920066,12.81122312,0.0377586942,Sasanka Gylcerol and Oil,G-40.5mm
glycerol,80,45,40.5,2.25,25,360,360,5,4.16,4.154,37.69911184,0.7634070148,339.2920066,12.81122312,0.0377586942,Sasanka Gylcerol and Oil,G-40.5mm
glycerol,80,45,40.5,2.25,25,360,360,6,4.15,4.154,37.69911184,0.7634070148,339.2920066,12.81122312,0.0377586942,Sasanka Gylcerol and Oil,G-40.5mm
glycerol,80,45,40.5,2.25,25,360,360,7,4.18,4.154,37.69911184,0.7634070148,339.2920066,12.81122312,0.0377586942,Sasanka Gylcerol and Oil,G-40.5mm
glycerol,80,45,40.5,2.25,25,360,360,8,4.19,4.154,37.69911184,0.7634070148,339.2920066,12.81122312,0.0377586942,Sasanka Gylcerol and Oil,G-40.5mm
glycerol,80,45,40.5,2.25,25,360,360,9,4.16,4.154,37.69911184,0.7634070148,339.2920066,12.81122312,0.0377586942,Sasanka Gylcerol and Oil,G-40.5mm
glycerol,80,45,40.5,2.25,25,360,360,10,4.15,4.154,37.69911184,0.7634070148,339.2920066,12.81122312,0.0377586942,Sasanka Gylcerol and Oil,G-40.5mm
glycerol,80,45,40.5,2.25,25,360,360,11,4.14,4.154,37.69911184,0.7634070148,339.2920066,12.81122312,0.0377586942,Sasanka Gylcerol and Oil,G-40.5mm
glycerol,80,45,40.5,2.25,25,360,360,12,4.13,4.154,37.69911184,0.7634070148,339.2920066,12.81122312,0.0377586942,Sasanka Gylcerol and Oil,G-40.5mm
glycerol,80,45,40.5,2.25,25,360,360,13,4.13,4.154,37.69911184,0.7634070148,339.2920066,12.81122312,0.0377586942,Sasanka Gylcerol and Oil,G-40.5mm
glycerol,80,45,40.5,2.25,25,360,360,14,4.14,4.154,37.69911184,0.7634070148,339.2920066,12.81122312,0.0377586942,Sasanka Gylcerol and Oil,G-40.5mm
glycerol,80,45,40.5,2.25,25,360,360,15,4.15,4.154,37.69911184,0.7634070148,339.2920066,12.81122312,0.0377586942,Sasanka Gylcerol and Oil,G-40.5mm
glycerol,80,45,40.5,2.25,25,380,380,1,4.23,4.3525,39.79350695,0.8058185156,358.1415625,13.42341084,0.03748074015,Sasanka Gylcerol and Oil,G-40.5mm
glycerol,80,45,40.5,2.25,25,380,380,2,4.37,4.3525,39.79350695,0.8058185156,358.1415625,13.42341084,0.03748074015,Sasanka Gylcerol and Oil,G-40.5mm
glycerol,80,45,40.5,2.25,25,380,380,3,4.38,4.3525,39.79350695,0.8058185156,358.1415625,13.42341084,0.03748074015,Sasanka Gylcerol and Oil,G-40.5mm
glycerol,80,45,40.5,2.25,25,380,380,4,4.36,4.3525,39.79350695,0.8058185156,358.1415625,13.42341084,0.03748074015,Sasanka Gylcerol and Oil,G-40.5mm
glycerol,80,45,40.5,2.25,25,380,380,5,4.34,4.3525,39.79350695,0.8058185156,358.1415625,13.42341084,0.03748074015,Sasanka Gylcerol and Oil,G-40.5mm
glycerol,80,45,40.5,2.25,25,380,380,6,4.35,4.3525,39.79350695,0.8058185156,358.1415625,13.42341084,0.03748074015,Sasanka Gylcerol and Oil,G-40.5mm
glycerol,80,45,40.5,2.25,25,380,380,7,4.37,4.3525,39.79350695,0.8058185156,358.1415625,13.42341084,0.03748074015,Sasanka Gylcerol and Oil,G-40.5mm
glycerol,80,45,40.5,2.25,25,380,380,8,4.35,4.3525,39.79350695,0.8058185156,358.1415625,13.42341084,0.03748074015,Sasanka Gylcerol and Oil,G-40.5mm
glycerol,80,45,40.5,2.25,25,380,380,9,4.35,4.3525,39.79350695,0.8058185156,358.1415625,13.42341084,0.03748074015,Sasanka Gylcerol and Oil,G-40.5mm
glycerol,80,45,40.5,2.25,25,380,380,10,4.35,4.3525,39.79350695,0.8058185156,358.1415625,13.42341084,0.03748074015,Sasanka Gylcerol and Oil,G-40.5mm
glycerol,80,45,40.5,2.25,25,380,380,11,4.34,4.3525,39.79350695,0.8058185156,358.1415625,13.42341084,0.03748074015,Sasanka Gylcerol and Oil,G-40.5mm
glycerol,80,45,40.5,2.25,25,380,380,12,4.34,4.3525,39.79350695,0.8058185156,358.1415625,13.42341084,0.03748074015,Sasanka Gylcerol and Oil,G-40.5mm
glycerol,80,45,40.5,2.25,25,380,380,13,4.36,4.3525,39.79350695,0.8058185156,358.1415625,13.42341084,0.03748074015,Sasanka Gylcerol and Oil,G-40.5mm
glycerol,80,45,40.5,2.25,25,380,380,14,4.37,4.3525,39.79350695,0.8058185156,358.1415625,13.42341084,0.03748074015,Sasanka Gylcerol and Oil,G-40.5mm
glycerol,80,45,40.5,2.25,25,380,380,15,4.39,4.3525,39.79350695,0.8058185156,358.1415625,13.42341084,0.03748074015,Sasanka Gylcerol and Oil,G-40.5mm
glycerol,80,45,40.5,2.25,25,380,380,16,4.39,4.3525,39.79350695,0.8058185156,358.1415625,13.42341084,0.03748074015,Sasanka Gylcerol and Oil,G-40.5mm
glycerol,80,45,40.5,2.25,25,400,400,1,4.38,4.553684211,41.88790205,0.8482300165,376.9911184,14.04387685,0.03725254036,Sasanka Gylcerol and Oil,G-40.5mm
glycerol,80,45,40.5,2.25,25,400,400,2,4.51,4.553684211,41.88790205,0.8482300165,376.9911184,14.04387685,0.03725254036,Sasanka Gylcerol and Oil,G-40.5mm
glycerol,80,45,40.5,2.25,25,400,400,3,4.58,4.553684211,41.88790205,0.8482300165,376.9911184,14.04387685,0.03725254036,Sasanka Gylcerol and Oil,G-40.5mm
glycerol,80,45,40.5,2.25,25,400,400,4,4.58,4.553684211,41.88790205,0.8482300165,376.9911184,14.04387685,0.03725254036,Sasanka Gylcerol and Oil,G-40.5mm
glycerol,80,45,40.5,2.25,25,400,400,5,4.59,4.553684211,41.88790205,0.8482300165,376.9911184,14.04387685,0.03725254036,Sasanka Gylcerol and Oil,G-40.5mm
glycerol,80,45,40.5,2.25,25,400,400,6,4.59,4.553684211,41.88790205,0.8482300165,376.9911184,14.04387685,0.03725254036,Sasanka Gylcerol and Oil,G-40.5mm
glycerol,80,45,40.5,2.25,25,400,400,7,4.59,4.553684211,41.88790205,0.8482300165,376.9911184,14.04387685,0.03725254036,Sasanka Gylcerol and Oil,G-40.5mm
glycerol,80,45,40.5,2.25,25,400,400,8,4.59,4.553684211,41.88790205,0.8482300165,376.9911184,14.04387685,0.03725254036,Sasanka Gylcerol and Oil,G-40.5mm
glycerol,80,45,40.5,2.25,25,400,400,9,4.59,4.553684211,41.88790205,0.8482300165,376.9911184,14.04387685,0.03725254036,Sasanka Gylcerol and Oil,G-40.5mm
glycerol,80,45,40.5,2.25,25,400,400,10,4.57,4.553684211,41.88790205,0.8482300165,376.9911184,14.04387685,0.03725254036,Sasanka Gylcerol and Oil,G-40.5mm
glycerol,80,45,40.5,2.25,25,400,400,11,4.55,4.553684211,41.88790205,0.8482300165,376.9911184,14.04387685,0.03725254036,Sasanka Gylcerol and Oil,G-40.5mm
glycerol,80,45,40.5,2.25,25,400,400,12,4.52,4.553684211,41.88790205,0.8482300165,376.9911184,14.04387685,0.03725254036,Sasanka Gylcerol and Oil,G-40.5mm
glycerol,80,45,40.5,2.25,25,400,400,13,4.53,4.553684211,41.88790205,0.8482300165,376.9911184,14.04387685,0.03725254036,Sasanka Gylcerol and Oil,G-40.5mm
glycerol,80,45,40.5,2.25,25,400,400,14,4.56,4.553684211,41.88790205,0.8482300165,376.9911184,14.04387685,0.03725254036,Sasanka Gylcerol and Oil,G-40.5mm
glycerol,80,45,40.5,2.25,25,400,400,15,4.57,4.553684211,41.88790205,0.8482300165,376.9911184,14.04387685,0.03725254036,Sasanka Gylcerol and Oil,G-40.5mm
glycerol,80,45,40.5,2.25,25,400,400,16,4.56,4.553684211,41.88790205,0.8482300165,376.9911184,14.04387685,0.03725254036,Sasanka Gylcerol and Oil,G-40.5mm
glycerol,80,45,40.5,2.25,25,400,400,17,4.55,4.553684211,41.88790205,0.8482300165,376.9911184,14.04387685,0.03725254036,Sasanka Gylcerol and Oil,G-40.5mm
glycerol,80,45,40.5,2.25,25,400,400,18,4.55,4.553684211,41.88790205,0.8482300165,376.9911184,14.04387685,0.03725254036,Sasanka Gylcerol and Oil,G-40.5mm
glycerol,80,45,40.5,2.25,25,400,400,19,4.56,4.553684211,41.88790205,0.8482300165,376.9911184,14.04387685,0.03725254036,Sasanka Gylcerol and Oil,G-40.5mm
glycerol,80,45,41.5,1.75,25,140,140,1,2.21,2.195,14.66076572,0.3042108886,173.8347935,6.606410471,0.03800395961,Sasanka Gylcerol and Oil,G-41.5mm
glycerol,80,45,41.5,1.75,25,140,140,2,2.23,2.195,14.66076572,0.3042108886,173.8347935,6.606410471,0.03800395961,Sasanka Gylcerol and Oil,G-41.5mm
glycerol,80,45,41.5,1.75,25,140,140,3,2.22,2.195,14.66076572,0.3042108886,173.8347935,6.606410471,0.03800395961,Sasanka Gylcerol and Oil,G-41.5mm
glycerol,80,45,41.5,1.75,25,140,140,4,2.21,2.195,14.66076572,0.3042108886,173.8347935,6.606410471,0.03800395961,Sasanka Gylcerol and Oil,G-41.5mm
glycerol,80,45,41.5,1.75,25,140,140,5,2.21,2.195,14.66076572,0.3042108886,173.8347935,6.606410471,0.03800395961,Sasanka Gylcerol and Oil,G-41.5mm
glycerol,80,45,41.5,1.75,25,140,140,6,2.18,2.195,14.66076572,0.3042108886,173.8347935,6.606410471,0.03800395961,Sasanka Gylcerol and Oil,G-41.5mm
glycerol,80,45,41.5,1.75,25,140,140,7,2.18,2.195,14.66076572,0.3042108886,173.8347935,6.606410471,0.03800395961,Sasanka Gylcerol and Oil,G-41.5mm
glycerol,80,45,41.5,1.75,25,140,140,8,2.19,2.195,14.66076572,0.3042108886,173.8347935,6.606410471,0.03800395961,Sasanka Gylcerol and Oil,G-41.5mm
glycerol,80,45,41.5,1.75,25,140,140,9,2.18,2.195,14.66076572,0.3042108886,173.8347935,6.606410471,0.03800395961,Sasanka Gylcerol and Oil,G-41.5mm
glycerol,80,45,41.5,1.75,25,140,140,10,2.17,2.195,14.66076572,0.3042108886,173.8347935,6.606410471,0.03800395961,Sasanka Gylcerol and Oil,G-41.5mm
glycerol,80,45,41.5,1.75,25,140,140,11,2.18,2.195,14.66076572,0.3042108886,173.8347935,6.606410471,0.03800395961,Sasanka Gylcerol and Oil,G-41.5mm
glycerol,80,45,41.5,1.75,25,140,140,12,2.18,2.195,14.66076572,0.3042108886,173.8347935,6.606410471,0.03800395961,Sasanka Gylcerol and Oil,G-41.5mm
glycerol,80,45,41.5,1.75,25,160,160,1,2.24,2.458,16.75516082,0.347669587,198.6683354,7.397975826,0.03723782056,Sasanka Gylcerol and Oil,G-41.5mm
glycerol,80,45,41.5,1.75,25,160,160,2,2.4,2.458,16.75516082,0.347669587,198.6683354,7.397975826,0.03723782056,Sasanka Gylcerol and Oil,G-41.5mm
glycerol,80,45,41.5,1.75,25,160,160,3,2.45,2.458,16.75516082,0.347669587,198.6683354,7.397975826,0.03723782056,Sasanka Gylcerol and Oil,G-41.5mm
glycerol,80,45,41.5,1.75,25,160,160,4,2.44,2.458,16.75516082,0.347669587,198.6683354,7.397975826,0.03723782056,Sasanka Gylcerol and Oil,G-41.5mm
glycerol,80,45,41.5,1.75,25,160,160,5,2.46,2.458,16.75516082,0.347669587,198.6683354,7.397975826,0.03723782056,Sasanka Gylcerol and Oil,G-41.5mm
glycerol,80,45,41.5,1.75,25,160,160,6,2.48,2.458,16.75516082,0.347669587,198.6683354,7.397975826,0.03723782056,Sasanka Gylcerol and Oil,G-41.5mm
glycerol,80,45,41.5,1.75,25,160,160,7,2.47,2.458,16.75516082,0.347669587,198.6683354,7.397975826,0.03723782056,Sasanka Gylcerol and Oil,G-41.5mm
glycerol,80,45,41.5,1.75,25,160,160,8,2.47,2.458,16.75516082,0.347669587,198.6683354,7.397975826,0.03723782056,Sasanka Gylcerol and Oil,G-41.5mm
glycerol,80,45,41.5,1.75,25,160,160,9,2.5,2.458,16.75516082,0.347669587,198.6683354,7.397975826,0.03723782056,Sasanka Gylcerol and Oil,G-41.5mm
glycerol,80,45,41.5,1.75,25,160,160,10,2.52,2.458,16.75516082,0.347669587,198.6683354,7.397975826,0.03723782056,Sasanka Gylcerol and Oil,G-41.5mm
glycerol,80,45,41.5,1.75,25,160,160,11,2.49,2.458,16.75516082,0.347669587,198.6683354,7.397975826,0.03723782056,Sasanka Gylcerol and Oil,G-41.5mm
glycerol,80,45,41.5,1.75,25,160,160,12,2.46,2.458,16.75516082,0.347669587,198.6683354,7.397975826,0.03723782056,Sasanka Gylcerol and Oil,G-41.5mm
glycerol,80,45,41.5,1.75,25,160,160,13,2.48,2.458,16.75516082,0.347669587,198.6683354,7.397975826,0.03723782056,Sasanka Gylcerol and Oil,G-41.5mm
glycerol,80,45,41.5,1.75,25,160,160,14,2.5,2.458,16.75516082,0.347669587,198.6683354,7.397975826,0.03723782056,Sasanka Gylcerol and Oil,G-41.5mm
glycerol,80,45,41.5,1.75,25,160,160,15,2.51,2.458,16.75516082,0.347669587,198.6683354,7.397975826,0.03723782056,Sasanka Gylcerol and Oil,G-41.5mm
glycerol,80,45,41.5,1.75,25,180,180,1,2.61,2.834117647,18.84955592,0.3911282854,223.5018774,8.529997494,0.03816521631,Sasanka Gylcerol and Oil,G-41.5mm
glycerol,80,45,41.5,1.75,25,180,180,2,2.77,2.834117647,18.84955592,0.3911282854,223.5018774,8.529997494,0.03816521631,Sasanka Gylcerol and Oil,G-41.5mm
glycerol,80,45,41.5,1.75,25,180,180,3,2.8,2.834117647,18.84955592,0.3911282854,223.5018774,8.529997494,0.03816521631,Sasanka Gylcerol and Oil,G-41.5mm
glycerol,80,45,41.5,1.75,25,180,180,4,2.85,2.834117647,18.84955592,0.3911282854,223.5018774,8.529997494,0.03816521631,Sasanka Gylcerol and Oil,G-41.5mm
glycerol,80,45,41.5,1.75,25,180,180,5,2.82,2.834117647,18.84955592,0.3911282854,223.5018774,8.529997494,0.03816521631,Sasanka Gylcerol and Oil,G-41.5mm
glycerol,80,45,41.5,1.75,25,180,180,6,2.86,2.834117647,18.84955592,0.3911282854,223.5018774,8.529997494,0.03816521631,Sasanka Gylcerol and Oil,G-41.5mm
glycerol,80,45,41.5,1.75,25,180,180,7,2.83,2.834117647,18.84955592,0.3911282854,223.5018774,8.529997494,0.03816521631,Sasanka Gylcerol and Oil,G-41.5mm
glycerol,80,45,41.5,1.75,25,180,180,8,2.86,2.834117647,18.84955592,0.3911282854,223.5018774,8.529997494,0.03816521631,Sasanka Gylcerol and Oil,G-41.5mm
glycerol,80,45,41.5,1.75,25,180,180,9,2.85,2.834117647,18.84955592,0.3911282854,223.5018774,8.529997494,0.03816521631,Sasanka Gylcerol and Oil,G-41.5mm
glycerol,80,45,41.5,1.75,25,180,180,10,2.83,2.834117647,18.84955592,0.3911282854,223.5018774,8.529997494,0.03816521631,Sasanka Gylcerol and Oil,G-41.5mm
glycerol,80,45,41.5,1.75,25,180,180,11,2.88,2.834117647,18.84955592,0.3911282854,223.5018774,8.529997494,0.03816521631,Sasanka Gylcerol and Oil,G-41.5mm
glycerol,80,45,41.5,1.75,25,180,180,12,2.84,2.834117647,18.84955592,0.3911282854,223.5018774,8.529997494,0.03816521631,Sasanka Gylcerol and Oil,G-41.5mm
glycerol,80,45,41.5,1.75,25,180,180,13,2.87,2.834117647,18.84955592,0.3911282854,223.5018774,8.529997494,0.03816521631,Sasanka Gylcerol and Oil,G-41.5mm
glycerol,80,45,41.5,1.75,25,180,180,14,2.86,2.834117647,18.84955592,0.3911282854,223.5018774,8.529997494,0.03816521631,Sasanka Gylcerol and Oil,G-41.5mm
glycerol,80,45,41.5,1.75,25,180,180,15,2.88,2.834117647,18.84955592,0.3911282854,223.5018774,8.529997494,0.03816521631,Sasanka Gylcerol and Oil,G-41.5mm
glycerol,80,45,41.5,1.75,25,180,180,16,2.89,2.834117647,18.84955592,0.3911282854,223.5018774,8.529997494,0.03816521631,Sasanka Gylcerol and Oil,G-41.5mm
glycerol,80,45,41.5,1.75,25,180,180,17,2.88,2.834117647,18.84955592,0.3911282854,223.5018774,8.529997494,0.03816521631,Sasanka Gylcerol and Oil,G-41.5mm
glycerol,80,45,41.5,1.75,25,200,200,1,2.96,3.206875,20.94395102,0.4345869837,248.3354193,9.651905503,0.0388664071,Sasanka Gylcerol and Oil,G-41.5mm
glycerol,80,45,41.5,1.75,25,200,200,2,3.11,3.206875,20.94395102,0.4345869837,248.3354193,9.651905503,0.0388664071,Sasanka Gylcerol and Oil,G-41.5mm
glycerol,80,45,41.5,1.75,25,200,200,3,3.21,3.206875,20.94395102,0.4345869837,248.3354193,9.651905503,0.0388664071,Sasanka Gylcerol and Oil,G-41.5mm
glycerol,80,45,41.5,1.75,25,200,200,4,3.19,3.206875,20.94395102,0.4345869837,248.3354193,9.651905503,0.0388664071,Sasanka Gylcerol and Oil,G-41.5mm
glycerol,80,45,41.5,1.75,25,200,200,5,3.22,3.206875,20.94395102,0.4345869837,248.3354193,9.651905503,0.0388664071,Sasanka Gylcerol and Oil,G-41.5mm
glycerol,80,45,41.5,1.75,25,200,200,6,3.23,3.206875,20.94395102,0.4345869837,248.3354193,9.651905503,0.0388664071,Sasanka Gylcerol and Oil,G-41.5mm
glycerol,80,45,41.5,1.75,25,200,200,7,3.22,3.206875,20.94395102,0.4345869837,248.3354193,9.651905503,0.0388664071,Sasanka Gylcerol and Oil,G-41.5mm
glycerol,80,45,41.5,1.75,25,200,200,8,3.25,3.206875,20.94395102,0.4345869837,248.3354193,9.651905503,0.0388664071,Sasanka Gylcerol and Oil,G-41.5mm
glycerol,80,45,41.5,1.75,25,200,200,9,3.23,3.206875,20.94395102,0.4345869837,248.3354193,9.651905503,0.0388664071,Sasanka Gylcerol and Oil,G-41.5mm
glycerol,80,45,41.5,1.75,25,200,200,10,3.27,3.206875,20.94395102,0.4345869837,248.3354193,9.651905503,0.0388664071,Sasanka Gylcerol and Oil,G-41.5mm
glycerol,80,45,41.5,1.75,25,200,200,11,3.22,3.206875,20.94395102,0.4345869837,248.3354193,9.651905503,0.0388664071,Sasanka Gylcerol and Oil,G-41.5mm
glycerol,80,45,41.5,1.75,25,200,200,12,3.24,3.206875,20.94395102,0.4345869837,248.3354193,9.651905503,0.0388664071,Sasanka Gylcerol and Oil,G-41.5mm
glycerol,80,45,41.5,1.75,25,200,200,13,3.25,3.206875,20.94395102,0.4345869837,248.3354193,9.651905503,0.0388664071,Sasanka Gylcerol and Oil,G-41.5mm
glycerol,80,45,41.5,1.75,25,200,200,14,3.23,3.206875,20.94395102,0.4345869837,248.3354193,9.651905503,0.0388664071,Sasanka Gylcerol and Oil,G-41.5mm
glycerol,80,45,41.5,1.75,25,200,200,15,3.25,3.206875,20.94395102,0.4345869837,248.3354193,9.651905503,0.0388664071,Sasanka Gylcerol and Oil,G-41.5mm
glycerol,80,45,41.5,1.75,25,200,200,16,3.23,3.206875,20.94395102,0.4345869837,248.3354193,9.651905503,0.0388664071,Sasanka Gylcerol and Oil,G-41.5mm
glycerol,80,45,41.5,1.75,25,220,220,1,3.34,3.549444444,23.03834613,0.4780456821,273.1689612,10.68295533,0.03910750065,Sasanka Gylcerol and Oil,G-41.5mm
glycerol,80,45,41.5,1.75,25,220,220,2,3.48,3.549444444,23.03834613,0.4780456821,273.1689612,10.68295533,0.03910750065,Sasanka Gylcerol and Oil,G-41.5mm
glycerol,80,45,41.5,1.75,25,220,220,3,3.53,3.549444444,23.03834613,0.4780456821,273.1689612,10.68295533,0.03910750065,Sasanka Gylcerol and Oil,G-41.5mm
glycerol,80,45,41.5,1.75,25,220,220,4,3.54,3.549444444,23.03834613,0.4780456821,273.1689612,10.68295533,0.03910750065,Sasanka Gylcerol and Oil,G-41.5mm
glycerol,80,45,41.5,1.75,25,220,220,5,3.53,3.549444444,23.03834613,0.4780456821,273.1689612,10.68295533,0.03910750065,Sasanka Gylcerol and Oil,G-41.5mm
glycerol,80,45,41.5,1.75,25,220,220,6,3.53,3.549444444,23.03834613,0.4780456821,273.1689612,10.68295533,0.03910750065,Sasanka Gylcerol and Oil,G-41.5mm
glycerol,80,45,41.5,1.75,25,220,220,7,3.54,3.549444444,23.03834613,0.4780456821,273.1689612,10.68295533,0.03910750065,Sasanka Gylcerol and Oil,G-41.5mm
glycerol,80,45,41.5,1.75,25,220,220,8,3.57,3.549444444,23.03834613,0.4780456821,273.1689612,10.68295533,0.03910750065,Sasanka Gylcerol and Oil,G-41.5mm
glycerol,80,45,41.5,1.75,25,220,220,9,3.57,3.549444444,23.03834613,0.4780456821,273.1689612,10.68295533,0.03910750065,Sasanka Gylcerol and Oil,G-41.5mm
glycerol,80,45,41.5,1.75,25,220,220,10,3.56,3.549444444,23.03834613,0.4780456821,273.1689612,10.68295533,0.03910750065,Sasanka Gylcerol and Oil,G-41.5mm
glycerol,80,45,41.5,1.75,25,220,220,11,3.57,3.549444444,23.03834613,0.4780456821,273.1689612,10.68295533,0.03910750065,Sasanka Gylcerol and Oil,G-41.5mm
glycerol,80,45,41.5,1.75,25,220,220,12,3.59,3.549444444,23.03834613,0.4780456821,273.1689612,10.68295533,0.03910750065,Sasanka Gylcerol and Oil,G-41.5mm
glycerol,80,45,41.5,1.75,25,220,220,13,3.57,3.549444444,23.03834613,0.4780456821,273.1689612,10.68295533,0.03910750065,Sasanka Gylcerol and Oil,G-41.5mm
glycerol,80,45,41.5,1.75,25,220,220,14,3.58,3.549444444,23.03834613,0.4780456821,273.1689612,10.68295533,0.03910750065,Sasanka Gylcerol and Oil,G-41.5mm
glycerol,80,45,41.5,1.75,25,220,220,15,3.6,3.549444444,23.03834613,0.4780456821,273.1689612,10.68295533,0.03910750065,Sasanka Gylcerol and Oil,G-41.5mm
glycerol,80,45,41.5,1.75,25,220,220,16,3.59,3.549444444,23.03834613,0.4780456821,273.1689612,10.68295533,0.03910750065,Sasanka Gylcerol and Oil,G-41.5mm
glycerol,80,45,41.5,1.75,25,220,220,17,3.59,3.549444444,23.03834613,0.4780456821,273.1689612,10.68295533,0.03910750065,Sasanka Gylcerol and Oil,G-41.5mm
glycerol,80,45,41.5,1.75,25,220,220,18,3.61,3.549444444,23.03834613,0.4780456821,273.1689612,10.68295533,0.03910750065,Sasanka Gylcerol and Oil,G-41.5mm
glycerol,80,45,41.5,1.75,25,240,240,1,3.65,3.876,25.13274123,0.5215043805,298.0025031,11.66580728,0.03914667548,Sasanka Gylcerol and Oil,G-41.5mm
glycerol,80,45,41.5,1.75,25,240,240,2,3.83,3.876,25.13274123,0.5215043805,298.0025031,11.66580728,0.03914667548,Sasanka Gylcerol and Oil,G-41.5mm
glycerol,80,45,41.5,1.75,25,240,240,3,3.88,3.876,25.13274123,0.5215043805,298.0025031,11.66580728,0.03914667548,Sasanka Gylcerol and Oil,G-41.5mm
glycerol,80,45,41.5,1.75,25,240,240,4,3.89,3.876,25.13274123,0.5215043805,298.0025031,11.66580728,0.03914667548,Sasanka Gylcerol and Oil,G-41.5mm
glycerol,80,45,41.5,1.75,25,240,240,5,3.91,3.876,25.13274123,0.5215043805,298.0025031,11.66580728,0.03914667548,Sasanka Gylcerol and Oil,G-41.5mm
glycerol,80,45,41.5,1.75,25,240,240,6,3.88,3.876,25.13274123,0.5215043805,298.0025031,11.66580728,0.03914667548,Sasanka Gylcerol and Oil,G-41.5mm
glycerol,80,45,41.5,1.75,25,240,240,7,3.88,3.876,25.13274123,0.5215043805,298.0025031,11.66580728,0.03914667548,Sasanka Gylcerol and Oil,G-41.5mm
glycerol,80,45,41.5,1.75,25,240,240,8,3.89,3.876,25.13274123,0.5215043805,298.0025031,11.66580728,0.03914667548,Sasanka Gylcerol and Oil,G-41.5mm
glycerol,80,45,41.5,1.75,25,240,240,9,3.9,3.876,25.13274123,0.5215043805,298.0025031,11.66580728,0.03914667548,Sasanka Gylcerol and Oil,G-41.5mm
glycerol,80,45,41.5,1.75,25,240,240,10,3.92,3.876,25.13274123,0.5215043805,298.0025031,11.66580728,0.03914667548,Sasanka Gylcerol and Oil,G-41.5mm
glycerol,80,45,41.5,1.75,25,240,240,11,3.9,3.876,25.13274123,0.5215043805,298.0025031,11.66580728,0.03914667548,Sasanka Gylcerol and Oil,G-41.5mm
glycerol,80,45,41.5,1.75,25,240,240,12,3.89,3.876,25.13274123,0.5215043805,298.0025031,11.66580728,0.03914667548,Sasanka Gylcerol and Oil,G-41.5mm
glycerol,80,45,41.5,1.75,25,240,240,13,3.9,3.876,25.13274123,0.5215043805,298.0025031,11.66580728,0.03914667548,Sasanka Gylcerol and Oil,G-41.5mm
glycerol,80,45,41.5,1.75,25,240,240,14,3.91,3.876,25.13274123,0.5215043805,298.0025031,11.66580728,0.03914667548,Sasanka Gylcerol and Oil,G-41.5mm
glycerol,80,45,41.5,1.75,25,240,240,15,3.91,3.876,25.13274123,0.5215043805,298.0025031,11.66580728,0.03914667548,Sasanka Gylcerol and Oil,G-41.5mm
glycerol,80,45,41.5,1.75,25,260,260,1,3.97,4.214666667,27.22713633,0.5649630789,322.8360451,12.68511071,0.03929273357,Sasanka Gylcerol and Oil,G-41.5mm
glycerol,80,45,41.5,1.75,25,260,260,2,4.16,4.214666667,27.22713633,0.5649630789,322.8360451,12.68511071,0.03929273357,Sasanka Gylcerol and Oil,G-41.5mm
glycerol,80,45,41.5,1.75,25,260,260,3,4.21,4.214666667,27.22713633,0.5649630789,322.8360451,12.68511071,0.03929273357,Sasanka Gylcerol and Oil,G-41.5mm
glycerol,80,45,41.5,1.75,25,260,260,4,4.22,4.214666667,27.22713633,0.5649630789,322.8360451,12.68511071,0.03929273357,Sasanka Gylcerol and Oil,G-41.5mm
glycerol,80,45,41.5,1.75,25,260,260,5,4.23,4.214666667,27.22713633,0.5649630789,322.8360451,12.68511071,0.03929273357,Sasanka Gylcerol and Oil,G-41.5mm
glycerol,80,45,41.5,1.75,25,260,260,6,4.24,4.214666667,27.22713633,0.5649630789,322.8360451,12.68511071,0.03929273357,Sasanka Gylcerol and Oil,G-41.5mm
glycerol,80,45,41.5,1.75,25,260,260,7,4.23,4.214666667,27.22713633,0.5649630789,322.8360451,12.68511071,0.03929273357,Sasanka Gylcerol and Oil,G-41.5mm
glycerol,80,45,41.5,1.75,25,260,260,8,4.24,4.214666667,27.22713633,0.5649630789,322.8360451,12.68511071,0.03929273357,Sasanka Gylcerol and Oil,G-41.5mm
glycerol,80,45,41.5,1.75,25,260,260,9,4.24,4.214666667,27.22713633,0.5649630789,322.8360451,12.68511071,0.03929273357,Sasanka Gylcerol and Oil,G-41.5mm
glycerol,80,45,41.5,1.75,25,260,260,10,4.23,4.214666667,27.22713633,0.5649630789,322.8360451,12.68511071,0.03929273357,Sasanka Gylcerol and Oil,G-41.5mm
glycerol,80,45,41.5,1.75,25,260,260,11,4.26,4.214666667,27.22713633,0.5649630789,322.8360451,12.68511071,0.03929273357,Sasanka Gylcerol and Oil,G-41.5mm
glycerol,80,45,41.5,1.75,25,260,260,12,4.26,4.214666667,27.22713633,0.5649630789,322.8360451,12.68511071,0.03929273357,Sasanka Gylcerol and Oil,G-41.5mm
glycerol,80,45,41.5,1.75,25,260,260,13,4.24,4.214666667,27.22713633,0.5649630789,322.8360451,12.68511071,0.03929273357,Sasanka Gylcerol and Oil,G-41.5mm
glycerol,80,45,41.5,1.75,25,260,260,14,4.24,4.214666667,27.22713633,0.5649630789,322.8360451,12.68511071,0.03929273357,Sasanka Gylcerol and Oil,G-41.5mm
glycerol,80,45,41.5,1.75,25,260,260,15,4.25,4.214666667,27.22713633,0.5649630789,322.8360451,12.68511071,0.03929273357,Sasanka Gylcerol and Oil,G-41.5mm
glycerol,80,45,41.5,1.75,25,280,280,1,4.27,4.493333333,29.32153143,0.6084217772,347.669587,13.52382888,0.03889850991,Sasanka Gylcerol and Oil,G-41.5mm
glycerol,80,45,41.5,1.75,25,280,280,2,4.4,4.493333333,29.32153143,0.6084217772,347.669587,13.52382888,0.03889850991,Sasanka Gylcerol and Oil,G-41.5mm
glycerol,80,45,41.5,1.75,25,280,280,3,4.52,4.493333333,29.32153143,0.6084217772,347.669587,13.52382888,0.03889850991,Sasanka Gylcerol and Oil,G-41.5mm
glycerol,80,45,41.5,1.75,25,280,280,4,4.53,4.493333333,29.32153143,0.6084217772,347.669587,13.52382888,0.03889850991,Sasanka Gylcerol and Oil,G-41.5mm
glycerol,80,45,41.5,1.75,25,280,280,5,4.52,4.493333333,29.32153143,0.6084217772,347.669587,13.52382888,0.03889850991,Sasanka Gylcerol and Oil,G-41.5mm
glycerol,80,45,41.5,1.75,25,280,280,6,4.51,4.493333333,29.32153143,0.6084217772,347.669587,13.52382888,0.03889850991,Sasanka Gylcerol and Oil,G-41.5mm
glycerol,80,45,41.5,1.75,25,280,280,7,4.51,4.493333333,29.32153143,0.6084217772,347.669587,13.52382888,0.03889850991,Sasanka Gylcerol and Oil,G-41.5mm
glycerol,80,45,41.5,1.75,25,280,280,8,4.54,4.493333333,29.32153143,0.6084217772,347.669587,13.52382888,0.03889850991,Sasanka Gylcerol and Oil,G-41.5mm
glycerol,80,45,41.5,1.75,25,280,280,9,4.53,4.493333333,29.32153143,0.6084217772,347.669587,13.52382888,0.03889850991,Sasanka Gylcerol and Oil,G-41.5mm
glycerol,80,45,41.5,1.75,25,280,280,10,4.52,4.493333333,29.32153143,0.6084217772,347.669587,13.52382888,0.03889850991,Sasanka Gylcerol and Oil,G-41.5mm
glycerol,80,45,41.5,1.75,25,280,280,11,4.5,4.493333333,29.32153143,0.6084217772,347.669587,13.52382888,0.03889850991,Sasanka Gylcerol and Oil,G-41.5mm
glycerol,80,45,41.5,1.75,25,280,280,12,4.51,4.493333333,29.32153143,0.6084217772,347.669587,13.52382888,0.03889850991,Sasanka Gylcerol and Oil,G-41.5mm
glycerol,80,45,41.5,1.75,25,280,280,13,4.5,4.493333333,29.32153143,0.6084217772,347.669587,13.52382888,0.03889850991,Sasanka Gylcerol and Oil,G-41.5mm
glycerol,80,45,41.5,1.75,25,280,280,14,4.51,4.493333333,29.32153143,0.6084217772,347.669587,13.52382888,0.03889850991,Sasanka Gylcerol and Oil,G-41.5mm
glycerol,80,45,41.5,1.75,25,280,280,15,4.53,4.493333333,29.32153143,0.6084217772,347.669587,13.52382888,0.03889850991,Sasanka Gylcerol and Oil,G-41.5mm
glycerol,80,45,41.5,1.75,25,300,300,1,4.5,4.732142857,31.41592654,0.6518804756,372.5031289,14.24258684,0.0382348113,Sasanka Gylcerol and Oil,G-41.5mm
glycerol,80,45,41.5,1.75,25,300,300,2,4.64,4.732142857,31.41592654,0.6518804756,372.5031289,14.24258684,0.0382348113,Sasanka Gylcerol and Oil,G-41.5mm
glycerol,80,45,41.5,1.75,25,300,300,3,4.75,4.732142857,31.41592654,0.6518804756,372.5031289,14.24258684,0.0382348113,Sasanka Gylcerol and Oil,G-41.5mm
glycerol,80,45,41.5,1.75,25,300,300,4,4.75,4.732142857,31.41592654,0.6518804756,372.5031289,14.24258684,0.0382348113,Sasanka Gylcerol and Oil,G-41.5mm
glycerol,80,45,41.5,1.75,25,300,300,5,4.75,4.732142857,31.41592654,0.6518804756,372.5031289,14.24258684,0.0382348113,Sasanka Gylcerol and Oil,G-41.5mm
glycerol,80,45,41.5,1.75,25,300,300,6,4.75,4.732142857,31.41592654,0.6518804756,372.5031289,14.24258684,0.0382348113,Sasanka Gylcerol and Oil,G-41.5mm
glycerol,80,45,41.5,1.75,25,300,300,7,4.76,4.732142857,31.41592654,0.6518804756,372.5031289,14.24258684,0.0382348113,Sasanka Gylcerol and Oil,G-41.5mm
glycerol,80,45,41.5,1.75,25,300,300,8,4.76,4.732142857,31.41592654,0.6518804756,372.5031289,14.24258684,0.0382348113,Sasanka Gylcerol and Oil,G-41.5mm
glycerol,80,45,41.5,1.75,25,300,300,9,4.77,4.732142857,31.41592654,0.6518804756,372.5031289,14.24258684,0.0382348113,Sasanka Gylcerol and Oil,G-41.5mm
glycerol,80,45,41.5,1.75,25,300,300,10,4.77,4.732142857,31.41592654,0.6518804756,372.5031289,14.24258684,0.0382348113,Sasanka Gylcerol and Oil,G-41.5mm
glycerol,80,45,41.5,1.75,25,300,300,11,4.76,4.732142857,31.41592654,0.6518804756,372.5031289,14.24258684,0.0382348113,Sasanka Gylcerol and Oil,G-41.5mm
glycerol,80,45,41.5,1.75,25,300,300,12,4.76,4.732142857,31.41592654,0.6518804756,372.5031289,14.24258684,0.0382348113,Sasanka Gylcerol and Oil,G-41.5mm
glycerol,80,45,41.5,1.75,25,300,300,13,4.77,4.732142857,31.41592654,0.6518804756,372.5031289,14.24258684,0.0382348113,Sasanka Gylcerol and Oil,G-41.5mm
glycerol,80,45,41.5,1.75,25,300,300,14,4.76,4.732142857,31.41592654,0.6518804756,372.5031289,14.24258684,0.0382348113,Sasanka Gylcerol and Oil,G-41.5mm
glycerol,80,45,41.5,1.75,25,320,320,1,4.81,5.028125,33.51032164,0.695339174,397.3366709,15.13342034,0.03808714738,Sasanka Gylcerol and Oil,G-41.5mm
glycerol,80,45,41.5,1.75,25,320,320,2,5,5.028125,33.51032164,0.695339174,397.3366709,15.13342034,0.03808714738,Sasanka Gylcerol and Oil,G-41.5mm
glycerol,80,45,41.5,1.75,25,320,320,3,5.04,5.028125,33.51032164,0.695339174,397.3366709,15.13342034,0.03808714738,Sasanka Gylcerol and Oil,G-41.5mm
glycerol,80,45,41.5,1.75,25,320,320,4,5.04,5.028125,33.51032164,0.695339174,397.3366709,15.13342034,0.03808714738,Sasanka Gylcerol and Oil,G-41.5mm
glycerol,80,45,41.5,1.75,25,320,320,5,5.02,5.028125,33.51032164,0.695339174,397.3366709,15.13342034,0.03808714738,Sasanka Gylcerol and Oil,G-41.5mm
glycerol,80,45,41.5,1.75,25,320,320,6,5.05,5.028125,33.51032164,0.695339174,397.3366709,15.13342034,0.03808714738,Sasanka Gylcerol and Oil,G-41.5mm
glycerol,80,45,41.5,1.75,25,320,320,7,5.06,5.028125,33.51032164,0.695339174,397.3366709,15.13342034,0.03808714738,Sasanka Gylcerol and Oil,G-41.5mm
glycerol,80,45,41.5,1.75,25,320,320,8,5.05,5.028125,33.51032164,0.695339174,397.3366709,15.13342034,0.03808714738,Sasanka Gylcerol and Oil,G-41.5mm
glycerol,80,45,41.5,1.75,25,320,320,9,5.05,5.028125,33.51032164,0.695339174,397.3366709,15.13342034,0.03808714738,Sasanka Gylcerol and Oil,G-41.5mm
glycerol,80,45,41.5,1.75,25,320,320,10,5.05,5.028125,33.51032164,0.695339174,397.3366709,15.13342034,0.03808714738,Sasanka Gylcerol and Oil,G-41.5mm
glycerol,80,45,41.5,1.75,25,320,320,11,5.03,5.028125,33.51032164,0.695339174,397.3366709,15.13342034,0.03808714738,Sasanka Gylcerol and Oil,G-41.5mm
glycerol,80,45,41.5,1.75,25,320,320,12,5.05,5.028125,33.51032164,0.695339174,397.3366709,15.13342034,0.03808714738,Sasanka Gylcerol and Oil,G-41.5mm
glycerol,80,45,41.5,1.75,25,320,320,13,5.06,5.028125,33.51032164,0.695339174,397.3366709,15.13342034,0.03808714738,Sasanka Gylcerol and Oil,G-41.5mm
glycerol,80,45,41.5,1.75,25,320,320,14,5.05,5.028125,33.51032164,0.695339174,397.3366709,15.13342034,0.03808714738,Sasanka Gylcerol and Oil,G-41.5mm
glycerol,80,45,41.5,1.75,25,320,320,15,5.04,5.028125,33.51032164,0.695339174,397.3366709,15.13342034,0.03808714738,Sasanka Gylcerol and Oil,G-41.5mm
glycerol,80,45,41.5,1.75,25,320,320,16,5.05,5.028125,33.51032164,0.695339174,397.3366709,15.13342034,0.03808714738,Sasanka Gylcerol and Oil,G-41.5mm
glycerol,80,45,41.5,1.75,25,340,340,1,5.16,5.320625,35.60471674,0.7387978724,422.1702128,16.01377345,0.03793203064,Sasanka Gylcerol and Oil,G-41.5mm
glycerol,80,45,41.5,1.75,25,340,340,2,5.3,5.320625,35.60471674,0.7387978724,422.1702128,16.01377345,0.03793203064,Sasanka Gylcerol and Oil,G-41.5mm
glycerol,80,45,41.5,1.75,25,340,340,3,5.31,5.320625,35.60471674,0.7387978724,422.1702128,16.01377345,0.03793203064,Sasanka Gylcerol and Oil,G-41.5mm
glycerol,80,45,41.5,1.75,25,340,340,4,5.32,5.320625,35.60471674,0.7387978724,422.1702128,16.01377345,0.03793203064,Sasanka Gylcerol and Oil,G-41.5mm
glycerol,80,45,41.5,1.75,25,340,340,5,5.34,5.320625,35.60471674,0.7387978724,422.1702128,16.01377345,0.03793203064,Sasanka Gylcerol and Oil,G-41.5mm
glycerol,80,45,41.5,1.75,25,340,340,6,5.31,5.320625,35.60471674,0.7387978724,422.1702128,16.01377345,0.03793203064,Sasanka Gylcerol and Oil,G-41.5mm
glycerol,80,45,41.5,1.75,25,340,340,7,5.33,5.320625,35.60471674,0.7387978724,422.1702128,16.01377345,0.03793203064,Sasanka Gylcerol and Oil,G-41.5mm
glycerol,80,45,41.5,1.75,25,340,340,8,5.33,5.320625,35.60471674,0.7387978724,422.1702128,16.01377345,0.03793203064,Sasanka Gylcerol and Oil,G-41.5mm
glycerol,80,45,41.5,1.75,25,340,340,9,5.35,5.320625,35.60471674,0.7387978724,422.1702128,16.01377345,0.03793203064,Sasanka Gylcerol and Oil,G-41.5mm
glycerol,80,45,41.5,1.75,25,340,340,10,5.35,5.320625,35.60471674,0.7387978724,422.1702128,16.01377345,0.03793203064,Sasanka Gylcerol and Oil,G-41.5mm
glycerol,80,45,41.5,1.75,25,340,340,11,5.33,5.320625,35.60471674,0.7387978724,422.1702128,16.01377345,0.03793203064,Sasanka Gylcerol and Oil,G-41.5mm
glycerol,80,45,41.5,1.75,25,340,340,12,5.36,5.320625,35.60471674,0.7387978724,422.1702128,16.01377345,0.03793203064,Sasanka Gylcerol and Oil,G-41.5mm
glycerol,80,45,41.5,1.75,25,340,340,13,5.34,5.320625,35.60471674,0.7387978724,422.1702128,16.01377345,0.03793203064,Sasanka Gylcerol and Oil,G-41.5mm
glycerol,80,45,41.5,1.75,25,340,340,14,5.34,5.320625,35.60471674,0.7387978724,422.1702128,16.01377345,0.03793203064,Sasanka Gylcerol and Oil,G-41.5mm
glycerol,80,45,41.5,1.75,25,340,340,15,5.33,5.320625,35.60471674,0.7387978724,422.1702128,16.01377345,0.03793203064,Sasanka Gylcerol and Oil,G-41.5mm
glycerol,80,45,41.5,1.75,25,340,340,16,5.33,5.320625,35.60471674,0.7387978724,422.1702128,16.01377345,0.03793203064,Sasanka Gylcerol and Oil,G-41.5mm
glycerol,80,45,41.5,1.75,25,360,360,1,5.34,5.572,37.69911184,0.7822565707,447.0037547,16.77035041,0.0375172473,Sasanka Gylcerol and Oil,G-41.5mm
glycerol,80,45,41.5,1.75,25,360,360,2,5.43,5.572,37.69911184,0.7822565707,447.0037547,16.77035041,0.0375172473,Sasanka Gylcerol and Oil,G-41.5mm
glycerol,80,45,41.5,1.75,25,360,360,3,5.6,5.572,37.69911184,0.7822565707,447.0037547,16.77035041,0.0375172473,Sasanka Gylcerol and Oil,G-41.5mm
glycerol,80,45,41.5,1.75,25,360,360,4,5.62,5.572,37.69911184,0.7822565707,447.0037547,16.77035041,0.0375172473,Sasanka Gylcerol and Oil,G-41.5mm
glycerol,80,45,41.5,1.75,25,360,360,5,5.61,5.572,37.69911184,0.7822565707,447.0037547,16.77035041,0.0375172473,Sasanka Gylcerol and Oil,G-41.5mm
glycerol,80,45,41.5,1.75,25,360,360,6,5.61,5.572,37.69911184,0.7822565707,447.0037547,16.77035041,0.0375172473,Sasanka Gylcerol and Oil,G-41.5mm
glycerol,80,45,41.5,1.75,25,360,360,7,5.62,5.572,37.69911184,0.7822565707,447.0037547,16.77035041,0.0375172473,Sasanka Gylcerol and Oil,G-41.5mm
glycerol,80,45,41.5,1.75,25,360,360,8,5.61,5.572,37.69911184,0.7822565707,447.0037547,16.77035041,0.0375172473,Sasanka Gylcerol and Oil,G-41.5mm
glycerol,80,45,41.5,1.75,25,360,360,9,5.58,5.572,37.69911184,0.7822565707,447.0037547,16.77035041,0.0375172473,Sasanka Gylcerol and Oil,G-41.5mm
glycerol,80,45,41.5,1.75,25,360,360,10,5.6,5.572,37.69911184,0.7822565707,447.0037547,16.77035041,0.0375172473,Sasanka Gylcerol and Oil,G-41.5mm
glycerol,80,45,41.5,1.75,25,360,360,11,5.6,5.572,37.69911184,0.7822565707,447.0037547,16.77035041,0.0375172473,Sasanka Gylcerol and Oil,G-41.5mm
glycerol,80,45,41.5,1.75,25,360,360,12,5.57,5.572,37.69911184,0.7822565707,447.0037547,16.77035041,0.0375172473,Sasanka Gylcerol and Oil,G-41.5mm
glycerol,80,45,41.5,1.75,25,360,360,13,5.59,5.572,37.69911184,0.7822565707,447.0037547,16.77035041,0.0375172473,Sasanka Gylcerol and Oil,G-41.5mm
glycerol,80,45,41.5,1.75,25,360,360,14,5.6,5.572,37.69911184,0.7822565707,447.0037547,16.77035041,0.0375172473,Sasanka Gylcerol and Oil,G-41.5mm
glycerol,80,45,41.5,1.75,25,360,360,15,5.6,5.572,37.69911184,0.7822565707,447.0037547,16.77035041,0.0375172473,Sasanka Gylcerol and Oil,G-41.5mm
glycerol,80,45,41.5,1.75,25,380,380,1,5.67,5.83125,39.79350695,0.8257152691,471.8372966,17.55062918,0.03719635838,Sasanka Gylcerol and Oil,G-41.5mm
glycerol,80,45,41.5,1.75,25,380,380,2,5.84,5.83125,39.79350695,0.8257152691,471.8372966,17.55062918,0.03719635838,Sasanka Gylcerol and Oil,G-41.5mm
glycerol,80,45,41.5,1.75,25,380,380,3,5.87,5.83125,39.79350695,0.8257152691,471.8372966,17.55062918,0.03719635838,Sasanka Gylcerol and Oil,G-41.5mm
glycerol,80,45,41.5,1.75,25,380,380,4,5.85,5.83125,39.79350695,0.8257152691,471.8372966,17.55062918,0.03719635838,Sasanka Gylcerol and Oil,G-41.5mm
glycerol,80,45,41.5,1.75,25,380,380,5,5.85,5.83125,39.79350695,0.8257152691,471.8372966,17.55062918,0.03719635838,Sasanka Gylcerol and Oil,G-41.5mm
glycerol,80,45,41.5,1.75,25,380,380,6,5.84,5.83125,39.79350695,0.8257152691,471.8372966,17.55062918,0.03719635838,Sasanka Gylcerol and Oil,G-41.5mm
glycerol,80,45,41.5,1.75,25,380,380,7,5.84,5.83125,39.79350695,0.8257152691,471.8372966,17.55062918,0.03719635838,Sasanka Gylcerol and Oil,G-41.5mm
glycerol,80,45,41.5,1.75,25,380,380,8,5.84,5.83125,39.79350695,0.8257152691,471.8372966,17.55062918,0.03719635838,Sasanka Gylcerol and Oil,G-41.5mm
glycerol,80,45,41.5,1.75,25,380,380,9,5.84,5.83125,39.79350695,0.8257152691,471.8372966,17.55062918,0.03719635838,Sasanka Gylcerol and Oil,G-41.5mm
glycerol,80,45,41.5,1.75,25,380,380,10,5.84,5.83125,39.79350695,0.8257152691,471.8372966,17.55062918,0.03719635838,Sasanka Gylcerol and Oil,G-41.5mm
glycerol,80,45,41.5,1.75,25,380,380,11,5.85,5.83125,39.79350695,0.8257152691,471.8372966,17.55062918,0.03719635838,Sasanka Gylcerol and Oil,G-41.5mm
glycerol,80,45,41.5,1.75,25,380,380,12,5.83,5.83125,39.79350695,0.8257152691,471.8372966,17.55062918,0.03719635838,Sasanka Gylcerol and Oil,G-41.5mm
glycerol,80,45,41.5,1.75,25,380,380,13,5.82,5.83125,39.79350695,0.8257152691,471.8372966,17.55062918,0.03719635838,Sasanka Gylcerol and Oil,G-41.5mm
glycerol,80,45,41.5,1.75,25,380,380,14,5.82,5.83125,39.79350695,0.8257152691,471.8372966,17.55062918,0.03719635838,Sasanka Gylcerol and Oil,G-41.5mm
glycerol,80,45,41.5,1.75,25,380,380,15,5.84,5.83125,39.79350695,0.8257152691,471.8372966,17.55062918,0.03719635838,Sasanka Gylcerol and Oil,G-41.5mm
glycerol,80,45,41.5,1.75,25,380,380,16,5.86,5.83125,39.79350695,0.8257152691,471.8372966,17.55062918,0.03719635838,Sasanka Gylcerol and Oil,G-41.5mm
glycerol,80,45,41.5,1.75,25,400,400,1,5.86,6.096190476,41.88790205,0.8691739675,496.6708386,18.3480349,0.03694204183,Sasanka Gylcerol and Oil,G-41.5mm
glycerol,80,45,41.5,1.75,25,400,400,2,6.01,6.096190476,41.88790205,0.8691739675,496.6708386,18.3480349,0.03694204183,Sasanka Gylcerol and Oil,G-41.5mm
glycerol,80,45,41.5,1.75,25,400,400,3,6.12,6.096190476,41.88790205,0.8691739675,496.6708386,18.3480349,0.03694204183,Sasanka Gylcerol and Oil,G-41.5mm
glycerol,80,45,41.5,1.75,25,400,400,4,6.11,6.096190476,41.88790205,0.8691739675,496.6708386,18.3480349,0.03694204183,Sasanka Gylcerol and Oil,G-41.5mm
glycerol,80,45,41.5,1.75,25,400,400,5,6.1,6.096190476,41.88790205,0.8691739675,496.6708386,18.3480349,0.03694204183,Sasanka Gylcerol and Oil,G-41.5mm
glycerol,80,45,41.5,1.75,25,400,400,6,6.1,6.096190476,41.88790205,0.8691739675,496.6708386,18.3480349,0.03694204183,Sasanka Gylcerol and Oil,G-41.5mm
glycerol,80,45,41.5,1.75,25,400,400,7,6.1,6.096190476,41.88790205,0.8691739675,496.6708386,18.3480349,0.03694204183,Sasanka Gylcerol and Oil,G-41.5mm
glycerol,80,45,41.5,1.75,25,400,400,8,6.11,6.096190476,41.88790205,0.8691739675,496.6708386,18.3480349,0.03694204183,Sasanka Gylcerol and Oil,G-41.5mm
glycerol,80,45,41.5,1.75,25,400,400,9,6.11,6.096190476,41.88790205,0.8691739675,496.6708386,18.3480349,0.03694204183,Sasanka Gylcerol and Oil,G-41.5mm
glycerol,80,45,41.5,1.75,25,400,400,10,6.1,6.096190476,41.88790205,0.8691739675,496.6708386,18.3480349,0.03694204183,Sasanka Gylcerol and Oil,G-41.5mm
glycerol,80,45,41.5,1.75,25,400,400,11,6.1,6.096190476,41.88790205,0.8691739675,496.6708386,18.3480349,0.03694204183,Sasanka Gylcerol and Oil,G-41.5mm
glycerol,80,45,41.5,1.75,25,400,400,12,6.09,6.096190476,41.88790205,0.8691739675,496.6708386,18.3480349,0.03694204183,Sasanka Gylcerol and Oil,G-41.5mm
glycerol,80,45,41.5,1.75,25,400,400,13,6.1,6.096190476,41.88790205,0.8691739675,496.6708386,18.3480349,0.03694204183,Sasanka Gylcerol and Oil,G-41.5mm
glycerol,80,45,41.5,1.75,25,400,400,14,6.09,6.096190476,41.88790205,0.8691739675,496.6708386,18.3480349,0.03694204183,Sasanka Gylcerol and Oil,G-41.5mm
glycerol,80,45,41.5,1.75,25,400,400,15,6.09,6.096190476,41.88790205,0.8691739675,496.6708386,18.3480349,0.03694204183,Sasanka Gylcerol and Oil,G-41.5mm
glycerol,80,45,41.5,1.75,25,400,400,16,6.12,6.096190476,41.88790205,0.8691739675,496.6708386,18.3480349,0.03694204183,Sasanka Gylcerol and Oil,G-41.5mm
glycerol,80,45,41.5,1.75,25,400,400,17,6.13,6.096190476,41.88790205,0.8691739675,496.6708386,18.3480349,0.03694204183,Sasanka Gylcerol and Oil,G-41.5mm
glycerol,80,45,41.5,1.75,25,400,400,18,6.15,6.096190476,41.88790205,0.8691739675,496.6708386,18.3480349,0.03694204183,Sasanka Gylcerol and Oil,G-41.5mm
glycerol,80,45,41.5,1.75,25,400,400,19,6.15,6.096190476,41.88790205,0.8691739675,496.6708386,18.3480349,0.03694204183,Sasanka Gylcerol and Oil,G-41.5mm
glycerol,80,45,41.5,1.75,25,400,400,20,6.14,6.096190476,41.88790205,0.8691739675,496.6708386,18.3480349,0.03694204183,Sasanka Gylcerol and Oil,G-41.5mm
glycerol,80,45,41.5,1.75,25,400,400,21,6.14,6.096190476,41.88790205,0.8691739675,496.6708386,18.3480349,0.03694204183,Sasanka Gylcerol and Oil,G-41.5mm
glycerol,80,45,42.5,1.25,25,140,140,1,3.11,3.145,14.66076572,0.3115412715,249.2330172,9.242955151,0.03708559667,Sasanka Gylcerol and Oil,G-42.5mm
glycerol,80,45,42.5,1.25,25,140,140,2,3.12,3.145,14.66076572,0.3115412715,249.2330172,9.242955151,0.03708559667,Sasanka Gylcerol and Oil,G-42.5mm
glycerol,80,45,42.5,1.25,25,140,140,3,3.15,3.145,14.66076572,0.3115412715,249.2330172,9.242955151,0.03708559667,Sasanka Gylcerol and Oil,G-42.5mm
glycerol,80,45,42.5,1.25,25,140,140,4,3.17,3.145,14.66076572,0.3115412715,249.2330172,9.242955151,0.03708559667,Sasanka Gylcerol and Oil,G-42.5mm
glycerol,80,45,42.5,1.25,25,140,140,5,3.16,3.145,14.66076572,0.3115412715,249.2330172,9.242955151,0.03708559667,Sasanka Gylcerol and Oil,G-42.5mm
glycerol,80,45,42.5,1.25,25,140,140,6,3.16,3.145,14.66076572,0.3115412715,249.2330172,9.242955151,0.03708559667,Sasanka Gylcerol and Oil,G-42.5mm
glycerol,80,45,42.5,1.25,25,160,160,1,3.2,3.601333333,16.75516082,0.3560471674,284.8377339,10.58408982,0.03715831352,Sasanka Gylcerol and Oil,G-42.5mm
glycerol,80,45,42.5,1.25,25,160,160,2,3.44,3.601333333,16.75516082,0.3560471674,284.8377339,10.58408982,0.03715831352,Sasanka Gylcerol and Oil,G-42.5mm
glycerol,80,45,42.5,1.25,25,160,160,3,3.6,3.601333333,16.75516082,0.3560471674,284.8377339,10.58408982,0.03715831352,Sasanka Gylcerol and Oil,G-42.5mm
glycerol,80,45,42.5,1.25,25,160,160,4,3.6,3.601333333,16.75516082,0.3560471674,284.8377339,10.58408982,0.03715831352,Sasanka Gylcerol and Oil,G-42.5mm
glycerol,80,45,42.5,1.25,25,160,160,5,3.61,3.601333333,16.75516082,0.3560471674,284.8377339,10.58408982,0.03715831352,Sasanka Gylcerol and Oil,G-42.5mm
glycerol,80,45,42.5,1.25,25,160,160,6,3.62,3.601333333,16.75516082,0.3560471674,284.8377339,10.58408982,0.03715831352,Sasanka Gylcerol and Oil,G-42.5mm
glycerol,80,45,42.5,1.25,25,160,160,7,3.64,3.601333333,16.75516082,0.3560471674,284.8377339,10.58408982,0.03715831352,Sasanka Gylcerol and Oil,G-42.5mm
glycerol,80,45,42.5,1.25,25,160,160,8,3.63,3.601333333,16.75516082,0.3560471674,284.8377339,10.58408982,0.03715831352,Sasanka Gylcerol and Oil,G-42.5mm
glycerol,80,45,42.5,1.25,25,160,160,9,3.65,3.601333333,16.75516082,0.3560471674,284.8377339,10.58408982,0.03715831352,Sasanka Gylcerol and Oil,G-42.5mm
glycerol,80,45,42.5,1.25,25,160,160,10,3.66,3.601333333,16.75516082,0.3560471674,284.8377339,10.58408982,0.03715831352,Sasanka Gylcerol and Oil,G-42.5mm
glycerol,80,45,42.5,1.25,25,160,160,11,3.66,3.601333333,16.75516082,0.3560471674,284.8377339,10.58408982,0.03715831352,Sasanka Gylcerol and Oil,G-42.5mm
glycerol,80,45,42.5,1.25,25,160,160,12,3.65,3.601333333,16.75516082,0.3560471674,284.8377339,10.58408982,0.03715831352,Sasanka Gylcerol and Oil,G-42.5mm
glycerol,80,45,42.5,1.25,25,160,160,13,3.66,3.601333333,16.75516082,0.3560471674,284.8377339,10.58408982,0.03715831352,Sasanka Gylcerol and Oil,G-42.5mm
glycerol,80,45,42.5,1.25,25,160,160,14,3.71,3.601333333,16.75516082,0.3560471674,284.8377339,10.58408982,0.03715831352,Sasanka Gylcerol and Oil,G-42.5mm
glycerol,80,45,42.5,1.25,25,160,160,15,3.69,3.601333333,16.75516082,0.3560471674,284.8377339,10.58408982,0.03715831352,Sasanka Gylcerol and Oil,G-42.5mm
glycerol,80,45,42.5,1.25,25,180,180,1,3.82,4.191666667,18.84955592,0.4005530633,320.4424507,12.31904197,0.03844385146,Sasanka Gylcerol and Oil,G-42.5mm
glycerol,80,45,42.5,1.25,25,180,180,2,4.07,4.191666667,18.84955592,0.4005530633,320.4424507,12.31904197,0.03844385146,Sasanka Gylcerol and Oil,G-42.5mm
glycerol,80,45,42.5,1.25,25,180,180,3,4.18,4.191666667,18.84955592,0.4005530633,320.4424507,12.31904197,0.03844385146,Sasanka Gylcerol and Oil,G-42.5mm
glycerol,80,45,42.5,1.25,25,180,180,4,4.21,4.191666667,18.84955592,0.4005530633,320.4424507,12.31904197,0.03844385146,Sasanka Gylcerol and Oil,G-42.5mm
glycerol,80,45,42.5,1.25,25,180,180,5,4.17,4.191666667,18.84955592,0.4005530633,320.4424507,12.31904197,0.03844385146,Sasanka Gylcerol and Oil,G-42.5mm
glycerol,80,45,42.5,1.25,25,180,180,6,4.21,4.191666667,18.84955592,0.4005530633,320.4424507,12.31904197,0.03844385146,Sasanka Gylcerol and Oil,G-42.5mm
glycerol,80,45,42.5,1.25,25,180,180,7,4.22,4.191666667,18.84955592,0.4005530633,320.4424507,12.31904197,0.03844385146,Sasanka Gylcerol and Oil,G-42.5mm
glycerol,80,45,42.5,1.25,25,180,180,8,4.22,4.191666667,18.84955592,0.4005530633,320.4424507,12.31904197,0.03844385146,Sasanka Gylcerol and Oil,G-42.5mm
glycerol,80,45,42.5,1.25,25,180,180,9,4.23,4.191666667,18.84955592,0.4005530633,320.4424507,12.31904197,0.03844385146,Sasanka Gylcerol and Oil,G-42.5mm
glycerol,80,45,42.5,1.25,25,180,180,10,4.21,4.191666667,18.84955592,0.4005530633,320.4424507,12.31904197,0.03844385146,Sasanka Gylcerol and Oil,G-42.5mm
glycerol,80,45,42.5,1.25,25,180,180,11,4.25,4.191666667,18.84955592,0.4005530633,320.4424507,12.31904197,0.03844385146,Sasanka Gylcerol and Oil,G-42.5mm
glycerol,80,45,42.5,1.25,25,180,180,12,4.22,4.191666667,18.84955592,0.4005530633,320.4424507,12.31904197,0.03844385146,Sasanka Gylcerol and Oil,G-42.5mm
glycerol,80,45,42.5,1.25,25,180,180,13,4.24,4.191666667,18.84955592,0.4005530633,320.4424507,12.31904197,0.03844385146,Sasanka Gylcerol and Oil,G-42.5mm
glycerol,80,45,42.5,1.25,25,180,180,14,4.25,4.191666667,18.84955592,0.4005530633,320.4424507,12.31904197,0.03844385146,Sasanka Gylcerol and Oil,G-42.5mm
glycerol,80,45,42.5,1.25,25,180,180,15,4.24,4.191666667,18.84955592,0.4005530633,320.4424507,12.31904197,0.03844385146,Sasanka Gylcerol and Oil,G-42.5mm
glycerol,80,45,42.5,1.25,25,180,180,16,4.25,4.191666667,18.84955592,0.4005530633,320.4424507,12.31904197,0.03844385146,Sasanka Gylcerol and Oil,G-42.5mm
glycerol,80,45,42.5,1.25,25,180,180,17,4.21,4.191666667,18.84955592,0.4005530633,320.4424507,12.31904197,0.03844385146,Sasanka Gylcerol and Oil,G-42.5mm
glycerol,80,45,42.5,1.25,25,180,180,18,4.25,4.191666667,18.84955592,0.4005530633,320.4424507,12.31904197,0.03844385146,Sasanka Gylcerol and Oil,G-42.5mm
glycerol,80,45,42.5,1.25,25,200,200,1,4.49,4.676666667,20.94395102,0.4450589593,356.0471674,13.74442615,0.03860282404,Sasanka Gylcerol and Oil,G-42.5mm
glycerol,80,45,42.5,1.25,25,200,200,2,4.68,4.676666667,20.94395102,0.4450589593,356.0471674,13.74442615,0.03860282404,Sasanka Gylcerol and Oil,G-42.5mm
glycerol,80,45,42.5,1.25,25,200,200,3,4.69,4.676666667,20.94395102,0.4450589593,356.0471674,13.74442615,0.03860282404,Sasanka Gylcerol and Oil,G-42.5mm
glycerol,80,45,42.5,1.25,25,200,200,4,4.69,4.676666667,20.94395102,0.4450589593,356.0471674,13.74442615,0.03860282404,Sasanka Gylcerol and Oil,G-42.5mm
glycerol,80,45,42.5,1.25,25,200,200,5,4.7,4.676666667,20.94395102,0.4450589593,356.0471674,13.74442615,0.03860282404,Sasanka Gylcerol and Oil,G-42.5mm
glycerol,80,45,42.5,1.25,25,200,200,6,4.69,4.676666667,20.94395102,0.4450589593,356.0471674,13.74442615,0.03860282404,Sasanka Gylcerol and Oil,G-42.5mm
glycerol,80,45,42.5,1.25,25,200,200,7,4.69,4.676666667,20.94395102,0.4450589593,356.0471674,13.74442615,0.03860282404,Sasanka Gylcerol and Oil,G-42.5mm
glycerol,80,45,42.5,1.25,25,200,200,8,4.69,4.676666667,20.94395102,0.4450589593,356.0471674,13.74442615,0.03860282404,Sasanka Gylcerol and Oil,G-42.5mm
glycerol,80,45,42.5,1.25,25,200,200,9,4.68,4.676666667,20.94395102,0.4450589593,356.0471674,13.74442615,0.03860282404,Sasanka Gylcerol and Oil,G-42.5mm
glycerol,80,45,42.5,1.25,25,200,200,10,4.71,4.676666667,20.94395102,0.4450589593,356.0471674,13.74442615,0.03860282404,Sasanka Gylcerol and Oil,G-42.5mm
glycerol,80,45,42.5,1.25,25,200,200,11,4.68,4.676666667,20.94395102,0.4450589593,356.0471674,13.74442615,0.03860282404,Sasanka Gylcerol and Oil,G-42.5mm
glycerol,80,45,42.5,1.25,25,200,200,12,4.69,4.676666667,20.94395102,0.4450589593,356.0471674,13.74442615,0.03860282404,Sasanka Gylcerol and Oil,G-42.5mm
glycerol,80,45,42.5,1.25,25,200,200,13,4.69,4.676666667,20.94395102,0.4450589593,356.0471674,13.74442615,0.03860282404,Sasanka Gylcerol and Oil,G-42.5mm
glycerol,80,45,42.5,1.25,25,200,200,14,4.69,4.676666667,20.94395102,0.4450589593,356.0471674,13.74442615,0.03860282404,Sasanka Gylcerol and Oil,G-42.5mm
glycerol,80,45,42.5,1.25,25,200,200,15,4.69,4.676666667,20.94395102,0.4450589593,356.0471674,13.74442615,0.03860282404,Sasanka Gylcerol and Oil,G-42.5mm
glycerol,80,45,42.5,1.25,25,220,220,1,4.68,5.10625,23.03834613,0.4895648552,391.6518841,15.00694427,0.03831704859,Sasanka Gylcerol and Oil,G-42.5mm
glycerol,80,45,42.5,1.25,25,220,220,2,4.91,5.10625,23.03834613,0.4895648552,391.6518841,15.00694427,0.03831704859,Sasanka Gylcerol and Oil,G-42.5mm
glycerol,80,45,42.5,1.25,25,220,220,3,5.13,5.10625,23.03834613,0.4895648552,391.6518841,15.00694427,0.03831704859,Sasanka Gylcerol and Oil,G-42.5mm
glycerol,80,45,42.5,1.25,25,220,220,4,5.13,5.10625,23.03834613,0.4895648552,391.6518841,15.00694427,0.03831704859,Sasanka Gylcerol and Oil,G-42.5mm
glycerol,80,45,42.5,1.25,25,220,220,5,5.15,5.10625,23.03834613,0.4895648552,391.6518841,15.00694427,0.03831704859,Sasanka Gylcerol and Oil,G-42.5mm
glycerol,80,45,42.5,1.25,25,220,220,6,5.14,5.10625,23.03834613,0.4895648552,391.6518841,15.00694427,0.03831704859,Sasanka Gylcerol and Oil,G-42.5mm
glycerol,80,45,42.5,1.25,25,220,220,7,5.14,5.10625,23.03834613,0.4895648552,391.6518841,15.00694427,0.03831704859,Sasanka Gylcerol and Oil,G-42.5mm
glycerol,80,45,42.5,1.25,25,220,220,8,5.16,5.10625,23.03834613,0.4895648552,391.6518841,15.00694427,0.03831704859,Sasanka Gylcerol and Oil,G-42.5mm
glycerol,80,45,42.5,1.25,25,220,220,9,5.17,5.10625,23.03834613,0.4895648552,391.6518841,15.00694427,0.03831704859,Sasanka Gylcerol and Oil,G-42.5mm
glycerol,80,45,42.5,1.25,25,220,220,10,5.17,5.10625,23.03834613,0.4895648552,391.6518841,15.00694427,0.03831704859,Sasanka Gylcerol and Oil,G-42.5mm
glycerol,80,45,42.5,1.25,25,220,220,11,5.14,5.10625,23.03834613,0.4895648552,391.6518841,15.00694427,0.03831704859,Sasanka Gylcerol and Oil,G-42.5mm
glycerol,80,45,42.5,1.25,25,220,220,12,5.15,5.10625,23.03834613,0.4895648552,391.6518841,15.00694427,0.03831704859,Sasanka Gylcerol and Oil,G-42.5mm
glycerol,80,45,42.5,1.25,25,220,220,13,5.17,5.10625,23.03834613,0.4895648552,391.6518841,15.00694427,0.03831704859,Sasanka Gylcerol and Oil,G-42.5mm
glycerol,80,45,42.5,1.25,25,220,220,14,5.15,5.10625,23.03834613,0.4895648552,391.6518841,15.00694427,0.03831704859,Sasanka Gylcerol and Oil,G-42.5mm
glycerol,80,45,42.5,1.25,25,220,220,15,5.15,5.10625,23.03834613,0.4895648552,391.6518841,15.00694427,0.03831704859,Sasanka Gylcerol and Oil,G-42.5mm
glycerol,80,45,42.5,1.25,25,220,220,16,5.16,5.10625,23.03834613,0.4895648552,391.6518841,15.00694427,0.03831704859,Sasanka Gylcerol and Oil,G-42.5mm
glycerol,80,45,42.5,1.25,25,240,240,1,5.22,5.477333333,25.13274123,0.5340707511,427.2566009,16.09753461,0.03767650301,Sasanka Gylcerol and Oil,G-42.5mm
glycerol,80,45,42.5,1.25,25,240,240,2,5.47,5.477333333,25.13274123,0.5340707511,427.2566009,16.09753461,0.03767650301,Sasanka Gylcerol and Oil,G-42.5mm
glycerol,80,45,42.5,1.25,25,240,240,3,5.52,5.477333333,25.13274123,0.5340707511,427.2566009,16.09753461,0.03767650301,Sasanka Gylcerol and Oil,G-42.5mm
glycerol,80,45,42.5,1.25,25,240,240,4,5.52,5.477333333,25.13274123,0.5340707511,427.2566009,16.09753461,0.03767650301,Sasanka Gylcerol and Oil,G-42.5mm
glycerol,80,45,42.5,1.25,25,240,240,5,5.51,5.477333333,25.13274123,0.5340707511,427.2566009,16.09753461,0.03767650301,Sasanka Gylcerol and Oil,G-42.5mm
glycerol,80,45,42.5,1.25,25,240,240,6,5.5,5.477333333,25.13274123,0.5340707511,427.2566009,16.09753461,0.03767650301,Sasanka Gylcerol and Oil,G-42.5mm
glycerol,80,45,42.5,1.25,25,240,240,7,5.48,5.477333333,25.13274123,0.5340707511,427.2566009,16.09753461,0.03767650301,Sasanka Gylcerol and Oil,G-42.5mm
glycerol,80,45,42.5,1.25,25,240,240,8,5.5,5.477333333,25.13274123,0.5340707511,427.2566009,16.09753461,0.03767650301,Sasanka Gylcerol and Oil,G-42.5mm
glycerol,80,45,42.5,1.25,25,240,240,9,5.51,5.477333333,25.13274123,0.5340707511,427.2566009,16.09753461,0.03767650301,Sasanka Gylcerol and Oil,G-42.5mm
glycerol,80,45,42.5,1.25,25,240,240,10,5.48,5.477333333,25.13274123,0.5340707511,427.2566009,16.09753461,0.03767650301,Sasanka Gylcerol and Oil,G-42.5mm
glycerol,80,45,42.5,1.25,25,240,240,11,5.49,5.477333333,25.13274123,0.5340707511,427.2566009,16.09753461,0.03767650301,Sasanka Gylcerol and Oil,G-42.5mm
glycerol,80,45,42.5,1.25,25,240,240,12,5.51,5.477333333,25.13274123,0.5340707511,427.2566009,16.09753461,0.03767650301,Sasanka Gylcerol and Oil,G-42.5mm
glycerol,80,45,42.5,1.25,25,240,240,13,5.49,5.477333333,25.13274123,0.5340707511,427.2566009,16.09753461,0.03767650301,Sasanka Gylcerol and Oil,G-42.5mm
glycerol,80,45,42.5,1.25,25,240,240,14,5.47,5.477333333,25.13274123,0.5340707511,427.2566009,16.09753461,0.03767650301,Sasanka Gylcerol and Oil,G-42.5mm
glycerol,80,45,42.5,1.25,25,240,240,15,5.49,5.477333333,25.13274123,0.5340707511,427.2566009,16.09753461,0.03767650301,Sasanka Gylcerol and Oil,G-42.5mm
glycerol,80,45,42.5,1.25,25,260,260,1,5.61,5.908,27.22713633,0.578576647,462.8613176,17.36323658,0.03751282709,Sasanka Gylcerol and Oil,G-42.5mm
glycerol,80,45,42.5,1.25,25,260,260,2,5.9,5.908,27.22713633,0.578576647,462.8613176,17.36323658,0.03751282709,Sasanka Gylcerol and Oil,G-42.5mm
glycerol,80,45,42.5,1.25,25,260,260,3,5.95,5.908,27.22713633,0.578576647,462.8613176,17.36323658,0.03751282709,Sasanka Gylcerol and Oil,G-42.5mm
glycerol,80,45,42.5,1.25,25,260,260,4,5.96,5.908,27.22713633,0.578576647,462.8613176,17.36323658,0.03751282709,Sasanka Gylcerol and Oil,G-42.5mm
glycerol,80,45,42.5,1.25,25,260,260,5,5.97,5.908,27.22713633,0.578576647,462.8613176,17.36323658,0.03751282709,Sasanka Gylcerol and Oil,G-42.5mm
glycerol,80,45,42.5,1.25,25,260,260,6,5.97,5.908,27.22713633,0.578576647,462.8613176,17.36323658,0.03751282709,Sasanka Gylcerol and Oil,G-42.5mm
glycerol,80,45,42.5,1.25,25,260,260,7,5.96,5.908,27.22713633,0.578576647,462.8613176,17.36323658,0.03751282709,Sasanka Gylcerol and Oil,G-42.5mm
glycerol,80,45,42.5,1.25,25,260,260,8,5.95,5.908,27.22713633,0.578576647,462.8613176,17.36323658,0.03751282709,Sasanka Gylcerol and Oil,G-42.5mm
glycerol,80,45,42.5,1.25,25,260,260,9,5.94,5.908,27.22713633,0.578576647,462.8613176,17.36323658,0.03751282709,Sasanka Gylcerol and Oil,G-42.5mm
glycerol,80,45,42.5,1.25,25,260,260,10,5.92,5.908,27.22713633,0.578576647,462.8613176,17.36323658,0.03751282709,Sasanka Gylcerol and Oil,G-42.5mm
glycerol,80,45,42.5,1.25,25,260,260,11,5.92,5.908,27.22713633,0.578576647,462.8613176,17.36323658,0.03751282709,Sasanka Gylcerol and Oil,G-42.5mm
glycerol,80,45,42.5,1.25,25,260,260,12,5.9,5.908,27.22713633,0.578576647,462.8613176,17.36323658,0.03751282709,Sasanka Gylcerol and Oil,G-42.5mm
glycerol,80,45,42.5,1.25,25,260,260,13,5.9,5.908,27.22713633,0.578576647,462.8613176,17.36323658,0.03751282709,Sasanka Gylcerol and Oil,G-42.5mm
glycerol,80,45,42.5,1.25,25,260,260,14,5.89,5.908,27.22713633,0.578576647,462.8613176,17.36323658,0.03751282709,Sasanka Gylcerol and Oil,G-42.5mm
glycerol,80,45,42.5,1.25,25,260,260,15,5.88,5.908,27.22713633,0.578576647,462.8613176,17.36323658,0.03751282709,Sasanka Gylcerol and Oil,G-42.5mm
glycerol,80,45,42.5,1.25,25,280,280,1,5.92,6.185333333,29.32153143,0.623082543,498.4660344,18.17830162,0.03646848605,Sasanka Gylcerol and Oil,G-42.5mm
glycerol,80,45,42.5,1.25,25,280,280,2,6.13,6.185333333,29.32153143,0.623082543,498.4660344,18.17830162,0.03646848605,Sasanka Gylcerol and Oil,G-42.5mm
glycerol,80,45,42.5,1.25,25,280,280,3,6.21,6.185333333,29.32153143,0.623082543,498.4660344,18.17830162,0.03646848605,Sasanka Gylcerol and Oil,G-42.5mm
glycerol,80,45,42.5,1.25,25,280,280,4,6.23,6.185333333,29.32153143,0.623082543,498.4660344,18.17830162,0.03646848605,Sasanka Gylcerol and Oil,G-42.5mm
glycerol,80,45,42.5,1.25,25,280,280,5,6.23,6.185333333,29.32153143,0.623082543,498.4660344,18.17830162,0.03646848605,Sasanka Gylcerol and Oil,G-42.5mm
glycerol,80,45,42.5,1.25,25,280,280,6,6.24,6.185333333,29.32153143,0.623082543,498.4660344,18.17830162,0.03646848605,Sasanka Gylcerol and Oil,G-42.5mm
glycerol,80,45,42.5,1.25,25,280,280,7,6.24,6.185333333,29.32153143,0.623082543,498.4660344,18.17830162,0.03646848605,Sasanka Gylcerol and Oil,G-42.5mm
glycerol,80,45,42.5,1.25,25,280,280,8,6.23,6.185333333,29.32153143,0.623082543,498.4660344,18.17830162,0.03646848605,Sasanka Gylcerol and Oil,G-42.5mm
glycerol,80,45,42.5,1.25,25,280,280,9,6.23,6.185333333,29.32153143,0.623082543,498.4660344,18.17830162,0.03646848605,Sasanka Gylcerol and Oil,G-42.5mm
glycerol,80,45,42.5,1.25,25,280,280,10,6.19,6.185333333,29.32153143,0.623082543,498.4660344,18.17830162,0.03646848605,Sasanka Gylcerol and Oil,G-42.5mm
glycerol,80,45,42.5,1.25,25,280,280,11,6.18,6.185333333,29.32153143,0.623082543,498.4660344,18.17830162,0.03646848605,Sasanka Gylcerol and Oil,G-42.5mm
glycerol,80,45,42.5,1.25,25,280,280,12,6.19,6.185333333,29.32153143,0.623082543,498.4660344,18.17830162,0.03646848605,Sasanka Gylcerol and Oil,G-42.5mm
glycerol,80,45,42.5,1.25,25,280,280,13,6.2,6.185333333,29.32153143,0.623082543,498.4660344,18.17830162,0.03646848605,Sasanka Gylcerol and Oil,G-42.5mm
glycerol,80,45,42.5,1.25,25,280,280,14,6.19,6.185333333,29.32153143,0.623082543,498.4660344,18.17830162,0.03646848605,Sasanka Gylcerol and Oil,G-42.5mm
glycerol,80,45,42.5,1.25,25,280,280,15,6.17,6.185333333,29.32153143,0.623082543,498.4660344,18.17830162,0.03646848605,Sasanka Gylcerol and Oil,G-42.5mm
glycerol,80,45,42.5,1.25,25,300,300,1,6.23,6.513571429,31.41592654,0.6675884389,534.0707511,19.14297252,0.03584351415,Sasanka Gylcerol and Oil,G-42.5mm
glycerol,80,45,42.5,1.25,25,300,300,2,6.46,6.513571429,31.41592654,0.6675884389,534.0707511,19.14297252,0.03584351415,Sasanka Gylcerol and Oil,G-42.5mm
glycerol,80,45,42.5,1.25,25,300,300,3,6.51,6.513571429,31.41592654,0.6675884389,534.0707511,19.14297252,0.03584351415,Sasanka Gylcerol and Oil,G-42.5mm
glycerol,80,45,42.5,1.25,25,300,300,4,6.53,6.513571429,31.41592654,0.6675884389,534.0707511,19.14297252,0.03584351415,Sasanka Gylcerol and Oil,G-42.5mm
glycerol,80,45,42.5,1.25,25,300,300,5,6.53,6.513571429,31.41592654,0.6675884389,534.0707511,19.14297252,0.03584351415,Sasanka Gylcerol and Oil,G-42.5mm
glycerol,80,45,42.5,1.25,25,300,300,6,6.53,6.513571429,31.41592654,0.6675884389,534.0707511,19.14297252,0.03584351415,Sasanka Gylcerol and Oil,G-42.5mm
glycerol,80,45,42.5,1.25,25,300,300,7,6.53,6.513571429,31.41592654,0.6675884389,534.0707511,19.14297252,0.03584351415,Sasanka Gylcerol and Oil,G-42.5mm
glycerol,80,45,42.5,1.25,25,300,300,8,6.54,6.513571429,31.41592654,0.6675884389,534.0707511,19.14297252,0.03584351415,Sasanka Gylcerol and Oil,G-42.5mm
glycerol,80,45,42.5,1.25,25,300,300,9,6.56,6.513571429,31.41592654,0.6675884389,534.0707511,19.14297252,0.03584351415,Sasanka Gylcerol and Oil,G-42.5mm
glycerol,80,45,42.5,1.25,25,300,300,10,6.56,6.513571429,31.41592654,0.6675884389,534.0707511,19.14297252,0.03584351415,Sasanka Gylcerol and Oil,G-42.5mm
glycerol,80,45,42.5,1.25,25,300,300,11,6.55,6.513571429,31.41592654,0.6675884389,534.0707511,19.14297252,0.03584351415,Sasanka Gylcerol and Oil,G-42.5mm
glycerol,80,45,42.5,1.25,25,300,300,12,6.56,6.513571429,31.41592654,0.6675884389,534.0707511,19.14297252,0.03584351415,Sasanka Gylcerol and Oil,G-42.5mm
glycerol,80,45,42.5,1.25,25,300,300,13,6.56,6.513571429,31.41592654,0.6675884389,534.0707511,19.14297252,0.03584351415,Sasanka Gylcerol and Oil,G-42.5mm
glycerol,80,45,42.5,1.25,25,300,300,14,6.54,6.513571429,31.41592654,0.6675884389,534.0707511,19.14297252,0.03584351415,Sasanka Gylcerol and Oil,G-42.5mm
glycerol,80,45,42.5,1.25,25,320,320,1,6.67,6.83,33.51032164,0.7120943348,569.6754679,20.07293599,0.0352357388,Sasanka Gylcerol and Oil,G-42.5mm
glycerol,80,45,42.5,1.25,25,320,320,2,6.86,6.83,33.51032164,0.7120943348,569.6754679,20.07293599,0.0352357388,Sasanka Gylcerol and Oil,G-42.5mm
glycerol,80,45,42.5,1.25,25,320,320,3,6.85,6.83,33.51032164,0.7120943348,569.6754679,20.07293599,0.0352357388,Sasanka Gylcerol and Oil,G-42.5mm
glycerol,80,45,42.5,1.25,25,320,320,4,6.85,6.83,33.51032164,0.7120943348,569.6754679,20.07293599,0.0352357388,Sasanka Gylcerol and Oil,G-42.5mm
glycerol,80,45,42.5,1.25,25,320,320,5,6.87,6.83,33.51032164,0.7120943348,569.6754679,20.07293599,0.0352357388,Sasanka Gylcerol and Oil,G-42.5mm
glycerol,80,45,42.5,1.25,25,320,320,6,6.85,6.83,33.51032164,0.7120943348,569.6754679,20.07293599,0.0352357388,Sasanka Gylcerol and Oil,G-42.5mm
glycerol,80,45,42.5,1.25,25,320,320,7,6.82,6.83,33.51032164,0.7120943348,569.6754679,20.07293599,0.0352357388,Sasanka Gylcerol and Oil,G-42.5mm
glycerol,80,45,42.5,1.25,25,320,320,8,6.84,6.83,33.51032164,0.7120943348,569.6754679,20.07293599,0.0352357388,Sasanka Gylcerol and Oil,G-42.5mm
glycerol,80,45,42.5,1.25,25,320,320,9,6.85,6.83,33.51032164,0.7120943348,569.6754679,20.07293599,0.0352357388,Sasanka Gylcerol and Oil,G-42.5mm
glycerol,80,45,42.5,1.25,25,320,320,10,6.84,6.83,33.51032164,0.7120943348,569.6754679,20.07293599,0.0352357388,Sasanka Gylcerol and Oil,G-42.5mm
glycerol,80,45,42.5,1.25,25,320,320,11,6.84,6.83,33.51032164,0.7120943348,569.6754679,20.07293599,0.0352357388,Sasanka Gylcerol and Oil,G-42.5mm
glycerol,80,45,42.5,1.25,25,320,320,12,6.83,6.83,33.51032164,0.7120943348,569.6754679,20.07293599,0.0352357388,Sasanka Gylcerol and Oil,G-42.5mm
glycerol,80,45,42.5,1.25,25,320,320,13,6.81,6.83,33.51032164,0.7120943348,569.6754679,20.07293599,0.0352357388,Sasanka Gylcerol and Oil,G-42.5mm
glycerol,80,45,42.5,1.25,25,320,320,14,6.83,6.83,33.51032164,0.7120943348,569.6754679,20.07293599,0.0352357388,Sasanka Gylcerol and Oil,G-42.5mm
glycerol,80,45,42.5,1.25,25,320,320,15,6.84,6.83,33.51032164,0.7120943348,569.6754679,20.07293599,0.0352357388,Sasanka Gylcerol and Oil,G-42.5mm
glycerol,80,45,42.5,1.25,25,320,320,16,6.83,6.83,33.51032164,0.7120943348,569.6754679,20.07293599,0.0352357388,Sasanka Gylcerol and Oil,G-42.5mm
glycerol,80,45,42.5,1.25,25,340,340,1,6.96,7.180588235,35.60471674,0.7566002307,605.2801846,21.10329253,0.0348653286,Sasanka Gylcerol and Oil,G-42.5mm
glycerol,80,45,42.5,1.25,25,340,340,2,7.16,7.180588235,35.60471674,0.7566002307,605.2801846,21.10329253,0.0348653286,Sasanka Gylcerol and Oil,G-42.5mm
glycerol,80,45,42.5,1.25,25,340,340,3,7.19,7.180588235,35.60471674,0.7566002307,605.2801846,21.10329253,0.0348653286,Sasanka Gylcerol and Oil,G-42.5mm
glycerol,80,45,42.5,1.25,25,340,340,4,7.19,7.180588235,35.60471674,0.7566002307,605.2801846,21.10329253,0.0348653286,Sasanka Gylcerol and Oil,G-42.5mm
glycerol,80,45,42.5,1.25,25,340,340,5,7.18,7.180588235,35.60471674,0.7566002307,605.2801846,21.10329253,0.0348653286,Sasanka Gylcerol and Oil,G-42.5mm
glycerol,80,45,42.5,1.25,25,340,340,6,7.19,7.180588235,35.60471674,0.7566002307,605.2801846,21.10329253,0.0348653286,Sasanka Gylcerol and Oil,G-42.5mm
glycerol,80,45,42.5,1.25,25,340,340,7,7.2,7.180588235,35.60471674,0.7566002307,605.2801846,21.10329253,0.0348653286,Sasanka Gylcerol and Oil,G-42.5mm
glycerol,80,45,42.5,1.25,25,340,340,8,7.2,7.180588235,35.60471674,0.7566002307,605.2801846,21.10329253,0.0348653286,Sasanka Gylcerol and Oil,G-42.5mm
glycerol,80,45,42.5,1.25,25,340,340,9,7.2,7.180588235,35.60471674,0.7566002307,605.2801846,21.10329253,0.0348653286,Sasanka Gylcerol and Oil,G-42.5mm
glycerol,80,45,42.5,1.25,25,340,340,10,7.18,7.180588235,35.60471674,0.7566002307,605.2801846,21.10329253,0.0348653286,Sasanka Gylcerol and Oil,G-42.5mm
glycerol,80,45,42.5,1.25,25,340,340,11,7.19,7.180588235,35.60471674,0.7566002307,605.2801846,21.10329253,0.0348653286,Sasanka Gylcerol and Oil,G-42.5mm
glycerol,80,45,42.5,1.25,25,340,340,12,7.19,7.180588235,35.60471674,0.7566002307,605.2801846,21.10329253,0.0348653286,Sasanka Gylcerol and Oil,G-42.5mm
glycerol,80,45,42.5,1.25,25,340,340,13,7.22,7.180588235,35.60471674,0.7566002307,605.2801846,21.10329253,0.0348653286,Sasanka Gylcerol and Oil,G-42.5mm
glycerol,80,45,42.5,1.25,25,340,340,14,7.19,7.180588235,35.60471674,0.7566002307,605.2801846,21.10329253,0.0348653286,Sasanka Gylcerol and Oil,G-42.5mm
glycerol,80,45,42.5,1.25,25,340,340,15,7.19,7.180588235,35.60471674,0.7566002307,605.2801846,21.10329253,0.0348653286,Sasanka Gylcerol and Oil,G-42.5mm
glycerol,80,45,42.5,1.25,25,340,340,16,7.22,7.180588235,35.60471674,0.7566002307,605.2801846,21.10329253,0.0348653286,Sasanka Gylcerol and Oil,G-42.5mm
glycerol,80,45,42.5,1.25,25,340,340,17,7.22,7.180588235,35.60471674,0.7566002307,605.2801846,21.10329253,0.0348653286,Sasanka Gylcerol and Oil,G-42.5mm
glycerol,80,45,42.5,1.25,25,360,360,1,7.37,7.552857143,37.69911184,0.8011061267,640.8849013,22.1973672,0.03463549719,Sasanka Gylcerol and Oil,G-42.5mm
glycerol,80,45,42.5,1.25,25,360,360,2,7.57,7.552857143,37.69911184,0.8011061267,640.8849013,22.1973672,0.03463549719,Sasanka Gylcerol and Oil,G-42.5mm
glycerol,80,45,42.5,1.25,25,360,360,3,7.6,7.552857143,37.69911184,0.8011061267,640.8849013,22.1973672,0.03463549719,Sasanka Gylcerol and Oil,G-42.5mm
glycerol,80,45,42.5,1.25,25,360,360,4,7.59,7.552857143,37.69911184,0.8011061267,640.8849013,22.1973672,0.03463549719,Sasanka Gylcerol and Oil,G-42.5mm
glycerol,80,45,42.5,1.25,25,360,360,5,7.57,7.552857143,37.69911184,0.8011061267,640.8849013,22.1973672,0.03463549719,Sasanka Gylcerol and Oil,G-42.5mm
glycerol,80,45,42.5,1.25,25,360,360,6,7.57,7.552857143,37.69911184,0.8011061267,640.8849013,22.1973672,0.03463549719,Sasanka Gylcerol and Oil,G-42.5mm
glycerol,80,45,42.5,1.25,25,360,360,7,7.59,7.552857143,37.69911184,0.8011061267,640.8849013,22.1973672,0.03463549719,Sasanka Gylcerol and Oil,G-42.5mm
glycerol,80,45,42.5,1.25,25,360,360,8,7.6,7.552857143,37.69911184,0.8011061267,640.8849013,22.1973672,0.03463549719,Sasanka Gylcerol and Oil,G-42.5mm
glycerol,80,45,42.5,1.25,25,360,360,9,7.55,7.552857143,37.69911184,0.8011061267,640.8849013,22.1973672,0.03463549719,Sasanka Gylcerol and Oil,G-42.5mm
glycerol,80,45,42.5,1.25,25,360,360,10,7.52,7.552857143,37.69911184,0.8011061267,640.8849013,22.1973672,0.03463549719,Sasanka Gylcerol and Oil,G-42.5mm
glycerol,80,45,42.5,1.25,25,360,360,11,7.54,7.552857143,37.69911184,0.8011061267,640.8849013,22.1973672,0.03463549719,Sasanka Gylcerol and Oil,G-42.5mm
glycerol,80,45,42.5,1.25,25,360,360,12,7.56,7.552857143,37.69911184,0.8011061267,640.8849013,22.1973672,0.03463549719,Sasanka Gylcerol and Oil,G-42.5mm
glycerol,80,45,42.5,1.25,25,360,360,13,7.55,7.552857143,37.69911184,0.8011061267,640.8849013,22.1973672,0.03463549719,Sasanka Gylcerol and Oil,G-42.5mm
glycerol,80,45,42.5,1.25,25,360,360,14,7.56,7.552857143,37.69911184,0.8011061267,640.8849013,22.1973672,0.03463549719,Sasanka Gylcerol and Oil,G-42.5mm
glycerol,80,45,42.5,1.25,25,380,380,1,7.67,7.875625,39.79350695,0.8456120226,676.4896181,23.14596142,0.03421480655,Sasanka Gylcerol and Oil,G-42.5mm
glycerol,80,45,42.5,1.25,25,380,380,2,7.9,7.875625,39.79350695,0.8456120226,676.4896181,23.14596142,0.03421480655,Sasanka Gylcerol and Oil,G-42.5mm
glycerol,80,45,42.5,1.25,25,380,380,3,7.92,7.875625,39.79350695,0.8456120226,676.4896181,23.14596142,0.03421480655,Sasanka Gylcerol and Oil,G-42.5mm
glycerol,80,45,42.5,1.25,25,380,380,4,7.9,7.875625,39.79350695,0.8456120226,676.4896181,23.14596142,0.03421480655,Sasanka Gylcerol and Oil,G-42.5mm
glycerol,80,45,42.5,1.25,25,380,380,5,7.9,7.875625,39.79350695,0.8456120226,676.4896181,23.14596142,0.03421480655,Sasanka Gylcerol and Oil,G-42.5mm
glycerol,80,45,42.5,1.25,25,380,380,6,7.91,7.875625,39.79350695,0.8456120226,676.4896181,23.14596142,0.03421480655,Sasanka Gylcerol and Oil,G-42.5mm
glycerol,80,45,42.5,1.25,25,380,380,7,7.9,7.875625,39.79350695,0.8456120226,676.4896181,23.14596142,0.03421480655,Sasanka Gylcerol and Oil,G-42.5mm
glycerol,80,45,42.5,1.25,25,380,380,8,7.91,7.875625,39.79350695,0.8456120226,676.4896181,23.14596142,0.03421480655,Sasanka Gylcerol and Oil,G-42.5mm
glycerol,80,45,42.5,1.25,25,380,380,9,7.91,7.875625,39.79350695,0.8456120226,676.4896181,23.14596142,0.03421480655,Sasanka Gylcerol and Oil,G-42.5mm
glycerol,80,45,42.5,1.25,25,380,380,10,7.86,7.875625,39.79350695,0.8456120226,676.4896181,23.14596142,0.03421480655,Sasanka Gylcerol and Oil,G-42.5mm
glycerol,80,45,42.5,1.25,25,380,380,11,7.86,7.875625,39.79350695,0.8456120226,676.4896181,23.14596142,0.03421480655,Sasanka Gylcerol and Oil,G-42.5mm
glycerol,80,45,42.5,1.25,25,380,380,12,7.89,7.875625,39.79350695,0.8456120226,676.4896181,23.14596142,0.03421480655,Sasanka Gylcerol and Oil,G-42.5mm
glycerol,80,45,42.5,1.25,25,380,380,13,7.89,7.875625,39.79350695,0.8456120226,676.4896181,23.14596142,0.03421480655,Sasanka Gylcerol and Oil,G-42.5mm
glycerol,80,45,42.5,1.25,25,380,380,14,7.89,7.875625,39.79350695,0.8456120226,676.4896181,23.14596142,0.03421480655,Sasanka Gylcerol and Oil,G-42.5mm
glycerol,80,45,42.5,1.25,25,380,380,15,7.85,7.875625,39.79350695,0.8456120226,676.4896181,23.14596142,0.03421480655,Sasanka Gylcerol and Oil,G-42.5mm
glycerol,80,45,42.5,1.25,25,380,380,16,7.85,7.875625,39.79350695,0.8456120226,676.4896181,23.14596142,0.03421480655,Sasanka Gylcerol and Oil,G-42.5mm
glycerol,80,45,42.5,1.25,25,400,400,1,7.88,8.228421053,41.88790205,0.8901179185,712.0943348,24.1828066,0.03396011654,Sasanka Gylcerol and Oil,G-42.5mm
glycerol,80,45,42.5,1.25,25,400,400,2,8.11,8.228421053,41.88790205,0.8901179185,712.0943348,24.1828066,0.03396011654,Sasanka Gylcerol and Oil,G-42.5mm
glycerol,80,45,42.5,1.25,25,400,400,3,8.24,8.228421053,41.88790205,0.8901179185,712.0943348,24.1828066,0.03396011654,Sasanka Gylcerol and Oil,G-42.5mm
glycerol,80,45,42.5,1.25,25,400,400,4,8.23,8.228421053,41.88790205,0.8901179185,712.0943348,24.1828066,0.03396011654,Sasanka Gylcerol and Oil,G-42.5mm
glycerol,80,45,42.5,1.25,25,400,400,5,8.23,8.228421053,41.88790205,0.8901179185,712.0943348,24.1828066,0.03396011654,Sasanka Gylcerol and Oil,G-42.5mm
glycerol,80,45,42.5,1.25,25,400,400,6,8.24,8.228421053,41.88790205,0.8901179185,712.0943348,24.1828066,0.03396011654,Sasanka Gylcerol and Oil,G-42.5mm
glycerol,80,45,42.5,1.25,25,400,400,7,8.25,8.228421053,41.88790205,0.8901179185,712.0943348,24.1828066,0.03396011654,Sasanka Gylcerol and Oil,G-42.5mm
glycerol,80,45,42.5,1.25,25,400,400,8,8.26,8.228421053,41.88790205,0.8901179185,712.0943348,24.1828066,0.03396011654,Sasanka Gylcerol and Oil,G-42.5mm
glycerol,80,45,42.5,1.25,25,400,400,9,8.27,8.228421053,41.88790205,0.8901179185,712.0943348,24.1828066,0.03396011654,Sasanka Gylcerol and Oil,G-42.5mm
glycerol,80,45,42.5,1.25,25,400,400,10,8.26,8.228421053,41.88790205,0.8901179185,712.0943348,24.1828066,0.03396011654,Sasanka Gylcerol and Oil,G-42.5mm
glycerol,80,45,42.5,1.25,25,400,400,11,8.24,8.228421053,41.88790205,0.8901179185,712.0943348,24.1828066,0.03396011654,Sasanka Gylcerol and Oil,G-42.5mm
glycerol,80,45,42.5,1.25,25,400,400,12,8.25,8.228421053,41.88790205,0.8901179185,712.0943348,24.1828066,0.03396011654,Sasanka Gylcerol and Oil,G-42.5mm
glycerol,80,45,42.5,1.25,25,400,400,13,8.29,8.228421053,41.88790205,0.8901179185,712.0943348,24.1828066,0.03396011654,Sasanka Gylcerol and Oil,G-42.5mm
glycerol,80,45,42.5,1.25,25,400,400,14,8.3,8.228421053,41.88790205,0.8901179185,712.0943348,24.1828066,0.03396011654,Sasanka Gylcerol and Oil,G-42.5mm
glycerol,80,45,42.5,1.25,25,400,400,15,8.29,8.228421053,41.88790205,0.8901179185,712.0943348,24.1828066,0.03396011654,Sasanka Gylcerol and Oil,G-42.5mm
glycerol,80,45,42.5,1.25,25,400,400,16,8.27,8.228421053,41.88790205,0.8901179185,712.0943348,24.1828066,0.03396011654,Sasanka Gylcerol and Oil,G-42.5mm
glycerol,80,45,42.5,1.25,25,400,400,17,8.25,8.228421053,41.88790205,0.8901179185,712.0943348,24.1828066,0.03396011654,Sasanka Gylcerol and Oil,G-42.5mm
glycerol,80,45,42.5,1.25,25,400,400,18,8.24,8.228421053,41.88790205,0.8901179185,712.0943348,24.1828066,0.03396011654,Sasanka Gylcerol and Oil,G-42.5mm
glycerol,80,45,42.5,1.25,25,400,400,19,8.24,8.228421053,41.88790205,0.8901179185,712.0943348,24.1828066,0.03396011654,Sasanka Gylcerol and Oil,G-42.5mm
glycerol,80,46,43,1.5,25,120,120,1,0.51,1.471875,12.56637061,0.2701769682,180.1179788,4.27544771,0.0237369292,Sasanka Gylcerol and Oil 2,G_80% 43mm
glycerol,80,46,43,1.5,25,120,120,2,0.62,1.471875,12.56637061,0.2701769682,180.1179788,4.27544771,0.0237369292,Sasanka Gylcerol and Oil 2,G_80% 43mm
glycerol,80,46,43,1.5,25,120,120,3,1.56,1.471875,12.56637061,0.2701769682,180.1179788,4.27544771,0.0237369292,Sasanka Gylcerol and Oil 2,G_80% 43mm
glycerol,80,46,43,1.5,25,120,120,4,1.59,1.471875,12.56637061,0.2701769682,180.1179788,4.27544771,0.0237369292,Sasanka Gylcerol and Oil 2,G_80% 43mm
glycerol,80,46,43,1.5,25,120,120,5,1.6,1.471875,12.56637061,0.2701769682,180.1179788,4.27544771,0.0237369292,Sasanka Gylcerol and Oil 2,G_80% 43mm
glycerol,80,46,43,1.5,25,120,120,6,1.6,1.471875,12.56637061,0.2701769682,180.1179788,4.27544771,0.0237369292,Sasanka Gylcerol and Oil 2,G_80% 43mm
glycerol,80,46,43,1.5,25,120,120,7,1.61,1.471875,12.56637061,0.2701769682,180.1179788,4.27544771,0.0237369292,Sasanka Gylcerol and Oil 2,G_80% 43mm
glycerol,80,46,43,1.5,25,120,120,8,1.61,1.471875,12.56637061,0.2701769682,180.1179788,4.27544771,0.0237369292,Sasanka Gylcerol and Oil 2,G_80% 43mm
glycerol,80,46,43,1.5,25,120,120,9,1.61,1.471875,12.56637061,0.2701769682,180.1179788,4.27544771,0.0237369292,Sasanka Gylcerol and Oil 2,G_80% 43mm
glycerol,80,46,43,1.5,25,120,120,10,1.61,1.471875,12.56637061,0.2701769682,180.1179788,4.27544771,0.0237369292,Sasanka Gylcerol and Oil 2,G_80% 43mm
glycerol,80,46,43,1.5,25,120,120,11,1.61,1.471875,12.56637061,0.2701769682,180.1179788,4.27544771,0.0237369292,Sasanka Gylcerol and Oil 2,G_80% 43mm
glycerol,80,46,43,1.5,25,120,120,12,1.6,1.471875,12.56637061,0.2701769682,180.1179788,4.27544771,0.0237369292,Sasanka Gylcerol and Oil 2,G_80% 43mm
glycerol,80,46,43,1.5,25,120,120,13,1.61,1.471875,12.56637061,0.2701769682,180.1179788,4.27544771,0.0237369292,Sasanka Gylcerol and Oil 2,G_80% 43mm
glycerol,80,46,43,1.5,25,120,120,14,1.61,1.471875,12.56637061,0.2701769682,180.1179788,4.27544771,0.0237369292,Sasanka Gylcerol and Oil 2,G_80% 43mm
glycerol,80,46,43,1.5,25,120,120,15,1.6,1.471875,12.56637061,0.2701769682,180.1179788,4.27544771,0.0237369292,Sasanka Gylcerol and Oil 2,G_80% 43mm
glycerol,80,46,43,1.5,25,120,120,16,1.6,1.471875,12.56637061,0.2701769682,180.1179788,4.27544771,0.0237369292,Sasanka Gylcerol and Oil 2,G_80% 43mm
glycerol,80,46,43,1.5,25,130.04,130,1,1.6,1.7385,13.61356817,0.2926917156,195.1278104,5.049930085,0.02588011455,Sasanka Gylcerol and Oil 2,G_80% 43mm
glycerol,80,46,43,1.5,25,130.04,130,2,1.68,1.7385,13.61356817,0.2926917156,195.1278104,5.049930085,0.02588011455,Sasanka Gylcerol and Oil 2,G_80% 43mm
glycerol,80,46,43,1.5,25,130.04,130,3,1.73,1.7385,13.61356817,0.2926917156,195.1278104,5.049930085,0.02588011455,Sasanka Gylcerol and Oil 2,G_80% 43mm
glycerol,80,46,43,1.5,25,130.04,130,4,1.74,1.7385,13.61356817,0.2926917156,195.1278104,5.049930085,0.02588011455,Sasanka Gylcerol and Oil 2,G_80% 43mm
glycerol,80,46,43,1.5,25,130.04,130,5,1.74,1.7385,13.61356817,0.2926917156,195.1278104,5.049930085,0.02588011455,Sasanka Gylcerol and Oil 2,G_80% 43mm
glycerol,80,46,43,1.5,25,130.04,130,6,1.74,1.7385,13.61356817,0.2926917156,195.1278104,5.049930085,0.02588011455,Sasanka Gylcerol and Oil 2,G_80% 43mm
glycerol,80,46,43,1.5,25,130.04,130,7,1.74,1.7385,13.61356817,0.2926917156,195.1278104,5.049930085,0.02588011455,Sasanka Gylcerol and Oil 2,G_80% 43mm
glycerol,80,46,43,1.5,25,130.04,130,8,1.75,1.7385,13.61356817,0.2926917156,195.1278104,5.049930085,0.02588011455,Sasanka Gylcerol and Oil 2,G_80% 43mm
glycerol,80,46,43,1.5,25,130.04,130,9,1.75,1.7385,13.61356817,0.2926917156,195.1278104,5.049930085,0.02588011455,Sasanka Gylcerol and Oil 2,G_80% 43mm
glycerol,80,46,43,1.5,25,130.04,130,10,1.75,1.7385,13.61356817,0.2926917156,195.1278104,5.049930085,0.02588011455,Sasanka Gylcerol and Oil 2,G_80% 43mm
glycerol,80,46,43,1.5,25,130.04,130,11,1.76,1.7385,13.61356817,0.2926917156,195.1278104,5.049930085,0.02588011455,Sasanka Gylcerol and Oil 2,G_80% 43mm
glycerol,80,46,43,1.5,25,130.04,130,12,1.76,1.7385,13.61356817,0.2926917156,195.1278104,5.049930085,0.02588011455,Sasanka Gylcerol and Oil 2,G_80% 43mm
glycerol,80,46,43,1.5,25,130.04,130,13,1.76,1.7385,13.61356817,0.2926917156,195.1278104,5.049930085,0.02588011455,Sasanka Gylcerol and Oil 2,G_80% 43mm
glycerol,80,46,43,1.5,25,130.04,130,14,1.76,1.7385,13.61356817,0.2926917156,195.1278104,5.049930085,0.02588011455,Sasanka Gylcerol and Oil 2,G_80% 43mm
glycerol,80,46,43,1.5,25,130.04,130,15,1.76,1.7385,13.61356817,0.2926917156,195.1278104,5.049930085,0.02588011455,Sasanka Gylcerol and Oil 2,G_80% 43mm
glycerol,80,46,43,1.5,25,130.04,130,16,1.76,1.7385,13.61356817,0.2926917156,195.1278104,5.049930085,0.02588011455,Sasanka Gylcerol and Oil 2,G_80% 43mm
glycerol,80,46,43,1.5,25,130.04,130,17,1.76,1.7385,13.61356817,0.2926917156,195.1278104,5.049930085,0.02588011455,Sasanka Gylcerol and Oil 2,G_80% 43mm
glycerol,80,46,43,1.5,25,130.04,130,18,1.75,1.7385,13.61356817,0.2926917156,195.1278104,5.049930085,0.02588011455,Sasanka Gylcerol and Oil 2,G_80% 43mm
glycerol,80,46,43,1.5,25,130.04,130,19,1.74,1.7385,13.61356817,0.2926917156,195.1278104,5.049930085,0.02588011455,Sasanka Gylcerol and Oil 2,G_80% 43mm
glycerol,80,46,43,1.5,25,130.04,130,20,1.74,1.7385,13.61356817,0.2926917156,195.1278104,5.049930085,0.02588011455,Sasanka Gylcerol and Oil 2,G_80% 43mm
glycerol,80,46,43,1.5,25,140.06,140,1,1.74,1.87,14.66076572,0.3152064629,210.1376419,5.43190639,0.02584927831,Sasanka Gylcerol and Oil 2,G_80% 43mm
glycerol,80,46,43,1.5,25,140.06,140,2,1.82,1.87,14.66076572,0.3152064629,210.1376419,5.43190639,0.02584927831,Sasanka Gylcerol and Oil 2,G_80% 43mm
glycerol,80,46,43,1.5,25,140.06,140,3,1.88,1.87,14.66076572,0.3152064629,210.1376419,5.43190639,0.02584927831,Sasanka Gylcerol and Oil 2,G_80% 43mm
glycerol,80,46,43,1.5,25,140.06,140,4,1.88,1.87,14.66076572,0.3152064629,210.1376419,5.43190639,0.02584927831,Sasanka Gylcerol and Oil 2,G_80% 43mm
glycerol,80,46,43,1.5,25,140.06,140,5,1.88,1.87,14.66076572,0.3152064629,210.1376419,5.43190639,0.02584927831,Sasanka Gylcerol and Oil 2,G_80% 43mm
glycerol,80,46,43,1.5,25,140.06,140,6,1.89,1.87,14.66076572,0.3152064629,210.1376419,5.43190639,0.02584927831,Sasanka Gylcerol and Oil 2,G_80% 43mm
glycerol,80,46,43,1.5,25,140.06,140,7,1.89,1.87,14.66076572,0.3152064629,210.1376419,5.43190639,0.02584927831,Sasanka Gylcerol and Oil 2,G_80% 43mm
glycerol,80,46,43,1.5,25,140.06,140,8,1.89,1.87,14.66076572,0.3152064629,210.1376419,5.43190639,0.02584927831,Sasanka Gylcerol and Oil 2,G_80% 43mm
glycerol,80,46,43,1.5,25,140.06,140,9,1.88,1.87,14.66076572,0.3152064629,210.1376419,5.43190639,0.02584927831,Sasanka Gylcerol and Oil 2,G_80% 43mm
glycerol,80,46,43,1.5,25,140.06,140,10,1.87,1.87,14.66076572,0.3152064629,210.1376419,5.43190639,0.02584927831,Sasanka Gylcerol and Oil 2,G_80% 43mm
glycerol,80,46,43,1.5,25,140.06,140,11,1.87,1.87,14.66076572,0.3152064629,210.1376419,5.43190639,0.02584927831,Sasanka Gylcerol and Oil 2,G_80% 43mm
glycerol,80,46,43,1.5,25,140.06,140,12,1.87,1.87,14.66076572,0.3152064629,210.1376419,5.43190639,0.02584927831,Sasanka Gylcerol and Oil 2,G_80% 43mm
glycerol,80,46,43,1.5,25,140.06,140,13,1.88,1.87,14.66076572,0.3152064629,210.1376419,5.43190639,0.02584927831,Sasanka Gylcerol and Oil 2,G_80% 43mm
glycerol,80,46,43,1.5,25,140.06,140,14,1.88,1.87,14.66076572,0.3152064629,210.1376419,5.43190639,0.02584927831,Sasanka Gylcerol and Oil 2,G_80% 43mm
glycerol,80,46,43,1.5,25,140.06,140,15,1.89,1.87,14.66076572,0.3152064629,210.1376419,5.43190639,0.02584927831,Sasanka Gylcerol and Oil 2,G_80% 43mm
glycerol,80,46,43,1.5,25,140.06,140,16,1.89,1.87,14.66076572,0.3152064629,210.1376419,5.43190639,0.02584927831,Sasanka Gylcerol and Oil 2,G_80% 43mm
glycerol,80,46,43,1.5,25,140.06,140,17,1.88,1.87,14.66076572,0.3152064629,210.1376419,5.43190639,0.02584927831,Sasanka Gylcerol and Oil 2,G_80% 43mm
glycerol,80,46,43,1.5,25,140.06,140,18,1.88,1.87,14.66076572,0.3152064629,210.1376419,5.43190639,0.02584927831,Sasanka Gylcerol and Oil 2,G_80% 43mm
glycerol,80,46,43,1.5,25,140.06,140,19,1.87,1.87,14.66076572,0.3152064629,210.1376419,5.43190639,0.02584927831,Sasanka Gylcerol and Oil 2,G_80% 43mm
glycerol,80,46,43,1.5,25,140.06,140,20,1.87,1.87,14.66076572,0.3152064629,210.1376419,5.43190639,0.02584927831,Sasanka Gylcerol and Oil 2,G_80% 43mm
glycerol,80,46,43,1.5,25,150,150,1,1.87,2.01,15.70796327,0.3377212103,225.1474735,5.838573178,0.02593221717,Sasanka Gylcerol and Oil 2,G_80% 43mm
glycerol,80,46,43,1.5,25,150,150,2,1.97,2.01,15.70796327,0.3377212103,225.1474735,5.838573178,0.02593221717,Sasanka Gylcerol and Oil 2,G_80% 43mm
glycerol,80,46,43,1.5,25,150,150,3,2.02,2.01,15.70796327,0.3377212103,225.1474735,5.838573178,0.02593221717,Sasanka Gylcerol and Oil 2,G_80% 43mm
glycerol,80,46,43,1.5,25,150,150,4,2.02,2.01,15.70796327,0.3377212103,225.1474735,5.838573178,0.02593221717,Sasanka Gylcerol and Oil 2,G_80% 43mm
glycerol,80,46,43,1.5,25,150,150,5,2.02,2.01,15.70796327,0.3377212103,225.1474735,5.838573178,0.02593221717,Sasanka Gylcerol and Oil 2,G_80% 43mm
glycerol,80,46,43,1.5,25,150,150,6,2.02,2.01,15.70796327,0.3377212103,225.1474735,5.838573178,0.02593221717,Sasanka Gylcerol and Oil 2,G_80% 43mm
glycerol,80,46,43,1.5,25,150,150,7,2.02,2.01,15.70796327,0.3377212103,225.1474735,5.838573178,0.02593221717,Sasanka Gylcerol and Oil 2,G_80% 43mm
glycerol,80,46,43,1.5,25,150,150,8,2.02,2.01,15.70796327,0.3377212103,225.1474735,5.838573178,0.02593221717,Sasanka Gylcerol and Oil 2,G_80% 43mm
glycerol,80,46,43,1.5,25,150,150,9,2.02,2.01,15.70796327,0.3377212103,225.1474735,5.838573178,0.02593221717,Sasanka Gylcerol and Oil 2,G_80% 43mm
glycerol,80,46,43,1.5,25,150,150,10,2.02,2.01,15.70796327,0.3377212103,225.1474735,5.838573178,0.02593221717,Sasanka Gylcerol and Oil 2,G_80% 43mm
glycerol,80,46,43,1.5,25,150,150,11,2.02,2.01,15.70796327,0.3377212103,225.1474735,5.838573178,0.02593221717,Sasanka Gylcerol and Oil 2,G_80% 43mm
glycerol,80,46,43,1.5,25,150,150,12,2.02,2.01,15.70796327,0.3377212103,225.1474735,5.838573178,0.02593221717,Sasanka Gylcerol and Oil 2,G_80% 43mm
glycerol,80,46,43,1.5,25,150,150,13,2.02,2.01,15.70796327,0.3377212103,225.1474735,5.838573178,0.02593221717,Sasanka Gylcerol and Oil 2,G_80% 43mm
glycerol,80,46,43,1.5,25,150,150,14,2.02,2.01,15.70796327,0.3377212103,225.1474735,5.838573178,0.02593221717,Sasanka Gylcerol and Oil 2,G_80% 43mm
glycerol,80,46,43,1.5,25,150,150,15,2.02,2.01,15.70796327,0.3377212103,225.1474735,5.838573178,0.02593221717,Sasanka Gylcerol and Oil 2,G_80% 43mm
glycerol,80,46,43,1.5,25,150,150,16,2.02,2.01,15.70796327,0.3377212103,225.1474735,5.838573178,0.02593221717,Sasanka Gylcerol and Oil 2,G_80% 43mm
glycerol,80,46,43,1.5,25,150,150,17,2.02,2.01,15.70796327,0.3377212103,225.1474735,5.838573178,0.02593221717,Sasanka Gylcerol and Oil 2,G_80% 43mm
glycerol,80,46,43,1.5,25,150,150,18,2.02,2.01,15.70796327,0.3377212103,225.1474735,5.838573178,0.02593221717,Sasanka Gylcerol and Oil 2,G_80% 43mm
glycerol,80,46,43,1.5,25,150,150,19,2.02,2.01,15.70796327,0.3377212103,225.1474735,5.838573178,0.02593221717,Sasanka Gylcerol and Oil 2,G_80% 43mm
glycerol,80,46,43,1.5,25,150,150,20,2.02,2.01,15.70796327,0.3377212103,225.1474735,5.838573178,0.02593221717,Sasanka Gylcerol and Oil 2,G_80% 43mm
glycerol,80,46,43,1.5,25,160,160,1,2.03,2.14,16.75516082,0.3602359576,240.1573051,6.216192339,0.02588383617,Sasanka Gylcerol and Oil 2,G_80% 43mm
glycerol,80,46,43,1.5,25,160,160,2,2.1,2.14,16.75516082,0.3602359576,240.1573051,6.216192339,0.02588383617,Sasanka Gylcerol and Oil 2,G_80% 43mm
glycerol,80,46,43,1.5,25,160,160,3,2.14,2.14,16.75516082,0.3602359576,240.1573051,6.216192339,0.02588383617,Sasanka Gylcerol and Oil 2,G_80% 43mm
glycerol,80,46,43,1.5,25,160,160,4,2.14,2.14,16.75516082,0.3602359576,240.1573051,6.216192339,0.02588383617,Sasanka Gylcerol and Oil 2,G_80% 43mm
glycerol,80,46,43,1.5,25,160,160,5,2.16,2.14,16.75516082,0.3602359576,240.1573051,6.216192339,0.02588383617,Sasanka Gylcerol and Oil 2,G_80% 43mm
glycerol,80,46,43,1.5,25,160,160,6,2.15,2.14,16.75516082,0.3602359576,240.1573051,6.216192339,0.02588383617,Sasanka Gylcerol and Oil 2,G_80% 43mm
glycerol,80,46,43,1.5,25,160,160,7,2.14,2.14,16.75516082,0.3602359576,240.1573051,6.216192339,0.02588383617,Sasanka Gylcerol and Oil 2,G_80% 43mm
glycerol,80,46,43,1.5,25,160,160,8,2.15,2.14,16.75516082,0.3602359576,240.1573051,6.216192339,0.02588383617,Sasanka Gylcerol and Oil 2,G_80% 43mm
glycerol,80,46,43,1.5,25,160,160,9,2.16,2.14,16.75516082,0.3602359576,240.1573051,6.216192339,0.02588383617,Sasanka Gylcerol and Oil 2,G_80% 43mm
glycerol,80,46,43,1.5,25,160,160,10,2.15,2.14,16.75516082,0.3602359576,240.1573051,6.216192339,0.02588383617,Sasanka Gylcerol and Oil 2,G_80% 43mm
glycerol,80,46,43,1.5,25,160,160,11,2.14,2.14,16.75516082,0.3602359576,240.1573051,6.216192339,0.02588383617,Sasanka Gylcerol and Oil 2,G_80% 43mm
glycerol,80,46,43,1.5,25,160,160,12,2.15,2.14,16.75516082,0.3602359576,240.1573051,6.216192339,0.02588383617,Sasanka Gylcerol and Oil 2,G_80% 43mm
glycerol,80,46,43,1.5,25,160,160,13,2.16,2.14,16.75516082,0.3602359576,240.1573051,6.216192339,0.02588383617,Sasanka Gylcerol and Oil 2,G_80% 43mm
glycerol,80,46,43,1.5,25,160,160,14,2.15,2.14,16.75516082,0.3602359576,240.1573051,6.216192339,0.02588383617,Sasanka Gylcerol and Oil 2,G_80% 43mm
glycerol,80,46,43,1.5,25,160,160,15,2.14,2.14,16.75516082,0.3602359576,240.1573051,6.216192339,0.02588383617,Sasanka Gylcerol and Oil 2,G_80% 43mm
glycerol,80,46,43,1.5,25,160,160,16,2.15,2.14,16.75516082,0.3602359576,240.1573051,6.216192339,0.02588383617,Sasanka Gylcerol and Oil 2,G_80% 43mm
glycerol,80,46,43,1.5,25,160,160,17,2.15,2.14,16.75516082,0.3602359576,240.1573051,6.216192339,0.02588383617,Sasanka Gylcerol and Oil 2,G_80% 43mm
glycerol,80,46,43,1.5,25,160,160,18,2.14,2.14,16.75516082,0.3602359576,240.1573051,6.216192339,0.02588383617,Sasanka Gylcerol and Oil 2,G_80% 43mm
glycerol,80,46,43,1.5,25,160,160,19,2.15,2.14,16.75516082,0.3602359576,240.1573051,6.216192339,0.02588383617,Sasanka Gylcerol and Oil 2,G_80% 43mm
glycerol,80,46,43,1.5,25,160,160,20,2.15,2.14,16.75516082,0.3602359576,240.1573051,6.216192339,0.02588383617,Sasanka Gylcerol and Oil 2,G_80% 43mm
glycerol,80,46,43,1.5,25,170.07,170,1,2.15,2.26,17.80235837,0.382750705,255.1671366,6.564763872,0.0257273094,Sasanka Gylcerol and Oil 2,G_80% 43mm
glycerol,80,46,43,1.5,25,170.07,170,2,2.22,2.26,17.80235837,0.382750705,255.1671366,6.564763872,0.0257273094,Sasanka Gylcerol and Oil 2,G_80% 43mm
glycerol,80,46,43,1.5,25,170.07,170,3,2.27,2.26,17.80235837,0.382750705,255.1671366,6.564763872,0.0257273094,Sasanka Gylcerol and Oil 2,G_80% 43mm
glycerol,80,46,43,1.5,25,170.07,170,4,2.27,2.26,17.80235837,0.382750705,255.1671366,6.564763872,0.0257273094,Sasanka Gylcerol and Oil 2,G_80% 43mm
glycerol,80,46,43,1.5,25,170.07,170,5,2.26,2.26,17.80235837,0.382750705,255.1671366,6.564763872,0.0257273094,Sasanka Gylcerol and Oil 2,G_80% 43mm
glycerol,80,46,43,1.5,25,170.07,170,6,2.28,2.26,17.80235837,0.382750705,255.1671366,6.564763872,0.0257273094,Sasanka Gylcerol and Oil 2,G_80% 43mm
glycerol,80,46,43,1.5,25,170.07,170,7,2.27,2.26,17.80235837,0.382750705,255.1671366,6.564763872,0.0257273094,Sasanka Gylcerol and Oil 2,G_80% 43mm
glycerol,80,46,43,1.5,25,170.07,170,8,2.26,2.26,17.80235837,0.382750705,255.1671366,6.564763872,0.0257273094,Sasanka Gylcerol and Oil 2,G_80% 43mm
glycerol,80,46,43,1.5,25,170.07,170,9,2.28,2.26,17.80235837,0.382750705,255.1671366,6.564763872,0.0257273094,Sasanka Gylcerol and Oil 2,G_80% 43mm
glycerol,80,46,43,1.5,25,170.07,170,10,2.27,2.26,17.80235837,0.382750705,255.1671366,6.564763872,0.0257273094,Sasanka Gylcerol and Oil 2,G_80% 43mm
glycerol,80,46,43,1.5,25,170.07,170,11,2.26,2.26,17.80235837,0.382750705,255.1671366,6.564763872,0.0257273094,Sasanka Gylcerol and Oil 2,G_80% 43mm
glycerol,80,46,43,1.5,25,170.07,170,12,2.28,2.26,17.80235837,0.382750705,255.1671366,6.564763872,0.0257273094,Sasanka Gylcerol and Oil 2,G_80% 43mm
glycerol,80,46,43,1.5,25,170.07,170,13,2.27,2.26,17.80235837,0.382750705,255.1671366,6.564763872,0.0257273094,Sasanka Gylcerol and Oil 2,G_80% 43mm
glycerol,80,46,43,1.5,25,170.07,170,14,2.26,2.26,17.80235837,0.382750705,255.1671366,6.564763872,0.0257273094,Sasanka Gylcerol and Oil 2,G_80% 43mm
glycerol,80,46,43,1.5,25,170.07,170,15,2.28,2.26,17.80235837,0.382750705,255.1671366,6.564763872,0.0257273094,Sasanka Gylcerol and Oil 2,G_80% 43mm
glycerol,80,46,43,1.5,25,170.07,170,16,2.26,2.26,17.80235837,0.382750705,255.1671366,6.564763872,0.0257273094,Sasanka Gylcerol and Oil 2,G_80% 43mm
glycerol,80,46,43,1.5,25,170.07,170,17,2.26,2.26,17.80235837,0.382750705,255.1671366,6.564763872,0.0257273094,Sasanka Gylcerol and Oil 2,G_80% 43mm
glycerol,80,46,43,1.5,25,170.07,170,18,2.28,2.26,17.80235837,0.382750705,255.1671366,6.564763872,0.0257273094,Sasanka Gylcerol and Oil 2,G_80% 43mm
glycerol,80,46,43,1.5,25,170.07,170,19,2.26,2.26,17.80235837,0.382750705,255.1671366,6.564763872,0.0257273094,Sasanka Gylcerol and Oil 2,G_80% 43mm
glycerol,80,46,43,1.5,25,170.07,170,20,2.26,2.26,17.80235837,0.382750705,255.1671366,6.564763872,0.0257273094,Sasanka Gylcerol and Oil 2,G_80% 43mm
glycerol,80,46,43,1.5,25,180.07,180,1,2.28,2.3825,18.84955592,0.4052654523,270.1769682,6.920597312,0.02561505282,Sasanka Gylcerol and Oil 2,G_80% 43mm
glycerol,80,46,43,1.5,25,180.07,180,2,2.34,2.3825,18.84955592,0.4052654523,270.1769682,6.920597312,0.02561505282,Sasanka Gylcerol and Oil 2,G_80% 43mm
glycerol,80,46,43,1.5,25,180.07,180,3,2.41,2.3825,18.84955592,0.4052654523,270.1769682,6.920597312,0.02561505282,Sasanka Gylcerol and Oil 2,G_80% 43mm
glycerol,80,46,43,1.5,25,180.07,180,4,2.39,2.3825,18.84955592,0.4052654523,270.1769682,6.920597312,0.02561505282,Sasanka Gylcerol and Oil 2,G_80% 43mm
glycerol,80,46,43,1.5,25,180.07,180,5,2.38,2.3825,18.84955592,0.4052654523,270.1769682,6.920597312,0.02561505282,Sasanka Gylcerol and Oil 2,G_80% 43mm
glycerol,80,46,43,1.5,25,180.07,180,6,2.4,2.3825,18.84955592,0.4052654523,270.1769682,6.920597312,0.02561505282,Sasanka Gylcerol and Oil 2,G_80% 43mm
glycerol,80,46,43,1.5,25,180.07,180,7,2.38,2.3825,18.84955592,0.4052654523,270.1769682,6.920597312,0.02561505282,Sasanka Gylcerol and Oil 2,G_80% 43mm
glycerol,80,46,43,1.5,25,180.07,180,8,2.41,2.3825,18.84955592,0.4052654523,270.1769682,6.920597312,0.02561505282,Sasanka Gylcerol and Oil 2,G_80% 43mm
glycerol,80,46,43,1.5,25,180.07,180,9,2.38,2.3825,18.84955592,0.4052654523,270.1769682,6.920597312,0.02561505282,Sasanka Gylcerol and Oil 2,G_80% 43mm
glycerol,80,46,43,1.5,25,180.07,180,10,2.39,2.3825,18.84955592,0.4052654523,270.1769682,6.920597312,0.02561505282,Sasanka Gylcerol and Oil 2,G_80% 43mm
glycerol,80,46,43,1.5,25,180.07,180,11,2.39,2.3825,18.84955592,0.4052654523,270.1769682,6.920597312,0.02561505282,Sasanka Gylcerol and Oil 2,G_80% 43mm
glycerol,80,46,43,1.5,25,180.07,180,12,2.38,2.3825,18.84955592,0.4052654523,270.1769682,6.920597312,0.02561505282,Sasanka Gylcerol and Oil 2,G_80% 43mm
glycerol,80,46,43,1.5,25,180.07,180,13,2.4,2.3825,18.84955592,0.4052654523,270.1769682,6.920597312,0.02561505282,Sasanka Gylcerol and Oil 2,G_80% 43mm
glycerol,80,46,43,1.5,25,180.07,180,14,2.38,2.3825,18.84955592,0.4052654523,270.1769682,6.920597312,0.02561505282,Sasanka Gylcerol and Oil 2,G_80% 43mm
glycerol,80,46,43,1.5,25,180.07,180,15,2.4,2.3825,18.84955592,0.4052654523,270.1769682,6.920597312,0.02561505282,Sasanka Gylcerol and Oil 2,G_80% 43mm
glycerol,80,46,43,1.5,25,180.07,180,16,2.38,2.3825,18.84955592,0.4052654523,270.1769682,6.920597312,0.02561505282,Sasanka Gylcerol and Oil 2,G_80% 43mm
glycerol,80,46,43,1.5,25,180.07,180,17,2.38,2.3825,18.84955592,0.4052654523,270.1769682,6.920597312,0.02561505282,Sasanka Gylcerol and Oil 2,G_80% 43mm
glycerol,80,46,43,1.5,25,180.07,180,18,2.4,2.3825,18.84955592,0.4052654523,270.1769682,6.920597312,0.02561505282,Sasanka Gylcerol and Oil 2,G_80% 43mm
glycerol,80,46,43,1.5,25,180.07,180,19,2.38,2.3825,18.84955592,0.4052654523,270.1769682,6.920597312,0.02561505282,Sasanka Gylcerol and Oil 2,G_80% 43mm
glycerol,80,46,43,1.5,25,180.07,180,20,2.4,2.3825,18.84955592,0.4052654523,270.1769682,6.920597312,0.02561505282,Sasanka Gylcerol and Oil 2,G_80% 43mm
glycerol,80,46,43,1.5,25,190.11,190,1,2.38,2.507,19.89675347,0.4277801997,285.1867998,7.282240278,0.02553498368,Sasanka Gylcerol and Oil 2,G_80% 43mm
glycerol,80,46,43,1.5,25,190.11,190,2,2.49,2.507,19.89675347,0.4277801997,285.1867998,7.282240278,0.02553498368,Sasanka Gylcerol and Oil 2,G_80% 43mm
glycerol,80,46,43,1.5,25,190.11,190,3,2.5,2.507,19.89675347,0.4277801997,285.1867998,7.282240278,0.02553498368,Sasanka Gylcerol and Oil 2,G_80% 43mm
glycerol,80,46,43,1.5,25,190.11,190,4,2.52,2.507,19.89675347,0.4277801997,285.1867998,7.282240278,0.02553498368,Sasanka Gylcerol and Oil 2,G_80% 43mm
glycerol,80,46,43,1.5,25,190.11,190,5,2.51,2.507,19.89675347,0.4277801997,285.1867998,7.282240278,0.02553498368,Sasanka Gylcerol and Oil 2,G_80% 43mm
glycerol,80,46,43,1.5,25,190.11,190,6,2.53,2.507,19.89675347,0.4277801997,285.1867998,7.282240278,0.02553498368,Sasanka Gylcerol and Oil 2,G_80% 43mm
glycerol,80,46,43,1.5,25,190.11,190,7,2.51,2.507,19.89675347,0.4277801997,285.1867998,7.282240278,0.02553498368,Sasanka Gylcerol and Oil 2,G_80% 43mm
glycerol,80,46,43,1.5,25,190.11,190,8,2.52,2.507,19.89675347,0.4277801997,285.1867998,7.282240278,0.02553498368,Sasanka Gylcerol and Oil 2,G_80% 43mm
glycerol,80,46,43,1.5,25,190.11,190,9,2.51,2.507,19.89675347,0.4277801997,285.1867998,7.282240278,0.02553498368,Sasanka Gylcerol and Oil 2,G_80% 43mm
glycerol,80,46,43,1.5,25,190.11,190,10,2.51,2.507,19.89675347,0.4277801997,285.1867998,7.282240278,0.02553498368,Sasanka Gylcerol and Oil 2,G_80% 43mm
glycerol,80,46,43,1.5,25,190.11,190,11,2.51,2.507,19.89675347,0.4277801997,285.1867998,7.282240278,0.02553498368,Sasanka Gylcerol and Oil 2,G_80% 43mm
glycerol,80,46,43,1.5,25,190.11,190,12,2.52,2.507,19.89675347,0.4277801997,285.1867998,7.282240278,0.02553498368,Sasanka Gylcerol and Oil 2,G_80% 43mm
glycerol,80,46,43,1.5,25,190.11,190,13,2.51,2.507,19.89675347,0.4277801997,285.1867998,7.282240278,0.02553498368,Sasanka Gylcerol and Oil 2,G_80% 43mm
glycerol,80,46,43,1.5,25,190.11,190,14,2.52,2.507,19.89675347,0.4277801997,285.1867998,7.282240278,0.02553498368,Sasanka Gylcerol and Oil 2,G_80% 43mm
glycerol,80,46,43,1.5,25,190.11,190,15,2.51,2.507,19.89675347,0.4277801997,285.1867998,7.282240278,0.02553498368,Sasanka Gylcerol and Oil 2,G_80% 43mm
glycerol,80,46,43,1.5,25,190.11,190,16,2.53,2.507,19.89675347,0.4277801997,285.1867998,7.282240278,0.02553498368,Sasanka Gylcerol and Oil 2,G_80% 43mm
glycerol,80,46,43,1.5,25,190.11,190,17,2.52,2.507,19.89675347,0.4277801997,285.1867998,7.282240278,0.02553498368,Sasanka Gylcerol and Oil 2,G_80% 43mm
glycerol,80,46,43,1.5,25,190.11,190,18,2.52,2.507,19.89675347,0.4277801997,285.1867998,7.282240278,0.02553498368,Sasanka Gylcerol and Oil 2,G_80% 43mm
glycerol,80,46,43,1.5,25,190.11,190,19,2.51,2.507,19.89675347,0.4277801997,285.1867998,7.282240278,0.02553498368,Sasanka Gylcerol and Oil 2,G_80% 43mm
glycerol,80,46,43,1.5,25,190.11,190,20,2.51,2.507,19.89675347,0.4277801997,285.1867998,7.282240278,0.02553498368,Sasanka Gylcerol and Oil 2,G_80% 43mm
glycerol,80,46,43,1.5,25,200,200,1,2.53,2.6345,20.94395102,0.450294947,300.1966313,7.652597532,0.02549195005,Sasanka Gylcerol and Oil 2,G_80% 43mm
glycerol,80,46,43,1.5,25,200,200,2,2.61,2.6345,20.94395102,0.450294947,300.1966313,7.652597532,0.02549195005,Sasanka Gylcerol and Oil 2,G_80% 43mm
glycerol,80,46,43,1.5,25,200,200,3,2.63,2.6345,20.94395102,0.450294947,300.1966313,7.652597532,0.02549195005,Sasanka Gylcerol and Oil 2,G_80% 43mm
glycerol,80,46,43,1.5,25,200,200,4,2.65,2.6345,20.94395102,0.450294947,300.1966313,7.652597532,0.02549195005,Sasanka Gylcerol and Oil 2,G_80% 43mm
glycerol,80,46,43,1.5,25,200,200,5,2.63,2.6345,20.94395102,0.450294947,300.1966313,7.652597532,0.02549195005,Sasanka Gylcerol and Oil 2,G_80% 43mm
glycerol,80,46,43,1.5,25,200,200,6,2.66,2.6345,20.94395102,0.450294947,300.1966313,7.652597532,0.02549195005,Sasanka Gylcerol and Oil 2,G_80% 43mm
glycerol,80,46,43,1.5,25,200,200,7,2.63,2.6345,20.94395102,0.450294947,300.1966313,7.652597532,0.02549195005,Sasanka Gylcerol and Oil 2,G_80% 43mm
glycerol,80,46,43,1.5,25,200,200,8,2.65,2.6345,20.94395102,0.450294947,300.1966313,7.652597532,0.02549195005,Sasanka Gylcerol and Oil 2,G_80% 43mm
glycerol,80,46,43,1.5,25,200,200,9,2.65,2.6345,20.94395102,0.450294947,300.1966313,7.652597532,0.02549195005,Sasanka Gylcerol and Oil 2,G_80% 43mm
glycerol,80,46,43,1.5,25,200,200,10,2.64,2.6345,20.94395102,0.450294947,300.1966313,7.652597532,0.02549195005,Sasanka Gylcerol and Oil 2,G_80% 43mm
glycerol,80,46,43,1.5,25,200,200,11,2.64,2.6345,20.94395102,0.450294947,300.1966313,7.652597532,0.02549195005,Sasanka Gylcerol and Oil 2,G_80% 43mm
glycerol,80,46,43,1.5,25,200,200,12,2.62,2.6345,20.94395102,0.450294947,300.1966313,7.652597532,0.02549195005,Sasanka Gylcerol and Oil 2,G_80% 43mm
glycerol,80,46,43,1.5,25,200,200,13,2.65,2.6345,20.94395102,0.450294947,300.1966313,7.652597532,0.02549195005,Sasanka Gylcerol and Oil 2,G_80% 43mm
glycerol,80,46,43,1.5,25,200,200,14,2.63,2.6345,20.94395102,0.450294947,300.1966313,7.652597532,0.02549195005,Sasanka Gylcerol and Oil 2,G_80% 43mm
glycerol,80,46,43,1.5,25,200,200,15,2.65,2.6345,20.94395102,0.450294947,300.1966313,7.652597532,0.02549195005,Sasanka Gylcerol and Oil 2,G_80% 43mm
glycerol,80,46,43,1.5,25,200,200,16,2.65,2.6345,20.94395102,0.450294947,300.1966313,7.652597532,0.02549195005,Sasanka Gylcerol and Oil 2,G_80% 43mm
glycerol,80,46,43,1.5,25,200,200,17,2.64,2.6345,20.94395102,0.450294947,300.1966313,7.652597532,0.02549195005,Sasanka Gylcerol and Oil 2,G_80% 43mm
glycerol,80,46,43,1.5,25,200,200,18,2.65,2.6345,20.94395102,0.450294947,300.1966313,7.652597532,0.02549195005,Sasanka Gylcerol and Oil 2,G_80% 43mm
glycerol,80,46,43,1.5,25,200,200,19,2.63,2.6345,20.94395102,0.450294947,300.1966313,7.652597532,0.02549195005,Sasanka Gylcerol and Oil 2,G_80% 43mm
glycerol,80,46,43,1.5,25,200,200,20,2.65,2.6345,20.94395102,0.450294947,300.1966313,7.652597532,0.02549195005,Sasanka Gylcerol and Oil 2,G_80% 43mm
glycerol,80,46,43,1.5,25,210.08,210,1,2.64,2.759,21.99114858,0.4728096944,315.2064629,8.014240497,0.02542536858,Sasanka Gylcerol and Oil 2,G_80% 43mm
glycerol,80,46,43,1.5,25,210.08,210,2,2.74,2.759,21.99114858,0.4728096944,315.2064629,8.014240497,0.02542536858,Sasanka Gylcerol and Oil 2,G_80% 43mm
glycerol,80,46,43,1.5,25,210.08,210,3,2.78,2.759,21.99114858,0.4728096944,315.2064629,8.014240497,0.02542536858,Sasanka Gylcerol and Oil 2,G_80% 43mm
glycerol,80,46,43,1.5,25,210.08,210,4,2.76,2.759,21.99114858,0.4728096944,315.2064629,8.014240497,0.02542536858,Sasanka Gylcerol and Oil 2,G_80% 43mm
glycerol,80,46,43,1.5,25,210.08,210,5,2.78,2.759,21.99114858,0.4728096944,315.2064629,8.014240497,0.02542536858,Sasanka Gylcerol and Oil 2,G_80% 43mm
glycerol,80,46,43,1.5,25,210.08,210,6,2.77,2.759,21.99114858,0.4728096944,315.2064629,8.014240497,0.02542536858,Sasanka Gylcerol and Oil 2,G_80% 43mm
glycerol,80,46,43,1.5,25,210.08,210,7,2.76,2.759,21.99114858,0.4728096944,315.2064629,8.014240497,0.02542536858,Sasanka Gylcerol and Oil 2,G_80% 43mm
glycerol,80,46,43,1.5,25,210.08,210,8,2.77,2.759,21.99114858,0.4728096944,315.2064629,8.014240497,0.02542536858,Sasanka Gylcerol and Oil 2,G_80% 43mm
glycerol,80,46,43,1.5,25,210.08,210,9,2.76,2.759,21.99114858,0.4728096944,315.2064629,8.014240497,0.02542536858,Sasanka Gylcerol and Oil 2,G_80% 43mm
glycerol,80,46,43,1.5,25,210.08,210,10,2.77,2.759,21.99114858,0.4728096944,315.2064629,8.014240497,0.02542536858,Sasanka Gylcerol and Oil 2,G_80% 43mm
glycerol,80,46,43,1.5,25,210.08,210,11,2.77,2.759,21.99114858,0.4728096944,315.2064629,8.014240497,0.02542536858,Sasanka Gylcerol and Oil 2,G_80% 43mm
glycerol,80,46,43,1.5,25,210.08,210,12,2.76,2.759,21.99114858,0.4728096944,315.2064629,8.014240497,0.02542536858,Sasanka Gylcerol and Oil 2,G_80% 43mm
glycerol,80,46,43,1.5,25,210.08,210,13,2.76,2.759,21.99114858,0.4728096944,315.2064629,8.014240497,0.02542536858,Sasanka Gylcerol and Oil 2,G_80% 43mm
glycerol,80,46,43,1.5,25,210.08,210,14,2.77,2.759,21.99114858,0.4728096944,315.2064629,8.014240497,0.02542536858,Sasanka Gylcerol and Oil 2,G_80% 43mm
glycerol,80,46,43,1.5,25,210.08,210,15,2.76,2.759,21.99114858,0.4728096944,315.2064629,8.014240497,0.02542536858,Sasanka Gylcerol and Oil 2,G_80% 43mm
glycerol,80,46,43,1.5,25,210.08,210,16,2.77,2.759,21.99114858,0.4728096944,315.2064629,8.014240497,0.02542536858,Sasanka Gylcerol and Oil 2,G_80% 43mm
glycerol,80,46,43,1.5,25,210.08,210,17,2.77,2.759,21.99114858,0.4728096944,315.2064629,8.014240497,0.02542536858,Sasanka Gylcerol and Oil 2,G_80% 43mm
glycerol,80,46,43,1.5,25,210.08,210,18,2.76,2.759,21.99114858,0.4728096944,315.2064629,8.014240497,0.02542536858,Sasanka Gylcerol and Oil 2,G_80% 43mm
glycerol,80,46,43,1.5,25,210.08,210,19,2.77,2.759,21.99114858,0.4728096944,315.2064629,8.014240497,0.02542536858,Sasanka Gylcerol and Oil 2,G_80% 43mm
glycerol,80,46,43,1.5,25,210.08,210,20,2.76,2.759,21.99114858,0.4728096944,315.2064629,8.014240497,0.02542536858,Sasanka Gylcerol and Oil 2,G_80% 43mm
glycerol,80,46,43,1.5,25,220.1,220,1,2.77,2.877,23.03834613,0.4953244417,330.2162945,8.357002505,0.02530766242,Sasanka Gylcerol and Oil 2,G_80% 43mm
glycerol,80,46,43,1.5,25,220.1,220,2,2.86,2.877,23.03834613,0.4953244417,330.2162945,8.357002505,0.02530766242,Sasanka Gylcerol and Oil 2,G_80% 43mm
glycerol,80,46,43,1.5,25,220.1,220,3,2.89,2.877,23.03834613,0.4953244417,330.2162945,8.357002505,0.02530766242,Sasanka Gylcerol and Oil 2,G_80% 43mm
glycerol,80,46,43,1.5,25,220.1,220,4,2.88,2.877,23.03834613,0.4953244417,330.2162945,8.357002505,0.02530766242,Sasanka Gylcerol and Oil 2,G_80% 43mm
glycerol,80,46,43,1.5,25,220.1,220,5,2.89,2.877,23.03834613,0.4953244417,330.2162945,8.357002505,0.02530766242,Sasanka Gylcerol and Oil 2,G_80% 43mm
glycerol,80,46,43,1.5,25,220.1,220,6,2.89,2.877,23.03834613,0.4953244417,330.2162945,8.357002505,0.02530766242,Sasanka Gylcerol and Oil 2,G_80% 43mm
glycerol,80,46,43,1.5,25,220.1,220,7,2.88,2.877,23.03834613,0.4953244417,330.2162945,8.357002505,0.02530766242,Sasanka Gylcerol and Oil 2,G_80% 43mm
glycerol,80,46,43,1.5,25,220.1,220,8,2.88,2.877,23.03834613,0.4953244417,330.2162945,8.357002505,0.02530766242,Sasanka Gylcerol and Oil 2,G_80% 43mm
glycerol,80,46,43,1.5,25,220.1,220,9,2.89,2.877,23.03834613,0.4953244417,330.2162945,8.357002505,0.02530766242,Sasanka Gylcerol and Oil 2,G_80% 43mm
glycerol,80,46,43,1.5,25,220.1,220,10,2.88,2.877,23.03834613,0.4953244417,330.2162945,8.357002505,0.02530766242,Sasanka Gylcerol and Oil 2,G_80% 43mm
glycerol,80,46,43,1.5,25,220.1,220,11,2.88,2.877,23.03834613,0.4953244417,330.2162945,8.357002505,0.02530766242,Sasanka Gylcerol and Oil 2,G_80% 43mm
glycerol,80,46,43,1.5,25,220.1,220,12,2.88,2.877,23.03834613,0.4953244417,330.2162945,8.357002505,0.02530766242,Sasanka Gylcerol and Oil 2,G_80% 43mm
glycerol,80,46,43,1.5,25,220.1,220,13,2.89,2.877,23.03834613,0.4953244417,330.2162945,8.357002505,0.02530766242,Sasanka Gylcerol and Oil 2,G_80% 43mm
glycerol,80,46,43,1.5,25,220.1,220,14,2.88,2.877,23.03834613,0.4953244417,330.2162945,8.357002505,0.02530766242,Sasanka Gylcerol and Oil 2,G_80% 43mm
glycerol,80,46,43,1.5,25,220.1,220,15,2.88,2.877,23.03834613,0.4953244417,330.2162945,8.357002505,0.02530766242,Sasanka Gylcerol and Oil 2,G_80% 43mm
glycerol,80,46,43,1.5,25,220.1,220,16,2.89,2.877,23.03834613,0.4953244417,330.2162945,8.357002505,0.02530766242,Sasanka Gylcerol and Oil 2,G_80% 43mm
glycerol,80,46,43,1.5,25,220.1,220,17,2.88,2.877,23.03834613,0.4953244417,330.2162945,8.357002505,0.02530766242,Sasanka Gylcerol and Oil 2,G_80% 43mm
glycerol,80,46,43,1.5,25,220.1,220,18,2.88,2.877,23.03834613,0.4953244417,330.2162945,8.357002505,0.02530766242,Sasanka Gylcerol and Oil 2,G_80% 43mm
glycerol,80,46,43,1.5,25,220.1,220,19,2.88,2.877,23.03834613,0.4953244417,330.2162945,8.357002505,0.02530766242,Sasanka Gylcerol and Oil 2,G_80% 43mm
glycerol,80,46,43,1.5,25,220.1,220,20,2.89,2.877,23.03834613,0.4953244417,330.2162945,8.357002505,0.02530766242,Sasanka Gylcerol and Oil 2,G_80% 43mm
glycerol,80,46,43,1.5,25,230.06,230,1,2.89,2.9985,24.08554368,0.5178391891,345.226126,8.709931182,0.02522964088,Sasanka Gylcerol and Oil 2,G_80% 43mm
glycerol,80,46,43,1.5,25,230.06,230,2,2.98,2.9985,24.08554368,0.5178391891,345.226126,8.709931182,0.02522964088,Sasanka Gylcerol and Oil 2,G_80% 43mm
glycerol,80,46,43,1.5,25,230.06,230,3,3.01,2.9985,24.08554368,0.5178391891,345.226126,8.709931182,0.02522964088,Sasanka Gylcerol and Oil 2,G_80% 43mm
glycerol,80,46,43,1.5,25,230.06,230,4,3,2.9985,24.08554368,0.5178391891,345.226126,8.709931182,0.02522964088,Sasanka Gylcerol and Oil 2,G_80% 43mm
glycerol,80,46,43,1.5,25,230.06,230,5,3,2.9985,24.08554368,0.5178391891,345.226126,8.709931182,0.02522964088,Sasanka Gylcerol and Oil 2,G_80% 43mm
glycerol,80,46,43,1.5,25,230.06,230,6,3.01,2.9985,24.08554368,0.5178391891,345.226126,8.709931182,0.02522964088,Sasanka Gylcerol and Oil 2,G_80% 43mm
glycerol,80,46,43,1.5,25,230.06,230,7,3.01,2.9985,24.08554368,0.5178391891,345.226126,8.709931182,0.02522964088,Sasanka Gylcerol and Oil 2,G_80% 43mm
glycerol,80,46,43,1.5,25,230.06,230,8,3.01,2.9985,24.08554368,0.5178391891,345.226126,8.709931182,0.02522964088,Sasanka Gylcerol and Oil 2,G_80% 43mm
glycerol,80,46,43,1.5,25,230.06,230,9,3.01,2.9985,24.08554368,0.5178391891,345.226126,8.709931182,0.02522964088,Sasanka Gylcerol and Oil 2,G_80% 43mm
glycerol,80,46,43,1.5,25,230.06,230,10,3.01,2.9985,24.08554368,0.5178391891,345.226126,8.709931182,0.02522964088,Sasanka Gylcerol and Oil 2,G_80% 43mm
glycerol,80,46,43,1.5,25,230.06,230,11,3.01,2.9985,24.08554368,0.5178391891,345.226126,8.709931182,0.02522964088,Sasanka Gylcerol and Oil 2,G_80% 43mm
glycerol,80,46,43,1.5,25,230.06,230,12,3.01,2.9985,24.08554368,0.5178391891,345.226126,8.709931182,0.02522964088,Sasanka Gylcerol and Oil 2,G_80% 43mm
glycerol,80,46,43,1.5,25,230.06,230,13,3.01,2.9985,24.08554368,0.5178391891,345.226126,8.709931182,0.02522964088,Sasanka Gylcerol and Oil 2,G_80% 43mm
glycerol,80,46,43,1.5,25,230.06,230,14,3,2.9985,24.08554368,0.5178391891,345.226126,8.709931182,0.02522964088,Sasanka Gylcerol and Oil 2,G_80% 43mm
glycerol,80,46,43,1.5,25,230.06,230,15,2.99,2.9985,24.08554368,0.5178391891,345.226126,8.709931182,0.02522964088,Sasanka Gylcerol and Oil 2,G_80% 43mm
glycerol,80,46,43,1.5,25,230.06,230,16,3,2.9985,24.08554368,0.5178391891,345.226126,8.709931182,0.02522964088,Sasanka Gylcerol and Oil 2,G_80% 43mm
glycerol,80,46,43,1.5,25,230.06,230,17,3.01,2.9985,24.08554368,0.5178391891,345.226126,8.709931182,0.02522964088,Sasanka Gylcerol and Oil 2,G_80% 43mm
glycerol,80,46,43,1.5,25,230.06,230,18,3.01,2.9985,24.08554368,0.5178391891,345.226126,8.709931182,0.02522964088,Sasanka Gylcerol and Oil 2,G_80% 43mm
glycerol,80,46,43,1.5,25,230.06,230,19,3,2.9985,24.08554368,0.5178391891,345.226126,8.709931182,0.02522964088,Sasanka Gylcerol and Oil 2,G_80% 43mm
glycerol,80,46,43,1.5,25,230.06,230,20,3,2.9985,24.08554368,0.5178391891,345.226126,8.709931182,0.02522964088,Sasanka Gylcerol and Oil 2,G_80% 43mm
glycerol,80,46,43,1.5,25,240,240,1,3.02,3.114,25.13274123,0.5403539364,360.2359576,9.045431282,0.02510974013,Sasanka Gylcerol and Oil 2,G_80% 43mm
glycerol,80,46,43,1.5,25,240,240,2,3.1,3.114,25.13274123,0.5403539364,360.2359576,9.045431282,0.02510974013,Sasanka Gylcerol and Oil 2,G_80% 43mm
glycerol,80,46,43,1.5,25,240,240,3,3.13,3.114,25.13274123,0.5403539364,360.2359576,9.045431282,0.02510974013,Sasanka Gylcerol and Oil 2,G_80% 43mm
glycerol,80,46,43,1.5,25,240,240,4,3.12,3.114,25.13274123,0.5403539364,360.2359576,9.045431282,0.02510974013,Sasanka Gylcerol and Oil 2,G_80% 43mm
glycerol,80,46,43,1.5,25,240,240,5,3.11,3.114,25.13274123,0.5403539364,360.2359576,9.045431282,0.02510974013,Sasanka Gylcerol and Oil 2,G_80% 43mm
glycerol,80,46,43,1.5,25,240,240,6,3.12,3.114,25.13274123,0.5403539364,360.2359576,9.045431282,0.02510974013,Sasanka Gylcerol and Oil 2,G_80% 43mm
glycerol,80,46,43,1.5,25,240,240,7,3.12,3.114,25.13274123,0.5403539364,360.2359576,9.045431282,0.02510974013,Sasanka Gylcerol and Oil 2,G_80% 43mm
glycerol,80,46,43,1.5,25,240,240,8,3.13,3.114,25.13274123,0.5403539364,360.2359576,9.045431282,0.02510974013,Sasanka Gylcerol and Oil 2,G_80% 43mm
glycerol,80,46,43,1.5,25,240,240,9,3.13,3.114,25.13274123,0.5403539364,360.2359576,9.045431282,0.02510974013,Sasanka Gylcerol and Oil 2,G_80% 43mm
glycerol,80,46,43,1.5,25,240,240,10,3.13,3.114,25.13274123,0.5403539364,360.2359576,9.045431282,0.02510974013,Sasanka Gylcerol and Oil 2,G_80% 43mm
glycerol,80,46,43,1.5,25,240,240,11,3.12,3.114,25.13274123,0.5403539364,360.2359576,9.045431282,0.02510974013,Sasanka Gylcerol and Oil 2,G_80% 43mm
glycerol,80,46,43,1.5,25,240,240,12,3.11,3.114,25.13274123,0.5403539364,360.2359576,9.045431282,0.02510974013,Sasanka Gylcerol and Oil 2,G_80% 43mm
glycerol,80,46,43,1.5,25,240,240,13,3.11,3.114,25.13274123,0.5403539364,360.2359576,9.045431282,0.02510974013,Sasanka Gylcerol and Oil 2,G_80% 43mm
glycerol,80,46,43,1.5,25,240,240,14,3.11,3.114,25.13274123,0.5403539364,360.2359576,9.045431282,0.02510974013,Sasanka Gylcerol and Oil 2,G_80% 43mm
glycerol,80,46,43,1.5,25,240,240,15,3.12,3.114,25.13274123,0.5403539364,360.2359576,9.045431282,0.02510974013,Sasanka Gylcerol and Oil 2,G_80% 43mm
glycerol,80,46,43,1.5,25,240,240,16,3.13,3.114,25.13274123,0.5403539364,360.2359576,9.045431282,0.02510974013,Sasanka Gylcerol and Oil 2,G_80% 43mm
glycerol,80,46,43,1.5,25,240,240,17,3.13,3.114,25.13274123,0.5403539364,360.2359576,9.045431282,0.02510974013,Sasanka Gylcerol and Oil 2,G_80% 43mm
glycerol,80,46,43,1.5,25,240,240,18,3.12,3.114,25.13274123,0.5403539364,360.2359576,9.045431282,0.02510974013,Sasanka Gylcerol and Oil 2,G_80% 43mm
glycerol,80,46,43,1.5,25,240,240,19,3.11,3.114,25.13274123,0.5403539364,360.2359576,9.045431282,0.02510974013,Sasanka Gylcerol and Oil 2,G_80% 43mm
glycerol,80,46,43,1.5,25,240,240,20,3.11,3.114,25.13274123,0.5403539364,360.2359576,9.045431282,0.02510974013,Sasanka Gylcerol and Oil 2,G_80% 43mm
glycerol,80,46,43,1.5,25,250,250,1,3.12,3.2155,26.17993878,0.5628686838,375.2457892,9.340264704,0.024891058,Sasanka Gylcerol and Oil 2,G_80% 43mm
glycerol,80,46,43,1.5,25,250,250,2,3.2,3.2155,26.17993878,0.5628686838,375.2457892,9.340264704,0.024891058,Sasanka Gylcerol and Oil 2,G_80% 43mm
glycerol,80,46,43,1.5,25,250,250,3,3.23,3.2155,26.17993878,0.5628686838,375.2457892,9.340264704,0.024891058,Sasanka Gylcerol and Oil 2,G_80% 43mm
glycerol,80,46,43,1.5,25,250,250,4,3.23,3.2155,26.17993878,0.5628686838,375.2457892,9.340264704,0.024891058,Sasanka Gylcerol and Oil 2,G_80% 43mm
glycerol,80,46,43,1.5,25,250,250,5,3.24,3.2155,26.17993878,0.5628686838,375.2457892,9.340264704,0.024891058,Sasanka Gylcerol and Oil 2,G_80% 43mm
glycerol,80,46,43,1.5,25,250,250,6,3.24,3.2155,26.17993878,0.5628686838,375.2457892,9.340264704,0.024891058,Sasanka Gylcerol and Oil 2,G_80% 43mm
glycerol,80,46,43,1.5,25,250,250,7,3.24,3.2155,26.17993878,0.5628686838,375.2457892,9.340264704,0.024891058,Sasanka Gylcerol and Oil 2,G_80% 43mm
glycerol,80,46,43,1.5,25,250,250,8,3.23,3.2155,26.17993878,0.5628686838,375.2457892,9.340264704,0.024891058,Sasanka Gylcerol and Oil 2,G_80% 43mm
glycerol,80,46,43,1.5,25,250,250,9,3.23,3.2155,26.17993878,0.5628686838,375.2457892,9.340264704,0.024891058,Sasanka Gylcerol and Oil 2,G_80% 43mm
glycerol,80,46,43,1.5,25,250,250,10,3.23,3.2155,26.17993878,0.5628686838,375.2457892,9.340264704,0.024891058,Sasanka Gylcerol and Oil 2,G_80% 43mm
glycerol,80,46,43,1.5,25,250,250,11,3.23,3.2155,26.17993878,0.5628686838,375.2457892,9.340264704,0.024891058,Sasanka Gylcerol and Oil 2,G_80% 43mm
glycerol,80,46,43,1.5,25,250,250,12,3.21,3.2155,26.17993878,0.5628686838,375.2457892,9.340264704,0.024891058,Sasanka Gylcerol and Oil 2,G_80% 43mm
glycerol,80,46,43,1.5,25,250,250,13,3.21,3.2155,26.17993878,0.5628686838,375.2457892,9.340264704,0.024891058,Sasanka Gylcerol and Oil 2,G_80% 43mm
glycerol,80,46,43,1.5,25,250,250,14,3.21,3.2155,26.17993878,0.5628686838,375.2457892,9.340264704,0.024891058,Sasanka Gylcerol and Oil 2,G_80% 43mm
glycerol,80,46,43,1.5,25,250,250,15,3.2,3.2155,26.17993878,0.5628686838,375.2457892,9.340264704,0.024891058,Sasanka Gylcerol and Oil 2,G_80% 43mm
glycerol,80,46,43,1.5,25,250,250,16,3.2,3.2155,26.17993878,0.5628686838,375.2457892,9.340264704,0.024891058,Sasanka Gylcerol and Oil 2,G_80% 43mm
glycerol,80,46,43,1.5,25,250,250,17,3.21,3.2155,26.17993878,0.5628686838,375.2457892,9.340264704,0.024891058,Sasanka Gylcerol and Oil 2,G_80% 43mm
glycerol,80,46,43,1.5,25,250,250,18,3.21,3.2155,26.17993878,0.5628686838,375.2457892,9.340264704,0.024891058,Sasanka Gylcerol and Oil 2,G_80% 43mm
glycerol,80,46,43,1.5,25,250,250,19,3.22,3.2155,26.17993878,0.5628686838,375.2457892,9.340264704,0.024891058,Sasanka Gylcerol and Oil 2,G_80% 43mm
glycerol,80,46,43,1.5,25,250,250,20,3.22,3.2155,26.17993878,0.5628686838,375.2457892,9.340264704,0.024891058,Sasanka Gylcerol and Oil 2,G_80% 43mm
glycerol,80,46,43,1.5,25,260.19,260,1,3.24,3.3215,27.22713633,0.5853834311,390.2556207,9.648169558,0.02472269212,Sasanka Gylcerol and Oil 2,G_80% 43mm
glycerol,80,46,43,1.5,25,260.19,260,2,3.32,3.3215,27.22713633,0.5853834311,390.2556207,9.648169558,0.02472269212,Sasanka Gylcerol and Oil 2,G_80% 43mm
glycerol,80,46,43,1.5,25,260.19,260,3,3.34,3.3215,27.22713633,0.5853834311,390.2556207,9.648169558,0.02472269212,Sasanka Gylcerol and Oil 2,G_80% 43mm
glycerol,80,46,43,1.5,25,260.19,260,4,3.34,3.3215,27.22713633,0.5853834311,390.2556207,9.648169558,0.02472269212,Sasanka Gylcerol and Oil 2,G_80% 43mm
glycerol,80,46,43,1.5,25,260.19,260,5,3.34,3.3215,27.22713633,0.5853834311,390.2556207,9.648169558,0.02472269212,Sasanka Gylcerol and Oil 2,G_80% 43mm
glycerol,80,46,43,1.5,25,260.19,260,6,3.34,3.3215,27.22713633,0.5853834311,390.2556207,9.648169558,0.02472269212,Sasanka Gylcerol and Oil 2,G_80% 43mm
glycerol,80,46,43,1.5,25,260.19,260,7,3.33,3.3215,27.22713633,0.5853834311,390.2556207,9.648169558,0.02472269212,Sasanka Gylcerol and Oil 2,G_80% 43mm
glycerol,80,46,43,1.5,25,260.19,260,8,3.34,3.3215,27.22713633,0.5853834311,390.2556207,9.648169558,0.02472269212,Sasanka Gylcerol and Oil 2,G_80% 43mm
glycerol,80,46,43,1.5,25,260.19,260,9,3.33,3.3215,27.22713633,0.5853834311,390.2556207,9.648169558,0.02472269212,Sasanka Gylcerol and Oil 2,G_80% 43mm
glycerol,80,46,43,1.5,25,260.19,260,10,3.32,3.3215,27.22713633,0.5853834311,390.2556207,9.648169558,0.02472269212,Sasanka Gylcerol and Oil 2,G_80% 43mm
glycerol,80,46,43,1.5,25,260.19,260,11,3.32,3.3215,27.22713633,0.5853834311,390.2556207,9.648169558,0.02472269212,Sasanka Gylcerol and Oil 2,G_80% 43mm
glycerol,80,46,43,1.5,25,260.19,260,12,3.33,3.3215,27.22713633,0.5853834311,390.2556207,9.648169558,0.02472269212,Sasanka Gylcerol and Oil 2,G_80% 43mm
glycerol,80,46,43,1.5,25,260.19,260,13,3.32,3.3215,27.22713633,0.5853834311,390.2556207,9.648169558,0.02472269212,Sasanka Gylcerol and Oil 2,G_80% 43mm
glycerol,80,46,43,1.5,25,260.19,260,14,3.32,3.3215,27.22713633,0.5853834311,390.2556207,9.648169558,0.02472269212,Sasanka Gylcerol and Oil 2,G_80% 43mm
glycerol,80,46,43,1.5,25,260.19,260,15,3.33,3.3215,27.22713633,0.5853834311,390.2556207,9.648169558,0.02472269212,Sasanka Gylcerol and Oil 2,G_80% 43mm
glycerol,80,46,43,1.5,25,260.19,260,16,3.32,3.3215,27.22713633,0.5853834311,390.2556207,9.648169558,0.02472269212,Sasanka Gylcerol and Oil 2,G_80% 43mm
glycerol,80,46,43,1.5,25,260.19,260,17,3.31,3.3215,27.22713633,0.5853834311,390.2556207,9.648169558,0.02472269212,Sasanka Gylcerol and Oil 2,G_80% 43mm
glycerol,80,46,43,1.5,25,260.19,260,18,3.32,3.3215,27.22713633,0.5853834311,390.2556207,9.648169558,0.02472269212,Sasanka Gylcerol and Oil 2,G_80% 43mm
glycerol,80,46,43,1.5,25,260.19,260,19,3.31,3.3215,27.22713633,0.5853834311,390.2556207,9.648169558,0.02472269212,Sasanka Gylcerol and Oil 2,G_80% 43mm
glycerol,80,46,43,1.5,25,260.19,260,20,3.31,3.3215,27.22713633,0.5853834311,390.2556207,9.648169558,0.02472269212,Sasanka Gylcerol and Oil 2,G_80% 43mm
glycerol,80,46,43,1.5,25,270.03,270,1,3.32,3.4215,28.27433388,0.6078981785,405.2654523,9.938645836,0.02452379244,Sasanka Gylcerol and Oil 2,G_80% 43mm
glycerol,80,46,43,1.5,25,270.03,270,2,3.38,3.4215,28.27433388,0.6078981785,405.2654523,9.938645836,0.02452379244,Sasanka Gylcerol and Oil 2,G_80% 43mm
glycerol,80,46,43,1.5,25,270.03,270,3,3.41,3.4215,28.27433388,0.6078981785,405.2654523,9.938645836,0.02452379244,Sasanka Gylcerol and Oil 2,G_80% 43mm
glycerol,80,46,43,1.5,25,270.03,270,4,3.42,3.4215,28.27433388,0.6078981785,405.2654523,9.938645836,0.02452379244,Sasanka Gylcerol and Oil 2,G_80% 43mm
glycerol,80,46,43,1.5,25,270.03,270,5,3.42,3.4215,28.27433388,0.6078981785,405.2654523,9.938645836,0.02452379244,Sasanka Gylcerol and Oil 2,G_80% 43mm
glycerol,80,46,43,1.5,25,270.03,270,6,3.43,3.4215,28.27433388,0.6078981785,405.2654523,9.938645836,0.02452379244,Sasanka Gylcerol and Oil 2,G_80% 43mm
glycerol,80,46,43,1.5,25,270.03,270,7,3.44,3.4215,28.27433388,0.6078981785,405.2654523,9.938645836,0.02452379244,Sasanka Gylcerol and Oil 2,G_80% 43mm
glycerol,80,46,43,1.5,25,270.03,270,8,3.43,3.4215,28.27433388,0.6078981785,405.2654523,9.938645836,0.02452379244,Sasanka Gylcerol and Oil 2,G_80% 43mm
glycerol,80,46,43,1.5,25,270.03,270,9,3.45,3.4215,28.27433388,0.6078981785,405.2654523,9.938645836,0.02452379244,Sasanka Gylcerol and Oil 2,G_80% 43mm
glycerol,80,46,43,1.5,25,270.03,270,10,3.45,3.4215,28.27433388,0.6078981785,405.2654523,9.938645836,0.02452379244,Sasanka Gylcerol and Oil 2,G_80% 43mm
glycerol,80,46,43,1.5,25,270.03,270,11,3.43,3.4215,28.27433388,0.6078981785,405.2654523,9.938645836,0.02452379244,Sasanka Gylcerol and Oil 2,G_80% 43mm
glycerol,80,46,43,1.5,25,270.03,270,12,3.44,3.4215,28.27433388,0.6078981785,405.2654523,9.938645836,0.02452379244,Sasanka Gylcerol and Oil 2,G_80% 43mm
glycerol,80,46,43,1.5,25,270.03,270,13,3.42,3.4215,28.27433388,0.6078981785,405.2654523,9.938645836,0.02452379244,Sasanka Gylcerol and Oil 2,G_80% 43mm
glycerol,80,46,43,1.5,25,270.03,270,14,3.41,3.4215,28.27433388,0.6078981785,405.2654523,9.938645836,0.02452379244,Sasanka Gylcerol and Oil 2,G_80% 43mm
glycerol,80,46,43,1.5,25,270.03,270,15,3.42,3.4215,28.27433388,0.6078981785,405.2654523,9.938645836,0.02452379244,Sasanka Gylcerol and Oil 2,G_80% 43mm
glycerol,80,46,43,1.5,25,270.03,270,16,3.42,3.4215,28.27433388,0.6078981785,405.2654523,9.938645836,0.02452379244,Sasanka Gylcerol and Oil 2,G_80% 43mm
glycerol,80,46,43,1.5,25,270.03,270,17,3.42,3.4215,28.27433388,0.6078981785,405.2654523,9.938645836,0.02452379244,Sasanka Gylcerol and Oil 2,G_80% 43mm
glycerol,80,46,43,1.5,25,270.03,270,18,3.44,3.4215,28.27433388,0.6078981785,405.2654523,9.938645836,0.02452379244,Sasanka Gylcerol and Oil 2,G_80% 43mm
glycerol,80,46,43,1.5,25,270.03,270,19,3.43,3.4215,28.27433388,0.6078981785,405.2654523,9.938645836,0.02452379244,Sasanka Gylcerol and Oil 2,G_80% 43mm
glycerol,80,46,43,1.5,25,270.03,270,20,3.45,3.4215,28.27433388,0.6078981785,405.2654523,9.938645836,0.02452379244,Sasanka Gylcerol and Oil 2,G_80% 43mm
glycerol,80,46,43,1.5,25,280.11,280,1,3.47,3.5275,29.32153143,0.6304129258,420.2752839,10.24655069,0.02438056931,Sasanka Gylcerol and Oil 2,G_80% 43mm
glycerol,80,46,43,1.5,25,280.11,280,2,3.53,3.5275,29.32153143,0.6304129258,420.2752839,10.24655069,0.02438056931,Sasanka Gylcerol and Oil 2,G_80% 43mm
glycerol,80,46,43,1.5,25,280.11,280,3,3.54,3.5275,29.32153143,0.6304129258,420.2752839,10.24655069,0.02438056931,Sasanka Gylcerol and Oil 2,G_80% 43mm
glycerol,80,46,43,1.5,25,280.11,280,4,3.51,3.5275,29.32153143,0.6304129258,420.2752839,10.24655069,0.02438056931,Sasanka Gylcerol and Oil 2,G_80% 43mm
glycerol,80,46,43,1.5,25,280.11,280,5,3.51,3.5275,29.32153143,0.6304129258,420.2752839,10.24655069,0.02438056931,Sasanka Gylcerol and Oil 2,G_80% 43mm
glycerol,80,46,43,1.5,25,280.11,280,6,3.52,3.5275,29.32153143,0.6304129258,420.2752839,10.24655069,0.02438056931,Sasanka Gylcerol and Oil 2,G_80% 43mm
glycerol,80,46,43,1.5,25,280.11,280,7,3.54,3.5275,29.32153143,0.6304129258,420.2752839,10.24655069,0.02438056931,Sasanka Gylcerol and Oil 2,G_80% 43mm
glycerol,80,46,43,1.5,25,280.11,280,8,3.55,3.5275,29.32153143,0.6304129258,420.2752839,10.24655069,0.02438056931,Sasanka Gylcerol and Oil 2,G_80% 43mm
glycerol,80,46,43,1.5,25,280.11,280,9,3.55,3.5275,29.32153143,0.6304129258,420.2752839,10.24655069,0.02438056931,Sasanka Gylcerol and Oil 2,G_80% 43mm
glycerol,80,46,43,1.5,25,280.11,280,10,3.52,3.5275,29.32153143,0.6304129258,420.2752839,10.24655069,0.02438056931,Sasanka Gylcerol and Oil 2,G_80% 43mm
glycerol,80,46,43,1.5,25,280.11,280,11,3.51,3.5275,29.32153143,0.6304129258,420.2752839,10.24655069,0.02438056931,Sasanka Gylcerol and Oil 2,G_80% 43mm
glycerol,80,46,43,1.5,25,280.11,280,12,3.52,3.5275,29.32153143,0.6304129258,420.2752839,10.24655069,0.02438056931,Sasanka Gylcerol and Oil 2,G_80% 43mm
glycerol,80,46,43,1.5,25,280.11,280,13,3.53,3.5275,29.32153143,0.6304129258,420.2752839,10.24655069,0.02438056931,Sasanka Gylcerol and Oil 2,G_80% 43mm
glycerol,80,46,43,1.5,25,280.11,280,14,3.55,3.5275,29.32153143,0.6304129258,420.2752839,10.24655069,0.02438056931,Sasanka Gylcerol and Oil 2,G_80% 43mm
glycerol,80,46,43,1.5,25,280.11,280,15,3.55,3.5275,29.32153143,0.6304129258,420.2752839,10.24655069,0.02438056931,Sasanka Gylcerol and Oil 2,G_80% 43mm
glycerol,80,46,43,1.5,25,280.11,280,16,3.54,3.5275,29.32153143,0.6304129258,420.2752839,10.24655069,0.02438056931,Sasanka Gylcerol and Oil 2,G_80% 43mm
glycerol,80,46,43,1.5,25,280.11,280,17,3.51,3.5275,29.32153143,0.6304129258,420.2752839,10.24655069,0.02438056931,Sasanka Gylcerol and Oil 2,G_80% 43mm
glycerol,80,46,43,1.5,25,280.11,280,18,3.52,3.5275,29.32153143,0.6304129258,420.2752839,10.24655069,0.02438056931,Sasanka Gylcerol and Oil 2,G_80% 43mm
glycerol,80,46,43,1.5,25,280.11,280,19,3.53,3.5275,29.32153143,0.6304129258,420.2752839,10.24655069,0.02438056931,Sasanka Gylcerol and Oil 2,G_80% 43mm
glycerol,80,46,43,1.5,25,280.11,280,20,3.55,3.5275,29.32153143,0.6304129258,420.2752839,10.24655069,0.02438056931,Sasanka Gylcerol and Oil 2,G_80% 43mm
glycerol,80,46,43,1.5,25,290.14,290,1,3.57,3.6345,30.36872898,0.6529276732,435.2851154,10.55736031,0.02425389689,Sasanka Gylcerol and Oil 2,G_80% 43mm
glycerol,80,46,43,1.5,25,290.14,290,2,3.63,3.6345,30.36872898,0.6529276732,435.2851154,10.55736031,0.02425389689,Sasanka Gylcerol and Oil 2,G_80% 43mm
glycerol,80,46,43,1.5,25,290.14,290,3,3.63,3.6345,30.36872898,0.6529276732,435.2851154,10.55736031,0.02425389689,Sasanka Gylcerol and Oil 2,G_80% 43mm
glycerol,80,46,43,1.5,25,290.14,290,4,3.63,3.6345,30.36872898,0.6529276732,435.2851154,10.55736031,0.02425389689,Sasanka Gylcerol and Oil 2,G_80% 43mm
glycerol,80,46,43,1.5,25,290.14,290,5,3.64,3.6345,30.36872898,0.6529276732,435.2851154,10.55736031,0.02425389689,Sasanka Gylcerol and Oil 2,G_80% 43mm
glycerol,80,46,43,1.5,25,290.14,290,6,3.65,3.6345,30.36872898,0.6529276732,435.2851154,10.55736031,0.02425389689,Sasanka Gylcerol and Oil 2,G_80% 43mm
glycerol,80,46,43,1.5,25,290.14,290,7,3.63,3.6345,30.36872898,0.6529276732,435.2851154,10.55736031,0.02425389689,Sasanka Gylcerol and Oil 2,G_80% 43mm
glycerol,80,46,43,1.5,25,290.14,290,8,3.63,3.6345,30.36872898,0.6529276732,435.2851154,10.55736031,0.02425389689,Sasanka Gylcerol and Oil 2,G_80% 43mm
glycerol,80,46,43,1.5,25,290.14,290,9,3.64,3.6345,30.36872898,0.6529276732,435.2851154,10.55736031,0.02425389689,Sasanka Gylcerol and Oil 2,G_80% 43mm
glycerol,80,46,43,1.5,25,290.14,290,10,3.65,3.6345,30.36872898,0.6529276732,435.2851154,10.55736031,0.02425389689,Sasanka Gylcerol and Oil 2,G_80% 43mm
glycerol,80,46,43,1.5,25,290.14,290,11,3.63,3.6345,30.36872898,0.6529276732,435.2851154,10.55736031,0.02425389689,Sasanka Gylcerol and Oil 2,G_80% 43mm
glycerol,80,46,43,1.5,25,290.14,290,12,3.62,3.6345,30.36872898,0.6529276732,435.2851154,10.55736031,0.02425389689,Sasanka Gylcerol and Oil 2,G_80% 43mm
glycerol,80,46,43,1.5,25,290.14,290,13,3.64,3.6345,30.36872898,0.6529276732,435.2851154,10.55736031,0.02425389689,Sasanka Gylcerol and Oil 2,G_80% 43mm
glycerol,80,46,43,1.5,25,290.14,290,14,3.66,3.6345,30.36872898,0.6529276732,435.2851154,10.55736031,0.02425389689,Sasanka Gylcerol and Oil 2,G_80% 43mm
glycerol,80,46,43,1.5,25,290.14,290,15,3.66,3.6345,30.36872898,0.6529276732,435.2851154,10.55736031,0.02425389689,Sasanka Gylcerol and Oil 2,G_80% 43mm
glycerol,80,46,43,1.5,25,290.14,290,16,3.62,3.6345,30.36872898,0.6529276732,435.2851154,10.55736031,0.02425389689,Sasanka Gylcerol and Oil 2,G_80% 43mm
glycerol,80,46,43,1.5,25,290.14,290,17,3.63,3.6345,30.36872898,0.6529276732,435.2851154,10.55736031,0.02425389689,Sasanka Gylcerol and Oil 2,G_80% 43mm
glycerol,80,46,43,1.5,25,290.14,290,18,3.65,3.6345,30.36872898,0.6529276732,435.2851154,10.55736031,0.02425389689,Sasanka Gylcerol and Oil 2,G_80% 43mm
glycerol,80,46,43,1.5,25,290.14,290,19,3.65,3.6345,30.36872898,0.6529276732,435.2851154,10.55736031,0.02425389689,Sasanka Gylcerol and Oil 2,G_80% 43mm
glycerol,80,46,43,1.5,25,290.14,290,20,3.63,3.6345,30.36872898,0.6529276732,435.2851154,10.55736031,0.02425389689,Sasanka Gylcerol and Oil 2,G_80% 43mm
glycerol,80,46,43,1.5,25,300,300,1,3.64,3.736,31.41592654,0.6754424205,450.294947,10.85219373,0.02410018989,Sasanka Gylcerol and Oil 2,G_80% 43mm
glycerol,80,46,43,1.5,25,300,300,2,3.71,3.736,31.41592654,0.6754424205,450.294947,10.85219373,0.02410018989,Sasanka Gylcerol and Oil 2,G_80% 43mm
glycerol,80,46,43,1.5,25,300,300,3,3.75,3.736,31.41592654,0.6754424205,450.294947,10.85219373,0.02410018989,Sasanka Gylcerol and Oil 2,G_80% 43mm
glycerol,80,46,43,1.5,25,300,300,4,3.73,3.736,31.41592654,0.6754424205,450.294947,10.85219373,0.02410018989,Sasanka Gylcerol and Oil 2,G_80% 43mm
glycerol,80,46,43,1.5,25,300,300,5,3.72,3.736,31.41592654,0.6754424205,450.294947,10.85219373,0.02410018989,Sasanka Gylcerol and Oil 2,G_80% 43mm
glycerol,80,46,43,1.5,25,300,300,6,3.75,3.736,31.41592654,0.6754424205,450.294947,10.85219373,0.02410018989,Sasanka Gylcerol and Oil 2,G_80% 43mm
glycerol,80,46,43,1.5,25,300,300,7,3.73,3.736,31.41592654,0.6754424205,450.294947,10.85219373,0.02410018989,Sasanka Gylcerol and Oil 2,G_80% 43mm
glycerol,80,46,43,1.5,25,300,300,8,3.74,3.736,31.41592654,0.6754424205,450.294947,10.85219373,0.02410018989,Sasanka Gylcerol and Oil 2,G_80% 43mm
glycerol,80,46,43,1.5,25,300,300,9,3.75,3.736,31.41592654,0.6754424205,450.294947,10.85219373,0.02410018989,Sasanka Gylcerol and Oil 2,G_80% 43mm
glycerol,80,46,43,1.5,25,300,300,10,3.75,3.736,31.41592654,0.6754424205,450.294947,10.85219373,0.02410018989,Sasanka Gylcerol and Oil 2,G_80% 43mm
glycerol,80,46,43,1.5,25,300,300,11,3.74,3.736,31.41592654,0.6754424205,450.294947,10.85219373,0.02410018989,Sasanka Gylcerol and Oil 2,G_80% 43mm
glycerol,80,46,43,1.5,25,300,300,12,3.74,3.736,31.41592654,0.6754424205,450.294947,10.85219373,0.02410018989,Sasanka Gylcerol and Oil 2,G_80% 43mm
glycerol,80,46,43,1.5,25,300,300,13,3.76,3.736,31.41592654,0.6754424205,450.294947,10.85219373,0.02410018989,Sasanka Gylcerol and Oil 2,G_80% 43mm
glycerol,80,46,43,1.5,25,300,300,14,3.74,3.736,31.41592654,0.6754424205,450.294947,10.85219373,0.02410018989,Sasanka Gylcerol and Oil 2,G_80% 43mm
glycerol,80,46,43,1.5,25,300,300,15,3.74,3.736,31.41592654,0.6754424205,450.294947,10.85219373,0.02410018989,Sasanka Gylcerol and Oil 2,G_80% 43mm
glycerol,80,46,43,1.5,25,300,300,16,3.75,3.736,31.41592654,0.6754424205,450.294947,10.85219373,0.02410018989,Sasanka Gylcerol and Oil 2,G_80% 43mm
glycerol,80,46,43,1.5,25,300,300,17,3.74,3.736,31.41592654,0.6754424205,450.294947,10.85219373,0.02410018989,Sasanka Gylcerol and Oil 2,G_80% 43mm
glycerol,80,46,43,1.5,25,300,300,18,3.74,3.736,31.41592654,0.6754424205,450.294947,10.85219373,0.02410018989,Sasanka Gylcerol and Oil 2,G_80% 43mm
glycerol,80,46,43,1.5,25,300,300,19,3.75,3.736,31.41592654,0.6754424205,450.294947,10.85219373,0.02410018989,Sasanka Gylcerol and Oil 2,G_80% 43mm
glycerol,80,46,43,1.5,25,300,300,20,3.75,3.736,31.41592654,0.6754424205,450.294947,10.85219373,0.02410018989,Sasanka Gylcerol and Oil 2,G_80% 43mm
glycerol,80,46,43,1.5,25,310.24,310,1,3.76,3.836,32.46312409,0.6979571679,465.3047786,11.14267001,0.0239470354,Sasanka Gylcerol and Oil 2,G_80% 43mm
glycerol,80,46,43,1.5,25,310.24,310,2,3.82,3.836,32.46312409,0.6979571679,465.3047786,11.14267001,0.0239470354,Sasanka Gylcerol and Oil 2,G_80% 43mm
glycerol,80,46,43,1.5,25,310.24,310,3,3.85,3.836,32.46312409,0.6979571679,465.3047786,11.14267001,0.0239470354,Sasanka Gylcerol and Oil 2,G_80% 43mm
glycerol,80,46,43,1.5,25,310.24,310,4,3.84,3.836,32.46312409,0.6979571679,465.3047786,11.14267001,0.0239470354,Sasanka Gylcerol and Oil 2,G_80% 43mm
glycerol,80,46,43,1.5,25,310.24,310,5,3.85,3.836,32.46312409,0.6979571679,465.3047786,11.14267001,0.0239470354,Sasanka Gylcerol and Oil 2,G_80% 43mm
glycerol,80,46,43,1.5,25,310.24,310,6,3.84,3.836,32.46312409,0.6979571679,465.3047786,11.14267001,0.0239470354,Sasanka Gylcerol and Oil 2,G_80% 43mm
glycerol,80,46,43,1.5,25,310.24,310,7,3.84,3.836,32.46312409,0.6979571679,465.3047786,11.14267001,0.0239470354,Sasanka Gylcerol and Oil 2,G_80% 43mm
glycerol,80,46,43,1.5,25,310.24,310,8,3.85,3.836,32.46312409,0.6979571679,465.3047786,11.14267001,0.0239470354,Sasanka Gylcerol and Oil 2,G_80% 43mm
glycerol,80,46,43,1.5,25,310.24,310,9,3.84,3.836,32.46312409,0.6979571679,465.3047786,11.14267001,0.0239470354,Sasanka Gylcerol and Oil 2,G_80% 43mm
glycerol,80,46,43,1.5,25,310.24,310,10,3.84,3.836,32.46312409,0.6979571679,465.3047786,11.14267001,0.0239470354,Sasanka Gylcerol and Oil 2,G_80% 43mm
glycerol,80,46,43,1.5,25,310.24,310,11,3.85,3.836,32.46312409,0.6979571679,465.3047786,11.14267001,0.0239470354,Sasanka Gylcerol and Oil 2,G_80% 43mm
glycerol,80,46,43,1.5,25,310.24,310,12,3.84,3.836,32.46312409,0.6979571679,465.3047786,11.14267001,0.0239470354,Sasanka Gylcerol and Oil 2,G_80% 43mm
glycerol,80,46,43,1.5,25,310.24,310,13,3.84,3.836,32.46312409,0.6979571679,465.3047786,11.14267001,0.0239470354,Sasanka Gylcerol and Oil 2,G_80% 43mm
glycerol,80,46,43,1.5,25,310.24,310,14,3.84,3.836,32.46312409,0.6979571679,465.3047786,11.14267001,0.0239470354,Sasanka Gylcerol and Oil 2,G_80% 43mm
glycerol,80,46,43,1.5,25,310.24,310,15,3.84,3.836,32.46312409,0.6979571679,465.3047786,11.14267001,0.0239470354,Sasanka Gylcerol and Oil 2,G_80% 43mm
glycerol,80,46,43,1.5,25,310.24,310,16,3.85,3.836,32.46312409,0.6979571679,465.3047786,11.14267001,0.0239470354,Sasanka Gylcerol and Oil 2,G_80% 43mm
glycerol,80,46,43,1.5,25,310.24,310,17,3.83,3.836,32.46312409,0.6979571679,465.3047786,11.14267001,0.0239470354,Sasanka Gylcerol and Oil 2,G_80% 43mm
glycerol,80,46,43,1.5,25,310.24,310,18,3.83,3.836,32.46312409,0.6979571679,465.3047786,11.14267001,0.0239470354,Sasanka Gylcerol and Oil 2,G_80% 43mm
glycerol,80,46,43,1.5,25,310.24,310,19,3.84,3.836,32.46312409,0.6979571679,465.3047786,11.14267001,0.0239470354,Sasanka Gylcerol and Oil 2,G_80% 43mm
glycerol,80,46,43,1.5,25,310.24,310,20,3.83,3.836,32.46312409,0.6979571679,465.3047786,11.14267001,0.0239470354,Sasanka Gylcerol and Oil 2,G_80% 43mm
glycerol,80,46,43,1.5,25,320.17,320,1,3.86,3.9515,33.51032164,0.7204719152,480.3146101,11.47817011,0.02389719127,Sasanka Gylcerol and Oil 2,G_80% 43mm
glycerol,80,46,43,1.5,25,320.17,320,2,3.93,3.9515,33.51032164,0.7204719152,480.3146101,11.47817011,0.02389719127,Sasanka Gylcerol and Oil 2,G_80% 43mm
glycerol,80,46,43,1.5,25,320.17,320,3,3.96,3.9515,33.51032164,0.7204719152,480.3146101,11.47817011,0.02389719127,Sasanka Gylcerol and Oil 2,G_80% 43mm
glycerol,80,46,43,1.5,25,320.17,320,4,3.95,3.9515,33.51032164,0.7204719152,480.3146101,11.47817011,0.02389719127,Sasanka Gylcerol and Oil 2,G_80% 43mm
glycerol,80,46,43,1.5,25,320.17,320,5,3.95,3.9515,33.51032164,0.7204719152,480.3146101,11.47817011,0.02389719127,Sasanka Gylcerol and Oil 2,G_80% 43mm
glycerol,80,46,43,1.5,25,320.17,320,6,3.96,3.9515,33.51032164,0.7204719152,480.3146101,11.47817011,0.02389719127,Sasanka Gylcerol and Oil 2,G_80% 43mm
glycerol,80,46,43,1.5,25,320.17,320,7,3.96,3.9515,33.51032164,0.7204719152,480.3146101,11.47817011,0.02389719127,Sasanka Gylcerol and Oil 2,G_80% 43mm
glycerol,80,46,43,1.5,25,320.17,320,8,3.96,3.9515,33.51032164,0.7204719152,480.3146101,11.47817011,0.02389719127,Sasanka Gylcerol and Oil 2,G_80% 43mm
glycerol,80,46,43,1.5,25,320.17,320,9,3.95,3.9515,33.51032164,0.7204719152,480.3146101,11.47817011,0.02389719127,Sasanka Gylcerol and Oil 2,G_80% 43mm
glycerol,80,46,43,1.5,25,320.17,320,10,3.96,3.9515,33.51032164,0.7204719152,480.3146101,11.47817011,0.02389719127,Sasanka Gylcerol and Oil 2,G_80% 43mm
glycerol,80,46,43,1.5,25,320.17,320,11,3.96,3.9515,33.51032164,0.7204719152,480.3146101,11.47817011,0.02389719127,Sasanka Gylcerol and Oil 2,G_80% 43mm
glycerol,80,46,43,1.5,25,320.17,320,12,3.96,3.9515,33.51032164,0.7204719152,480.3146101,11.47817011,0.02389719127,Sasanka Gylcerol and Oil 2,G_80% 43mm
glycerol,80,46,43,1.5,25,320.17,320,13,3.96,3.9515,33.51032164,0.7204719152,480.3146101,11.47817011,0.02389719127,Sasanka Gylcerol and Oil 2,G_80% 43mm
glycerol,80,46,43,1.5,25,320.17,320,14,3.96,3.9515,33.51032164,0.7204719152,480.3146101,11.47817011,0.02389719127,Sasanka Gylcerol and Oil 2,G_80% 43mm
glycerol,80,46,43,1.5,25,320.17,320,15,3.96,3.9515,33.51032164,0.7204719152,480.3146101,11.47817011,0.02389719127,Sasanka Gylcerol and Oil 2,G_80% 43mm
glycerol,80,46,43,1.5,25,320.17,320,16,3.96,3.9515,33.51032164,0.7204719152,480.3146101,11.47817011,0.02389719127,Sasanka Gylcerol and Oil 2,G_80% 43mm
glycerol,80,46,43,1.5,25,320.17,320,17,3.96,3.9515,33.51032164,0.7204719152,480.3146101,11.47817011,0.02389719127,Sasanka Gylcerol and Oil 2,G_80% 43mm
glycerol,80,46,43,1.5,25,320.17,320,18,3.96,3.9515,33.51032164,0.7204719152,480.3146101,11.47817011,0.02389719127,Sasanka Gylcerol and Oil 2,G_80% 43mm
glycerol,80,46,43,1.5,25,320.17,320,19,3.96,3.9515,33.51032164,0.7204719152,480.3146101,11.47817011,0.02389719127,Sasanka Gylcerol and Oil 2,G_80% 43mm
glycerol,80,46,43,1.5,25,320.17,320,20,3.95,3.9515,33.51032164,0.7204719152,480.3146101,11.47817011,0.02389719127,Sasanka Gylcerol and Oil 2,G_80% 43mm
glycerol,80,46,43,1.5,25,330.03,330,1,3.98,4.044,34.55751919,0.7429866626,495.3244417,11.74686066,0.02371548762,Sasanka Gylcerol and Oil 2,G_80% 43mm
glycerol,80,46,43,1.5,25,330.03,330,2,4.04,4.044,34.55751919,0.7429866626,495.3244417,11.74686066,0.02371548762,Sasanka Gylcerol and Oil 2,G_80% 43mm
glycerol,80,46,43,1.5,25,330.03,330,3,4.07,4.044,34.55751919,0.7429866626,495.3244417,11.74686066,0.02371548762,Sasanka Gylcerol and Oil 2,G_80% 43mm
glycerol,80,46,43,1.5,25,330.03,330,4,4.06,4.044,34.55751919,0.7429866626,495.3244417,11.74686066,0.02371548762,Sasanka Gylcerol and Oil 2,G_80% 43mm
glycerol,80,46,43,1.5,25,330.03,330,5,4.06,4.044,34.55751919,0.7429866626,495.3244417,11.74686066,0.02371548762,Sasanka Gylcerol and Oil 2,G_80% 43mm
glycerol,80,46,43,1.5,25,330.03,330,6,4.05,4.044,34.55751919,0.7429866626,495.3244417,11.74686066,0.02371548762,Sasanka Gylcerol and Oil 2,G_80% 43mm
glycerol,80,46,43,1.5,25,330.03,330,7,4.07,4.044,34.55751919,0.7429866626,495.3244417,11.74686066,0.02371548762,Sasanka Gylcerol and Oil 2,G_80% 43mm
glycerol,80,46,43,1.5,25,330.03,330,8,4.06,4.044,34.55751919,0.7429866626,495.3244417,11.74686066,0.02371548762,Sasanka Gylcerol and Oil 2,G_80% 43mm
glycerol,80,46,43,1.5,25,330.03,330,9,4.06,4.044,34.55751919,0.7429866626,495.3244417,11.74686066,0.02371548762,Sasanka Gylcerol and Oil 2,G_80% 43mm
glycerol,80,46,43,1.5,25,330.03,330,10,4.05,4.044,34.55751919,0.7429866626,495.3244417,11.74686066,0.02371548762,Sasanka Gylcerol and Oil 2,G_80% 43mm
glycerol,80,46,43,1.5,25,330.03,330,11,4.05,4.044,34.55751919,0.7429866626,495.3244417,11.74686066,0.02371548762,Sasanka Gylcerol and Oil 2,G_80% 43mm
glycerol,80,46,43,1.5,25,330.03,330,12,4.03,4.044,34.55751919,0.7429866626,495.3244417,11.74686066,0.02371548762,Sasanka Gylcerol and Oil 2,G_80% 43mm
glycerol,80,46,43,1.5,25,330.03,330,13,4.05,4.044,34.55751919,0.7429866626,495.3244417,11.74686066,0.02371548762,Sasanka Gylcerol and Oil 2,G_80% 43mm
glycerol,80,46,43,1.5,25,330.03,330,14,4.04,4.044,34.55751919,0.7429866626,495.3244417,11.74686066,0.02371548762,Sasanka Gylcerol and Oil 2,G_80% 43mm
glycerol,80,46,43,1.5,25,330.03,330,15,4.04,4.044,34.55751919,0.7429866626,495.3244417,11.74686066,0.02371548762,Sasanka Gylcerol and Oil 2,G_80% 43mm
glycerol,80,46,43,1.5,25,330.03,330,16,4.03,4.044,34.55751919,0.7429866626,495.3244417,11.74686066,0.02371548762,Sasanka Gylcerol and Oil 2,G_80% 43mm
glycerol,80,46,43,1.5,25,330.03,330,17,4.04,4.044,34.55751919,0.7429866626,495.3244417,11.74686066,0.02371548762,Sasanka Gylcerol and Oil 2,G_80% 43mm
glycerol,80,46,43,1.5,25,330.03,330,18,4.03,4.044,34.55751919,0.7429866626,495.3244417,11.74686066,0.02371548762,Sasanka Gylcerol and Oil 2,G_80% 43mm
glycerol,80,46,43,1.5,25,330.03,330,19,4.04,4.044,34.55751919,0.7429866626,495.3244417,11.74686066,0.02371548762,Sasanka Gylcerol and Oil 2,G_80% 43mm
glycerol,80,46,43,1.5,25,330.03,330,20,4.03,4.044,34.55751919,0.7429866626,495.3244417,11.74686066,0.02371548762,Sasanka Gylcerol and Oil 2,G_80% 43mm
glycerol,80,46,43,1.5,25,340.14,340,1,4.04,4.112,35.60471674,0.7655014099,510.3342733,11.94438453,0.02340502129,Sasanka Gylcerol and Oil 2,G_80% 43mm
glycerol,80,46,43,1.5,25,340.14,340,2,4.09,4.112,35.60471674,0.7655014099,510.3342733,11.94438453,0.02340502129,Sasanka Gylcerol and Oil 2,G_80% 43mm
glycerol,80,46,43,1.5,25,340.14,340,3,4.13,4.112,35.60471674,0.7655014099,510.3342733,11.94438453,0.02340502129,Sasanka Gylcerol and Oil 2,G_80% 43mm
glycerol,80,46,43,1.5,25,340.14,340,4,4.13,4.112,35.60471674,0.7655014099,510.3342733,11.94438453,0.02340502129,Sasanka Gylcerol and Oil 2,G_80% 43mm
glycerol,80,46,43,1.5,25,340.14,340,5,4.12,4.112,35.60471674,0.7655014099,510.3342733,11.94438453,0.02340502129,Sasanka Gylcerol and Oil 2,G_80% 43mm
glycerol,80,46,43,1.5,25,340.14,340,6,4.14,4.112,35.60471674,0.7655014099,510.3342733,11.94438453,0.02340502129,Sasanka Gylcerol and Oil 2,G_80% 43mm
glycerol,80,46,43,1.5,25,340.14,340,7,4.11,4.112,35.60471674,0.7655014099,510.3342733,11.94438453,0.02340502129,Sasanka Gylcerol and Oil 2,G_80% 43mm
glycerol,80,46,43,1.5,25,340.14,340,8,4.12,4.112,35.60471674,0.7655014099,510.3342733,11.94438453,0.02340502129,Sasanka Gylcerol and Oil 2,G_80% 43mm
glycerol,80,46,43,1.5,25,340.14,340,9,4.11,4.112,35.60471674,0.7655014099,510.3342733,11.94438453,0.02340502129,Sasanka Gylcerol and Oil 2,G_80% 43mm
glycerol,80,46,43,1.5,25,340.14,340,10,4.12,4.112,35.60471674,0.7655014099,510.3342733,11.94438453,0.02340502129,Sasanka Gylcerol and Oil 2,G_80% 43mm
glycerol,80,46,43,1.5,25,340.14,340,11,4.13,4.112,35.60471674,0.7655014099,510.3342733,11.94438453,0.02340502129,Sasanka Gylcerol and Oil 2,G_80% 43mm
glycerol,80,46,43,1.5,25,340.14,340,12,4.1,4.112,35.60471674,0.7655014099,510.3342733,11.94438453,0.02340502129,Sasanka Gylcerol and Oil 2,G_80% 43mm
glycerol,80,46,43,1.5,25,340.14,340,13,4.12,4.112,35.60471674,0.7655014099,510.3342733,11.94438453,0.02340502129,Sasanka Gylcerol and Oil 2,G_80% 43mm
glycerol,80,46,43,1.5,25,340.14,340,14,4.1,4.112,35.60471674,0.7655014099,510.3342733,11.94438453,0.02340502129,Sasanka Gylcerol and Oil 2,G_80% 43mm
glycerol,80,46,43,1.5,25,340.14,340,15,4.11,4.112,35.60471674,0.7655014099,510.3342733,11.94438453,0.02340502129,Sasanka Gylcerol and Oil 2,G_80% 43mm
glycerol,80,46,43,1.5,25,340.14,340,16,4.12,4.112,35.60471674,0.7655014099,510.3342733,11.94438453,0.02340502129,Sasanka Gylcerol and Oil 2,G_80% 43mm
glycerol,80,46,43,1.5,25,340.14,340,17,4.11,4.112,35.60471674,0.7655014099,510.3342733,11.94438453,0.02340502129,Sasanka Gylcerol and Oil 2,G_80% 43mm
glycerol,80,46,43,1.5,25,340.14,340,18,4.12,4.112,35.60471674,0.7655014099,510.3342733,11.94438453,0.02340502129,Sasanka Gylcerol and Oil 2,G_80% 43mm
glycerol,80,46,43,1.5,25,340.14,340,19,4.1,4.112,35.60471674,0.7655014099,510.3342733,11.94438453,0.02340502129,Sasanka Gylcerol and Oil 2,G_80% 43mm
glycerol,80,46,43,1.5,25,340.14,340,20,4.12,4.112,35.60471674,0.7655014099,510.3342733,11.94438453,0.02340502129,Sasanka Gylcerol and Oil 2,G_80% 43mm
glycerol,80,46,43,1.5,25,350.06,350,1,4.13,4.204,36.65191429,0.7880161573,525.3441049,12.21162271,0.02324499808,Sasanka Gylcerol and Oil 2,G_80% 43mm
glycerol,80,46,43,1.5,25,350.06,350,2,4.2,4.204,36.65191429,0.7880161573,525.3441049,12.21162271,0.02324499808,Sasanka Gylcerol and Oil 2,G_80% 43mm
glycerol,80,46,43,1.5,25,350.06,350,3,4.22,4.204,36.65191429,0.7880161573,525.3441049,12.21162271,0.02324499808,Sasanka Gylcerol and Oil 2,G_80% 43mm
glycerol,80,46,43,1.5,25,350.06,350,4,4.2,4.204,36.65191429,0.7880161573,525.3441049,12.21162271,0.02324499808,Sasanka Gylcerol and Oil 2,G_80% 43mm
glycerol,80,46,43,1.5,25,350.06,350,5,4.2,4.204,36.65191429,0.7880161573,525.3441049,12.21162271,0.02324499808,Sasanka Gylcerol and Oil 2,G_80% 43mm
glycerol,80,46,43,1.5,25,350.06,350,6,4.22,4.204,36.65191429,0.7880161573,525.3441049,12.21162271,0.02324499808,Sasanka Gylcerol and Oil 2,G_80% 43mm
glycerol,80,46,43,1.5,25,350.06,350,7,4.19,4.204,36.65191429,0.7880161573,525.3441049,12.21162271,0.02324499808,Sasanka Gylcerol and Oil 2,G_80% 43mm
glycerol,80,46,43,1.5,25,350.06,350,8,4.2,4.204,36.65191429,0.7880161573,525.3441049,12.21162271,0.02324499808,Sasanka Gylcerol and Oil 2,G_80% 43mm
glycerol,80,46,43,1.5,25,350.06,350,9,4.22,4.204,36.65191429,0.7880161573,525.3441049,12.21162271,0.02324499808,Sasanka Gylcerol and Oil 2,G_80% 43mm
glycerol,80,46,43,1.5,25,350.06,350,10,4.2,4.204,36.65191429,0.7880161573,525.3441049,12.21162271,0.02324499808,Sasanka Gylcerol and Oil 2,G_80% 43mm
glycerol,80,46,43,1.5,25,350.06,350,11,4.21,4.204,36.65191429,0.7880161573,525.3441049,12.21162271,0.02324499808,Sasanka Gylcerol and Oil 2,G_80% 43mm
glycerol,80,46,43,1.5,25,350.06,350,12,4.21,4.204,36.65191429,0.7880161573,525.3441049,12.21162271,0.02324499808,Sasanka Gylcerol and Oil 2,G_80% 43mm
glycerol,80,46,43,1.5,25,350.06,350,13,4.21,4.204,36.65191429,0.7880161573,525.3441049,12.21162271,0.02324499808,Sasanka Gylcerol and Oil 2,G_80% 43mm
glycerol,80,46,43,1.5,25,350.06,350,14,4.21,4.204,36.65191429,0.7880161573,525.3441049,12.21162271,0.02324499808,Sasanka Gylcerol and Oil 2,G_80% 43mm
glycerol,80,46,43,1.5,25,350.06,350,15,4.19,4.204,36.65191429,0.7880161573,525.3441049,12.21162271,0.02324499808,Sasanka Gylcerol and Oil 2,G_80% 43mm
glycerol,80,46,43,1.5,25,350.06,350,16,4.21,4.204,36.65191429,0.7880161573,525.3441049,12.21162271,0.02324499808,Sasanka Gylcerol and Oil 2,G_80% 43mm
glycerol,80,46,43,1.5,25,350.06,350,17,4.22,4.204,36.65191429,0.7880161573,525.3441049,12.21162271,0.02324499808,Sasanka Gylcerol and Oil 2,G_80% 43mm
glycerol,80,46,43,1.5,25,350.06,350,18,4.2,4.204,36.65191429,0.7880161573,525.3441049,12.21162271,0.02324499808,Sasanka Gylcerol and Oil 2,G_80% 43mm
glycerol,80,46,43,1.5,25,350.06,350,19,4.22,4.204,36.65191429,0.7880161573,525.3441049,12.21162271,0.02324499808,Sasanka Gylcerol and Oil 2,G_80% 43mm
glycerol,80,46,43,1.5,25,350.06,350,20,4.22,4.204,36.65191429,0.7880161573,525.3441049,12.21162271,0.02324499808,Sasanka Gylcerol and Oil 2,G_80% 43mm
glycerol,80,46,43,1.5,25,360.14,360,1,4.29,4.3195,37.69911184,0.8105309046,540.3539364,12.54712281,0.02322019321,Sasanka Gylcerol and Oil 2,G_80% 43mm
glycerol,80,46,43,1.5,25,360.14,360,2,4.33,4.3195,37.69911184,0.8105309046,540.3539364,12.54712281,0.02322019321,Sasanka Gylcerol and Oil 2,G_80% 43mm
glycerol,80,46,43,1.5,25,360.14,360,3,4.32,4.3195,37.69911184,0.8105309046,540.3539364,12.54712281,0.02322019321,Sasanka Gylcerol and Oil 2,G_80% 43mm
glycerol,80,46,43,1.5,25,360.14,360,4,4.31,4.3195,37.69911184,0.8105309046,540.3539364,12.54712281,0.02322019321,Sasanka Gylcerol and Oil 2,G_80% 43mm
glycerol,80,46,43,1.5,25,360.14,360,5,4.32,4.3195,37.69911184,0.8105309046,540.3539364,12.54712281,0.02322019321,Sasanka Gylcerol and Oil 2,G_80% 43mm
glycerol,80,46,43,1.5,25,360.14,360,6,4.33,4.3195,37.69911184,0.8105309046,540.3539364,12.54712281,0.02322019321,Sasanka Gylcerol and Oil 2,G_80% 43mm
glycerol,80,46,43,1.5,25,360.14,360,7,4.32,4.3195,37.69911184,0.8105309046,540.3539364,12.54712281,0.02322019321,Sasanka Gylcerol and Oil 2,G_80% 43mm
glycerol,80,46,43,1.5,25,360.14,360,8,4.31,4.3195,37.69911184,0.8105309046,540.3539364,12.54712281,0.02322019321,Sasanka Gylcerol and Oil 2,G_80% 43mm
glycerol,80,46,43,1.5,25,360.14,360,9,4.33,4.3195,37.69911184,0.8105309046,540.3539364,12.54712281,0.02322019321,Sasanka Gylcerol and Oil 2,G_80% 43mm
glycerol,80,46,43,1.5,25,360.14,360,10,4.33,4.3195,37.69911184,0.8105309046,540.3539364,12.54712281,0.02322019321,Sasanka Gylcerol and Oil 2,G_80% 43mm
glycerol,80,46,43,1.5,25,360.14,360,11,4.29,4.3195,37.69911184,0.8105309046,540.3539364,12.54712281,0.02322019321,Sasanka Gylcerol and Oil 2,G_80% 43mm
glycerol,80,46,43,1.5,25,360.14,360,12,4.32,4.3195,37.69911184,0.8105309046,540.3539364,12.54712281,0.02322019321,Sasanka Gylcerol and Oil 2,G_80% 43mm
glycerol,80,46,43,1.5,25,360.14,360,13,4.33,4.3195,37.69911184,0.8105309046,540.3539364,12.54712281,0.02322019321,Sasanka Gylcerol and Oil 2,G_80% 43mm
glycerol,80,46,43,1.5,25,360.14,360,14,4.33,4.3195,37.69911184,0.8105309046,540.3539364,12.54712281,0.02322019321,Sasanka Gylcerol and Oil 2,G_80% 43mm
glycerol,80,46,43,1.5,25,360.14,360,15,4.31,4.3195,37.69911184,0.8105309046,540.3539364,12.54712281,0.02322019321,Sasanka Gylcerol and Oil 2,G_80% 43mm
glycerol,80,46,43,1.5,25,360.14,360,16,4.33,4.3195,37.69911184,0.8105309046,540.3539364,12.54712281,0.02322019321,Sasanka Gylcerol and Oil 2,G_80% 43mm
glycerol,80,46,43,1.5,25,360.14,360,17,4.33,4.3195,37.69911184,0.8105309046,540.3539364,12.54712281,0.02322019321,Sasanka Gylcerol and Oil 2,G_80% 43mm
glycerol,80,46,43,1.5,25,360.14,360,18,4.3,4.3195,37.69911184,0.8105309046,540.3539364,12.54712281,0.02322019321,Sasanka Gylcerol and Oil 2,G_80% 43mm
glycerol,80,46,43,1.5,25,360.14,360,19,4.31,4.3195,37.69911184,0.8105309046,540.3539364,12.54712281,0.02322019321,Sasanka Gylcerol and Oil 2,G_80% 43mm
glycerol,80,46,43,1.5,25,360.14,360,20,4.35,4.3195,37.69911184,0.8105309046,540.3539364,12.54712281,0.02322019321,Sasanka Gylcerol and Oil 2,G_80% 43mm
glycerol,80,46,43,1.5,25,370.37,370,1,4.42,4.4335,38.74630939,0.833045652,555.363768,12.87826576,0.02318888359,Sasanka Gylcerol and Oil 2,G_80% 43mm
glycerol,80,46,43,1.5,25,370.37,370,2,4.42,4.4335,38.74630939,0.833045652,555.363768,12.87826576,0.02318888359,Sasanka Gylcerol and Oil 2,G_80% 43mm
glycerol,80,46,43,1.5,25,370.37,370,3,4.43,4.4335,38.74630939,0.833045652,555.363768,12.87826576,0.02318888359,Sasanka Gylcerol and Oil 2,G_80% 43mm
glycerol,80,46,43,1.5,25,370.37,370,4,4.44,4.4335,38.74630939,0.833045652,555.363768,12.87826576,0.02318888359,Sasanka Gylcerol and Oil 2,G_80% 43mm
glycerol,80,46,43,1.5,25,370.37,370,5,4.45,4.4335,38.74630939,0.833045652,555.363768,12.87826576,0.02318888359,Sasanka Gylcerol and Oil 2,G_80% 43mm
glycerol,80,46,43,1.5,25,370.37,370,6,4.43,4.4335,38.74630939,0.833045652,555.363768,12.87826576,0.02318888359,Sasanka Gylcerol and Oil 2,G_80% 43mm
glycerol,80,46,43,1.5,25,370.37,370,7,4.42,4.4335,38.74630939,0.833045652,555.363768,12.87826576,0.02318888359,Sasanka Gylcerol and Oil 2,G_80% 43mm
glycerol,80,46,43,1.5,25,370.37,370,8,4.42,4.4335,38.74630939,0.833045652,555.363768,12.87826576,0.02318888359,Sasanka Gylcerol and Oil 2,G_80% 43mm
glycerol,80,46,43,1.5,25,370.37,370,9,4.45,4.4335,38.74630939,0.833045652,555.363768,12.87826576,0.02318888359,Sasanka Gylcerol and Oil 2,G_80% 43mm
glycerol,80,46,43,1.5,25,370.37,370,10,4.44,4.4335,38.74630939,0.833045652,555.363768,12.87826576,0.02318888359,Sasanka Gylcerol and Oil 2,G_80% 43mm
glycerol,80,46,43,1.5,25,370.37,370,11,4.43,4.4335,38.74630939,0.833045652,555.363768,12.87826576,0.02318888359,Sasanka Gylcerol and Oil 2,G_80% 43mm
glycerol,80,46,43,1.5,25,370.37,370,12,4.41,4.4335,38.74630939,0.833045652,555.363768,12.87826576,0.02318888359,Sasanka Gylcerol and Oil 2,G_80% 43mm
glycerol,80,46,43,1.5,25,370.37,370,13,4.43,4.4335,38.74630939,0.833045652,555.363768,12.87826576,0.02318888359,Sasanka Gylcerol and Oil 2,G_80% 43mm
glycerol,80,46,43,1.5,25,370.37,370,14,4.44,4.4335,38.74630939,0.833045652,555.363768,12.87826576,0.02318888359,Sasanka Gylcerol and Oil 2,G_80% 43mm
glycerol,80,46,43,1.5,25,370.37,370,15,4.45,4.4335,38.74630939,0.833045652,555.363768,12.87826576,0.02318888359,Sasanka Gylcerol and Oil 2,G_80% 43mm
glycerol,80,46,43,1.5,25,370.37,370,16,4.43,4.4335,38.74630939,0.833045652,555.363768,12.87826576,0.02318888359,Sasanka Gylcerol and Oil 2,G_80% 43mm
glycerol,80,46,43,1.5,25,370.37,370,17,4.42,4.4335,38.74630939,0.833045652,555.363768,12.87826576,0.02318888359,Sasanka Gylcerol and Oil 2,G_80% 43mm
glycerol,80,46,43,1.5,25,370.37,370,18,4.44,4.4335,38.74630939,0.833045652,555.363768,12.87826576,0.02318888359,Sasanka Gylcerol and Oil 2,G_80% 43mm
glycerol,80,46,43,1.5,25,370.37,370,19,4.45,4.4335,38.74630939,0.833045652,555.363768,12.87826576,0.02318888359,Sasanka Gylcerol and Oil 2,G_80% 43mm
glycerol,80,46,43,1.5,25,370.37,370,20,4.45,4.4335,38.74630939,0.833045652,555.363768,12.87826576,0.02318888359,Sasanka Gylcerol and Oil 2,G_80% 43mm
glycerol,80,46,43,1.5,25,380.23,380,1,4.52,4.543,39.79350695,0.8555603993,570.3735996,13.19633729,0.02313630452,Sasanka Gylcerol and Oil 2,G_80% 43mm
glycerol,80,46,43,1.5,25,380.23,380,2,4.52,4.543,39.79350695,0.8555603993,570.3735996,13.19633729,0.02313630452,Sasanka Gylcerol and Oil 2,G_80% 43mm
glycerol,80,46,43,1.5,25,380.23,380,3,4.54,4.543,39.79350695,0.8555603993,570.3735996,13.19633729,0.02313630452,Sasanka Gylcerol and Oil 2,G_80% 43mm
glycerol,80,46,43,1.5,25,380.23,380,4,4.56,4.543,39.79350695,0.8555603993,570.3735996,13.19633729,0.02313630452,Sasanka Gylcerol and Oil 2,G_80% 43mm
glycerol,80,46,43,1.5,25,380.23,380,5,4.57,4.543,39.79350695,0.8555603993,570.3735996,13.19633729,0.02313630452,Sasanka Gylcerol and Oil 2,G_80% 43mm
glycerol,80,46,43,1.5,25,380.23,380,6,4.55,4.543,39.79350695,0.8555603993,570.3735996,13.19633729,0.02313630452,Sasanka Gylcerol and Oil 2,G_80% 43mm
glycerol,80,46,43,1.5,25,380.23,380,7,4.53,4.543,39.79350695,0.8555603993,570.3735996,13.19633729,0.02313630452,Sasanka Gylcerol and Oil 2,G_80% 43mm
glycerol,80,46,43,1.5,25,380.23,380,8,4.52,4.543,39.79350695,0.8555603993,570.3735996,13.19633729,0.02313630452,Sasanka Gylcerol and Oil 2,G_80% 43mm
glycerol,80,46,43,1.5,25,380.23,380,9,4.51,4.543,39.79350695,0.8555603993,570.3735996,13.19633729,0.02313630452,Sasanka Gylcerol and Oil 2,G_80% 43mm
glycerol,80,46,43,1.5,25,380.23,380,10,4.53,4.543,39.79350695,0.8555603993,570.3735996,13.19633729,0.02313630452,Sasanka Gylcerol and Oil 2,G_80% 43mm
glycerol,80,46,43,1.5,25,380.23,380,11,4.55,4.543,39.79350695,0.8555603993,570.3735996,13.19633729,0.02313630452,Sasanka Gylcerol and Oil 2,G_80% 43mm
glycerol,80,46,43,1.5,25,380.23,380,12,4.56,4.543,39.79350695,0.8555603993,570.3735996,13.19633729,0.02313630452,Sasanka Gylcerol and Oil 2,G_80% 43mm
glycerol,80,46,43,1.5,25,380.23,380,13,4.54,4.543,39.79350695,0.8555603993,570.3735996,13.19633729,0.02313630452,Sasanka Gylcerol and Oil 2,G_80% 43mm
glycerol,80,46,43,1.5,25,380.23,380,14,4.54,4.543,39.79350695,0.8555603993,570.3735996,13.19633729,0.02313630452,Sasanka Gylcerol and Oil 2,G_80% 43mm
glycerol,80,46,43,1.5,25,380.23,380,15,4.53,4.543,39.79350695,0.8555603993,570.3735996,13.19633729,0.02313630452,Sasanka Gylcerol and Oil 2,G_80% 43mm
glycerol,80,46,43,1.5,25,380.23,380,16,4.53,4.543,39.79350695,0.8555603993,570.3735996,13.19633729,0.02313630452,Sasanka Gylcerol and Oil 2,G_80% 43mm
glycerol,80,46,43,1.5,25,380.23,380,17,4.55,4.543,39.79350695,0.8555603993,570.3735996,13.19633729,0.02313630452,Sasanka Gylcerol and Oil 2,G_80% 43mm
glycerol,80,46,43,1.5,25,380.23,380,18,4.56,4.543,39.79350695,0.8555603993,570.3735996,13.19633729,0.02313630452,Sasanka Gylcerol and Oil 2,G_80% 43mm
glycerol,80,46,43,1.5,25,380.23,380,19,4.57,4.543,39.79350695,0.8555603993,570.3735996,13.19633729,0.02313630452,Sasanka Gylcerol and Oil 2,G_80% 43mm
glycerol,80,46,43,1.5,25,380.23,380,20,4.58,4.543,39.79350695,0.8555603993,570.3735996,13.19633729,0.02313630452,Sasanka Gylcerol and Oil 2,G_80% 43mm
glycerol,80,46,43,1.5,25,390.12,390,1,4.63,4.6475,40.8407045,0.8780751467,585.3834311,13.499885,0.02306161104,Sasanka Gylcerol and Oil 2,G_80% 43mm
glycerol,80,46,43,1.5,25,390.12,390,2,4.64,4.6475,40.8407045,0.8780751467,585.3834311,13.499885,0.02306161104,Sasanka Gylcerol and Oil 2,G_80% 43mm
glycerol,80,46,43,1.5,25,390.12,390,3,4.64,4.6475,40.8407045,0.8780751467,585.3834311,13.499885,0.02306161104,Sasanka Gylcerol and Oil 2,G_80% 43mm
glycerol,80,46,43,1.5,25,390.12,390,4,4.64,4.6475,40.8407045,0.8780751467,585.3834311,13.499885,0.02306161104,Sasanka Gylcerol and Oil 2,G_80% 43mm
glycerol,80,46,43,1.5,25,390.12,390,5,4.63,4.6475,40.8407045,0.8780751467,585.3834311,13.499885,0.02306161104,Sasanka Gylcerol and Oil 2,G_80% 43mm
glycerol,80,46,43,1.5,25,390.12,390,6,4.63,4.6475,40.8407045,0.8780751467,585.3834311,13.499885,0.02306161104,Sasanka Gylcerol and Oil 2,G_80% 43mm
glycerol,80,46,43,1.5,25,390.12,390,7,4.65,4.6475,40.8407045,0.8780751467,585.3834311,13.499885,0.02306161104,Sasanka Gylcerol and Oil 2,G_80% 43mm
glycerol,80,46,43,1.5,25,390.12,390,8,4.66,4.6475,40.8407045,0.8780751467,585.3834311,13.499885,0.02306161104,Sasanka Gylcerol and Oil 2,G_80% 43mm
glycerol,80,46,43,1.5,25,390.12,390,9,4.67,4.6475,40.8407045,0.8780751467,585.3834311,13.499885,0.02306161104,Sasanka Gylcerol and Oil 2,G_80% 43mm
glycerol,80,46,43,1.5,25,390.12,390,10,4.69,4.6475,40.8407045,0.8780751467,585.3834311,13.499885,0.02306161104,Sasanka Gylcerol and Oil 2,G_80% 43mm
glycerol,80,46,43,1.5,25,390.12,390,11,4.68,4.6475,40.8407045,0.8780751467,585.3834311,13.499885,0.02306161104,Sasanka Gylcerol and Oil 2,G_80% 43mm
glycerol,80,46,43,1.5,25,390.12,390,12,4.67,4.6475,40.8407045,0.8780751467,585.3834311,13.499885,0.02306161104,Sasanka Gylcerol and Oil 2,G_80% 43mm
glycerol,80,46,43,1.5,25,390.12,390,13,4.66,4.6475,40.8407045,0.8780751467,585.3834311,13.499885,0.02306161104,Sasanka Gylcerol and Oil 2,G_80% 43mm
glycerol,80,46,43,1.5,25,390.12,390,14,4.65,4.6475,40.8407045,0.8780751467,585.3834311,13.499885,0.02306161104,Sasanka Gylcerol and Oil 2,G_80% 43mm
glycerol,80,46,43,1.5,25,390.12,390,15,4.64,4.6475,40.8407045,0.8780751467,585.3834311,13.499885,0.02306161104,Sasanka Gylcerol and Oil 2,G_80% 43mm
glycerol,80,46,43,1.5,25,390.12,390,16,4.64,4.6475,40.8407045,0.8780751467,585.3834311,13.499885,0.02306161104,Sasanka Gylcerol and Oil 2,G_80% 43mm
glycerol,80,46,43,1.5,25,390.12,390,17,4.64,4.6475,40.8407045,0.8780751467,585.3834311,13.499885,0.02306161104,Sasanka Gylcerol and Oil 2,G_80% 43mm
glycerol,80,46,43,1.5,25,390.12,390,18,4.62,4.6475,40.8407045,0.8780751467,585.3834311,13.499885,0.02306161104,Sasanka Gylcerol and Oil 2,G_80% 43mm
glycerol,80,46,43,1.5,25,390.12,390,19,4.62,4.6475,40.8407045,0.8780751467,585.3834311,13.499885,0.02306161104,Sasanka Gylcerol and Oil 2,G_80% 43mm
glycerol,80,46,43,1.5,25,390.12,390,20,4.65,4.6475,40.8407045,0.8780751467,585.3834311,13.499885,0.02306161104,Sasanka Gylcerol and Oil 2,G_80% 43mm
glycerol,80,46,43,1.5,25,400,400,1,4.73,4.7705,41.88790205,0.900589894,600.3932627,13.85717082,0.02308015709,Sasanka Gylcerol and Oil 2,G_80% 43mm
glycerol,80,46,43,1.5,25,400,400,2,4.76,4.7705,41.88790205,0.900589894,600.3932627,13.85717082,0.02308015709,Sasanka Gylcerol and Oil 2,G_80% 43mm
glycerol,80,46,43,1.5,25,400,400,3,4.76,4.7705,41.88790205,0.900589894,600.3932627,13.85717082,0.02308015709,Sasanka Gylcerol and Oil 2,G_80% 43mm
glycerol,80,46,43,1.5,25,400,400,4,4.76,4.7705,41.88790205,0.900589894,600.3932627,13.85717082,0.02308015709,Sasanka Gylcerol and Oil 2,G_80% 43mm
glycerol,80,46,43,1.5,25,400,400,5,4.77,4.7705,41.88790205,0.900589894,600.3932627,13.85717082,0.02308015709,Sasanka Gylcerol and Oil 2,G_80% 43mm
glycerol,80,46,43,1.5,25,400,400,6,4.77,4.7705,41.88790205,0.900589894,600.3932627,13.85717082,0.02308015709,Sasanka Gylcerol and Oil 2,G_80% 43mm
glycerol,80,46,43,1.5,25,400,400,7,4.77,4.7705,41.88790205,0.900589894,600.3932627,13.85717082,0.02308015709,Sasanka Gylcerol and Oil 2,G_80% 43mm
glycerol,80,46,43,1.5,25,400,400,8,4.77,4.7705,41.88790205,0.900589894,600.3932627,13.85717082,0.02308015709,Sasanka Gylcerol and Oil 2,G_80% 43mm
glycerol,80,46,43,1.5,25,400,400,9,4.76,4.7705,41.88790205,0.900589894,600.3932627,13.85717082,0.02308015709,Sasanka Gylcerol and Oil 2,G_80% 43mm
glycerol,80,46,43,1.5,25,400,400,10,4.76,4.7705,41.88790205,0.900589894,600.3932627,13.85717082,0.02308015709,Sasanka Gylcerol and Oil 2,G_80% 43mm
glycerol,80,46,43,1.5,25,400,400,11,4.77,4.7705,41.88790205,0.900589894,600.3932627,13.85717082,0.02308015709,Sasanka Gylcerol and Oil 2,G_80% 43mm
glycerol,80,46,43,1.5,25,400,400,12,4.77,4.7705,41.88790205,0.900589894,600.3932627,13.85717082,0.02308015709,Sasanka Gylcerol and Oil 2,G_80% 43mm
glycerol,80,46,43,1.5,25,400,400,13,4.76,4.7705,41.88790205,0.900589894,600.3932627,13.85717082,0.02308015709,Sasanka Gylcerol and Oil 2,G_80% 43mm
glycerol,80,46,43,1.5,25,400,400,14,4.76,4.7705,41.88790205,0.900589894,600.3932627,13.85717082,0.02308015709,Sasanka Gylcerol and Oil 2,G_80% 43mm
glycerol,80,46,43,1.5,25,400,400,15,4.77,4.7705,41.88790205,0.900589894,600.3932627,13.85717082,0.02308015709,Sasanka Gylcerol and Oil 2,G_80% 43mm
glycerol,80,46,43,1.5,25,400,400,16,4.79,4.7705,41.88790205,0.900589894,600.3932627,13.85717082,0.02308015709,Sasanka Gylcerol and Oil 2,G_80% 43mm
glycerol,80,46,43,1.5,25,400,400,17,4.79,4.7705,41.88790205,0.900589894,600.3932627,13.85717082,0.02308015709,Sasanka Gylcerol and Oil 2,G_80% 43mm
glycerol,80,46,43,1.5,25,400,400,18,4.79,4.7705,41.88790205,0.900589894,600.3932627,13.85717082,0.02308015709,Sasanka Gylcerol and Oil 2,G_80% 43mm
glycerol,80,46,43,1.5,25,400,400,19,4.8,4.7705,41.88790205,0.900589894,600.3932627,13.85717082,0.02308015709,Sasanka Gylcerol and Oil 2,G_80% 43mm
glycerol,80,46,43,1.5,25,400,400,20,4.8,4.7705,41.88790205,0.900589894,600.3932627,13.85717082,0.02308015709,Sasanka Gylcerol and Oil 2,G_80% 43mm
glycerol,80,46,40,3,25,120,120,1,0,0,12.56637061,0.2513274123,83.7758041,0,0,Sasanka Gylcerol and Oil 2,G_80% 40mm
glycerol,80,46,40,3,25,120,120,2,0,0,12.56637061,0.2513274123,83.7758041,0,0,Sasanka Gylcerol and Oil 2,G_80% 40mm
glycerol,80,46,40,3,25,120,120,3,0,0,12.56637061,0.2513274123,83.7758041,0,0,Sasanka Gylcerol and Oil 2,G_80% 40mm
glycerol,80,46,40,3,25,120,120,4,0,0,12.56637061,0.2513274123,83.7758041,0,0,Sasanka Gylcerol and Oil 2,G_80% 40mm
glycerol,80,46,40,3,25,120,120,5,0,0,12.56637061,0.2513274123,83.7758041,0,0,Sasanka Gylcerol and Oil 2,G_80% 40mm
glycerol,80,46,40,3,25,120,120,6,0,0,12.56637061,0.2513274123,83.7758041,0,0,Sasanka Gylcerol and Oil 2,G_80% 40mm
glycerol,80,46,40,3,25,120,120,7,0,0,12.56637061,0.2513274123,83.7758041,0,0,Sasanka Gylcerol and Oil 2,G_80% 40mm
glycerol,80,46,40,3,25,120,120,8,0,0,12.56637061,0.2513274123,83.7758041,0,0,Sasanka Gylcerol and Oil 2,G_80% 40mm
glycerol,80,46,40,3,25,120,120,9,0,0,12.56637061,0.2513274123,83.7758041,0,0,Sasanka Gylcerol and Oil 2,G_80% 40mm
glycerol,80,46,40,3,25,120,120,10,0,0,12.56637061,0.2513274123,83.7758041,0,0,Sasanka Gylcerol and Oil 2,G_80% 40mm
glycerol,80,46,40,3,25,120,120,11,0,0,12.56637061,0.2513274123,83.7758041,0,0,Sasanka Gylcerol and Oil 2,G_80% 40mm
glycerol,80,46,40,3,25,120,120,12,0,0,12.56637061,0.2513274123,83.7758041,0,0,Sasanka Gylcerol and Oil 2,G_80% 40mm
glycerol,80,46,40,3,25,120,120,13,0,0,12.56637061,0.2513274123,83.7758041,0,0,Sasanka Gylcerol and Oil 2,G_80% 40mm
glycerol,80,46,40,3,25,120,120,14,0,0,12.56637061,0.2513274123,83.7758041,0,0,Sasanka Gylcerol and Oil 2,G_80% 40mm
glycerol,80,46,40,3,25,120,120,15,0,0,12.56637061,0.2513274123,83.7758041,0,0,Sasanka Gylcerol and Oil 2,G_80% 40mm
glycerol,80,46,40,3,25,120,120,16,0,0,12.56637061,0.2513274123,83.7758041,0,0,Sasanka Gylcerol and Oil 2,G_80% 40mm
glycerol,80,46,40,3,25,130.04,130,1,0.14,0.5425,13.61356817,0.2722713633,90.7571211,1.694021341,0.01866543716,Sasanka Gylcerol and Oil 2,G_80% 40mm
glycerol,80,46,40,3,25,130.04,130,2,0.45,0.5425,13.61356817,0.2722713633,90.7571211,1.694021341,0.01866543716,Sasanka Gylcerol and Oil 2,G_80% 40mm
glycerol,80,46,40,3,25,130.04,130,3,0.51,0.5425,13.61356817,0.2722713633,90.7571211,1.694021341,0.01866543716,Sasanka Gylcerol and Oil 2,G_80% 40mm
glycerol,80,46,40,3,25,130.04,130,4,0.52,0.5425,13.61356817,0.2722713633,90.7571211,1.694021341,0.01866543716,Sasanka Gylcerol and Oil 2,G_80% 40mm
glycerol,80,46,40,3,25,130.04,130,5,0.55,0.5425,13.61356817,0.2722713633,90.7571211,1.694021341,0.01866543716,Sasanka Gylcerol and Oil 2,G_80% 40mm
glycerol,80,46,40,3,25,130.04,130,6,0.58,0.5425,13.61356817,0.2722713633,90.7571211,1.694021341,0.01866543716,Sasanka Gylcerol and Oil 2,G_80% 40mm
glycerol,80,46,40,3,25,130.04,130,7,0.58,0.5425,13.61356817,0.2722713633,90.7571211,1.694021341,0.01866543716,Sasanka Gylcerol and Oil 2,G_80% 40mm
glycerol,80,46,40,3,25,130.04,130,8,0.58,0.5425,13.61356817,0.2722713633,90.7571211,1.694021341,0.01866543716,Sasanka Gylcerol and Oil 2,G_80% 40mm
glycerol,80,46,40,3,25,130.04,130,9,0.58,0.5425,13.61356817,0.2722713633,90.7571211,1.694021341,0.01866543716,Sasanka Gylcerol and Oil 2,G_80% 40mm
glycerol,80,46,40,3,25,130.04,130,10,0.58,0.5425,13.61356817,0.2722713633,90.7571211,1.694021341,0.01866543716,Sasanka Gylcerol and Oil 2,G_80% 40mm
glycerol,80,46,40,3,25,130.04,130,11,0.57,0.5425,13.61356817,0.2722713633,90.7571211,1.694021341,0.01866543716,Sasanka Gylcerol and Oil 2,G_80% 40mm
glycerol,80,46,40,3,25,130.04,130,12,0.58,0.5425,13.61356817,0.2722713633,90.7571211,1.694021341,0.01866543716,Sasanka Gylcerol and Oil 2,G_80% 40mm
glycerol,80,46,40,3,25,130.04,130,13,0.58,0.5425,13.61356817,0.2722713633,90.7571211,1.694021341,0.01866543716,Sasanka Gylcerol and Oil 2,G_80% 40mm
glycerol,80,46,40,3,25,130.04,130,14,0.57,0.5425,13.61356817,0.2722713633,90.7571211,1.694021341,0.01866543716,Sasanka Gylcerol and Oil 2,G_80% 40mm
glycerol,80,46,40,3,25,130.04,130,15,0.58,0.5425,13.61356817,0.2722713633,90.7571211,1.694021341,0.01866543716,Sasanka Gylcerol and Oil 2,G_80% 40mm
glycerol,80,46,40,3,25,130.04,130,16,0.58,0.5425,13.61356817,0.2722713633,90.7571211,1.694021341,0.01866543716,Sasanka Gylcerol and Oil 2,G_80% 40mm
glycerol,80,46,40,3,25,130.04,130,17,0.58,0.5425,13.61356817,0.2722713633,90.7571211,1.694021341,0.01866543716,Sasanka Gylcerol and Oil 2,G_80% 40mm
glycerol,80,46,40,3,25,130.04,130,18,0.58,0.5425,13.61356817,0.2722713633,90.7571211,1.694021341,0.01866543716,Sasanka Gylcerol and Oil 2,G_80% 40mm
glycerol,80,46,40,3,25,130.04,130,19,0.58,0.5425,13.61356817,0.2722713633,90.7571211,1.694021341,0.01866543716,Sasanka Gylcerol and Oil 2,G_80% 40mm
glycerol,80,46,40,3,25,130.04,130,20,0.58,0.5425,13.61356817,0.2722713633,90.7571211,1.694021341,0.01866543716,Sasanka Gylcerol and Oil 2,G_80% 40mm
glycerol,80,46,40,3,25,140.06,140,1,0.58,0.6355,14.66076572,0.2932153143,97.73843811,1.984424999,0.02030342451,Sasanka Gylcerol and Oil 2,G_80% 40mm
glycerol,80,46,40,3,25,140.06,140,2,0.61,0.6355,14.66076572,0.2932153143,97.73843811,1.984424999,0.02030342451,Sasanka Gylcerol and Oil 2,G_80% 40mm
glycerol,80,46,40,3,25,140.06,140,3,0.64,0.6355,14.66076572,0.2932153143,97.73843811,1.984424999,0.02030342451,Sasanka Gylcerol and Oil 2,G_80% 40mm
glycerol,80,46,40,3,25,140.06,140,4,0.64,0.6355,14.66076572,0.2932153143,97.73843811,1.984424999,0.02030342451,Sasanka Gylcerol and Oil 2,G_80% 40mm
glycerol,80,46,40,3,25,140.06,140,5,0.64,0.6355,14.66076572,0.2932153143,97.73843811,1.984424999,0.02030342451,Sasanka Gylcerol and Oil 2,G_80% 40mm
glycerol,80,46,40,3,25,140.06,140,6,0.64,0.6355,14.66076572,0.2932153143,97.73843811,1.984424999,0.02030342451,Sasanka Gylcerol and Oil 2,G_80% 40mm
glycerol,80,46,40,3,25,140.06,140,7,0.64,0.6355,14.66076572,0.2932153143,97.73843811,1.984424999,0.02030342451,Sasanka Gylcerol and Oil 2,G_80% 40mm
glycerol,80,46,40,3,25,140.06,140,8,0.64,0.6355,14.66076572,0.2932153143,97.73843811,1.984424999,0.02030342451,Sasanka Gylcerol and Oil 2,G_80% 40mm
glycerol,80,46,40,3,25,140.06,140,9,0.64,0.6355,14.66076572,0.2932153143,97.73843811,1.984424999,0.02030342451,Sasanka Gylcerol and Oil 2,G_80% 40mm
glycerol,80,46,40,3,25,140.06,140,10,0.64,0.6355,14.66076572,0.2932153143,97.73843811,1.984424999,0.02030342451,Sasanka Gylcerol and Oil 2,G_80% 40mm
glycerol,80,46,40,3,25,140.06,140,11,0.64,0.6355,14.66076572,0.2932153143,97.73843811,1.984424999,0.02030342451,Sasanka Gylcerol and Oil 2,G_80% 40mm
glycerol,80,46,40,3,25,140.06,140,12,0.64,0.6355,14.66076572,0.2932153143,97.73843811,1.984424999,0.02030342451,Sasanka Gylcerol and Oil 2,G_80% 40mm
glycerol,80,46,40,3,25,140.06,140,13,0.64,0.6355,14.66076572,0.2932153143,97.73843811,1.984424999,0.02030342451,Sasanka Gylcerol and Oil 2,G_80% 40mm
glycerol,80,46,40,3,25,140.06,140,14,0.64,0.6355,14.66076572,0.2932153143,97.73843811,1.984424999,0.02030342451,Sasanka Gylcerol and Oil 2,G_80% 40mm
glycerol,80,46,40,3,25,140.06,140,15,0.64,0.6355,14.66076572,0.2932153143,97.73843811,1.984424999,0.02030342451,Sasanka Gylcerol and Oil 2,G_80% 40mm
glycerol,80,46,40,3,25,140.06,140,16,0.64,0.6355,14.66076572,0.2932153143,97.73843811,1.984424999,0.02030342451,Sasanka Gylcerol and Oil 2,G_80% 40mm
glycerol,80,46,40,3,25,140.06,140,17,0.64,0.6355,14.66076572,0.2932153143,97.73843811,1.984424999,0.02030342451,Sasanka Gylcerol and Oil 2,G_80% 40mm
glycerol,80,46,40,3,25,140.06,140,18,0.64,0.6355,14.66076572,0.2932153143,97.73843811,1.984424999,0.02030342451,Sasanka Gylcerol and Oil 2,G_80% 40mm
glycerol,80,46,40,3,25,140.06,140,19,0.64,0.6355,14.66076572,0.2932153143,97.73843811,1.984424999,0.02030342451,Sasanka Gylcerol and Oil 2,G_80% 40mm
glycerol,80,46,40,3,25,140.06,140,20,0.64,0.6355,14.66076572,0.2932153143,97.73843811,1.984424999,0.02030342451,Sasanka Gylcerol and Oil 2,G_80% 40mm
glycerol,80,46,40,3,25,150,150,1,0.64,0.6945,15.70796327,0.3141592654,104.7197551,2.168659579,0.02070917351,Sasanka Gylcerol and Oil 2,G_80% 40mm
glycerol,80,46,40,3,25,150,150,2,0.67,0.6945,15.70796327,0.3141592654,104.7197551,2.168659579,0.02070917351,Sasanka Gylcerol and Oil 2,G_80% 40mm
glycerol,80,46,40,3,25,150,150,3,0.7,0.6945,15.70796327,0.3141592654,104.7197551,2.168659579,0.02070917351,Sasanka Gylcerol and Oil 2,G_80% 40mm
glycerol,80,46,40,3,25,150,150,4,0.69,0.6945,15.70796327,0.3141592654,104.7197551,2.168659579,0.02070917351,Sasanka Gylcerol and Oil 2,G_80% 40mm
glycerol,80,46,40,3,25,150,150,5,0.7,0.6945,15.70796327,0.3141592654,104.7197551,2.168659579,0.02070917351,Sasanka Gylcerol and Oil 2,G_80% 40mm
glycerol,80,46,40,3,25,150,150,6,0.7,0.6945,15.70796327,0.3141592654,104.7197551,2.168659579,0.02070917351,Sasanka Gylcerol and Oil 2,G_80% 40mm
glycerol,80,46,40,3,25,150,150,7,0.7,0.6945,15.70796327,0.3141592654,104.7197551,2.168659579,0.02070917351,Sasanka Gylcerol and Oil 2,G_80% 40mm
glycerol,80,46,40,3,25,150,150,8,0.7,0.6945,15.70796327,0.3141592654,104.7197551,2.168659579,0.02070917351,Sasanka Gylcerol and Oil 2,G_80% 40mm
glycerol,80,46,40,3,25,150,150,9,0.7,0.6945,15.70796327,0.3141592654,104.7197551,2.168659579,0.02070917351,Sasanka Gylcerol and Oil 2,G_80% 40mm
glycerol,80,46,40,3,25,150,150,10,0.7,0.6945,15.70796327,0.3141592654,104.7197551,2.168659579,0.02070917351,Sasanka Gylcerol and Oil 2,G_80% 40mm
glycerol,80,46,40,3,25,150,150,11,0.7,0.6945,15.70796327,0.3141592654,104.7197551,2.168659579,0.02070917351,Sasanka Gylcerol and Oil 2,G_80% 40mm
glycerol,80,46,40,3,25,150,150,12,0.7,0.6945,15.70796327,0.3141592654,104.7197551,2.168659579,0.02070917351,Sasanka Gylcerol and Oil 2,G_80% 40mm
glycerol,80,46,40,3,25,150,150,13,0.7,0.6945,15.70796327,0.3141592654,104.7197551,2.168659579,0.02070917351,Sasanka Gylcerol and Oil 2,G_80% 40mm
glycerol,80,46,40,3,25,150,150,14,0.7,0.6945,15.70796327,0.3141592654,104.7197551,2.168659579,0.02070917351,Sasanka Gylcerol and Oil 2,G_80% 40mm
glycerol,80,46,40,3,25,150,150,15,0.7,0.6945,15.70796327,0.3141592654,104.7197551,2.168659579,0.02070917351,Sasanka Gylcerol and Oil 2,G_80% 40mm
glycerol,80,46,40,3,25,150,150,16,0.7,0.6945,15.70796327,0.3141592654,104.7197551,2.168659579,0.02070917351,Sasanka Gylcerol and Oil 2,G_80% 40mm
glycerol,80,46,40,3,25,150,150,17,0.7,0.6945,15.70796327,0.3141592654,104.7197551,2.168659579,0.02070917351,Sasanka Gylcerol and Oil 2,G_80% 40mm
glycerol,80,46,40,3,25,150,150,18,0.7,0.6945,15.70796327,0.3141592654,104.7197551,2.168659579,0.02070917351,Sasanka Gylcerol and Oil 2,G_80% 40mm
glycerol,80,46,40,3,25,150,150,19,0.69,0.6945,15.70796327,0.3141592654,104.7197551,2.168659579,0.02070917351,Sasanka Gylcerol and Oil 2,G_80% 40mm
glycerol,80,46,40,3,25,150,150,20,0.7,0.6945,15.70796327,0.3141592654,104.7197551,2.168659579,0.02070917351,Sasanka Gylcerol and Oil 2,G_80% 40mm
glycerol,80,46,40,3,25,160,160,1,0.7,0.752,16.75516082,0.3351032164,111.7010721,2.348210228,0.02102227116,Sasanka Gylcerol and Oil 2,G_80% 40mm
glycerol,80,46,40,3,25,160,160,2,0.73,0.752,16.75516082,0.3351032164,111.7010721,2.348210228,0.02102227116,Sasanka Gylcerol and Oil 2,G_80% 40mm
glycerol,80,46,40,3,25,160,160,3,0.76,0.752,16.75516082,0.3351032164,111.7010721,2.348210228,0.02102227116,Sasanka Gylcerol and Oil 2,G_80% 40mm
glycerol,80,46,40,3,25,160,160,4,0.76,0.752,16.75516082,0.3351032164,111.7010721,2.348210228,0.02102227116,Sasanka Gylcerol and Oil 2,G_80% 40mm
glycerol,80,46,40,3,25,160,160,5,0.76,0.752,16.75516082,0.3351032164,111.7010721,2.348210228,0.02102227116,Sasanka Gylcerol and Oil 2,G_80% 40mm
glycerol,80,46,40,3,25,160,160,6,0.76,0.752,16.75516082,0.3351032164,111.7010721,2.348210228,0.02102227116,Sasanka Gylcerol and Oil 2,G_80% 40mm
glycerol,80,46,40,3,25,160,160,7,0.76,0.752,16.75516082,0.3351032164,111.7010721,2.348210228,0.02102227116,Sasanka Gylcerol and Oil 2,G_80% 40mm
glycerol,80,46,40,3,25,160,160,8,0.76,0.752,16.75516082,0.3351032164,111.7010721,2.348210228,0.02102227116,Sasanka Gylcerol and Oil 2,G_80% 40mm
glycerol,80,46,40,3,25,160,160,9,0.76,0.752,16.75516082,0.3351032164,111.7010721,2.348210228,0.02102227116,Sasanka Gylcerol and Oil 2,G_80% 40mm
glycerol,80,46,40,3,25,160,160,10,0.76,0.752,16.75516082,0.3351032164,111.7010721,2.348210228,0.02102227116,Sasanka Gylcerol and Oil 2,G_80% 40mm
glycerol,80,46,40,3,25,160,160,11,0.76,0.752,16.75516082,0.3351032164,111.7010721,2.348210228,0.02102227116,Sasanka Gylcerol and Oil 2,G_80% 40mm
glycerol,80,46,40,3,25,160,160,12,0.75,0.752,16.75516082,0.3351032164,111.7010721,2.348210228,0.02102227116,Sasanka Gylcerol and Oil 2,G_80% 40mm
glycerol,80,46,40,3,25,160,160,13,0.75,0.752,16.75516082,0.3351032164,111.7010721,2.348210228,0.02102227116,Sasanka Gylcerol and Oil 2,G_80% 40mm
glycerol,80,46,40,3,25,160,160,14,0.75,0.752,16.75516082,0.3351032164,111.7010721,2.348210228,0.02102227116,Sasanka Gylcerol and Oil 2,G_80% 40mm
glycerol,80,46,40,3,25,160,160,15,0.75,0.752,16.75516082,0.3351032164,111.7010721,2.348210228,0.02102227116,Sasanka Gylcerol and Oil 2,G_80% 40mm
glycerol,80,46,40,3,25,160,160,16,0.76,0.752,16.75516082,0.3351032164,111.7010721,2.348210228,0.02102227116,Sasanka Gylcerol and Oil 2,G_80% 40mm
glycerol,80,46,40,3,25,160,160,17,0.76,0.752,16.75516082,0.3351032164,111.7010721,2.348210228,0.02102227116,Sasanka Gylcerol and Oil 2,G_80% 40mm
glycerol,80,46,40,3,25,160,160,18,0.75,0.752,16.75516082,0.3351032164,111.7010721,2.348210228,0.02102227116,Sasanka Gylcerol and Oil 2,G_80% 40mm
glycerol,80,46,40,3,25,160,160,19,0.75,0.752,16.75516082,0.3351032164,111.7010721,2.348210228,0.02102227116,Sasanka Gylcerol and Oil 2,G_80% 40mm
glycerol,80,46,40,3,25,160,160,20,0.75,0.752,16.75516082,0.3351032164,111.7010721,2.348210228,0.02102227116,Sasanka Gylcerol and Oil 2,G_80% 40mm
glycerol,80,46,40,3,25,170.07,170,1,0.76,0.8055,17.80235837,0.3560471674,118.6823891,2.515270397,0.02119329089,Sasanka Gylcerol and Oil 2,G_80% 40mm
glycerol,80,46,40,3,25,170.07,170,2,0.79,0.8055,17.80235837,0.3560471674,118.6823891,2.515270397,0.02119329089,Sasanka Gylcerol and Oil 2,G_80% 40mm
glycerol,80,46,40,3,25,170.07,170,3,0.81,0.8055,17.80235837,0.3560471674,118.6823891,2.515270397,0.02119329089,Sasanka Gylcerol and Oil 2,G_80% 40mm
glycerol,80,46,40,3,25,170.07,170,4,0.8,0.8055,17.80235837,0.3560471674,118.6823891,2.515270397,0.02119329089,Sasanka Gylcerol and Oil 2,G_80% 40mm
glycerol,80,46,40,3,25,170.07,170,5,0.8,0.8055,17.80235837,0.3560471674,118.6823891,2.515270397,0.02119329089,Sasanka Gylcerol and Oil 2,G_80% 40mm
glycerol,80,46,40,3,25,170.07,170,6,0.81,0.8055,17.80235837,0.3560471674,118.6823891,2.515270397,0.02119329089,Sasanka Gylcerol and Oil 2,G_80% 40mm
glycerol,80,46,40,3,25,170.07,170,7,0.81,0.8055,17.80235837,0.3560471674,118.6823891,2.515270397,0.02119329089,Sasanka Gylcerol and Oil 2,G_80% 40mm
glycerol,80,46,40,3,25,170.07,170,8,0.81,0.8055,17.80235837,0.3560471674,118.6823891,2.515270397,0.02119329089,Sasanka Gylcerol and Oil 2,G_80% 40mm
glycerol,80,46,40,3,25,170.07,170,9,0.81,0.8055,17.80235837,0.3560471674,118.6823891,2.515270397,0.02119329089,Sasanka Gylcerol and Oil 2,G_80% 40mm
glycerol,80,46,40,3,25,170.07,170,10,0.81,0.8055,17.80235837,0.3560471674,118.6823891,2.515270397,0.02119329089,Sasanka Gylcerol and Oil 2,G_80% 40mm
glycerol,80,46,40,3,25,170.07,170,11,0.81,0.8055,17.80235837,0.3560471674,118.6823891,2.515270397,0.02119329089,Sasanka Gylcerol and Oil 2,G_80% 40mm
glycerol,80,46,40,3,25,170.07,170,12,0.81,0.8055,17.80235837,0.3560471674,118.6823891,2.515270397,0.02119329089,Sasanka Gylcerol and Oil 2,G_80% 40mm
glycerol,80,46,40,3,25,170.07,170,13,0.81,0.8055,17.80235837,0.3560471674,118.6823891,2.515270397,0.02119329089,Sasanka Gylcerol and Oil 2,G_80% 40mm
glycerol,80,46,40,3,25,170.07,170,14,0.81,0.8055,17.80235837,0.3560471674,118.6823891,2.515270397,0.02119329089,Sasanka Gylcerol and Oil 2,G_80% 40mm
glycerol,80,46,40,3,25,170.07,170,15,0.81,0.8055,17.80235837,0.3560471674,118.6823891,2.515270397,0.02119329089,Sasanka Gylcerol and Oil 2,G_80% 40mm
glycerol,80,46,40,3,25,170.07,170,16,0.81,0.8055,17.80235837,0.3560471674,118.6823891,2.515270397,0.02119329089,Sasanka Gylcerol and Oil 2,G_80% 40mm
glycerol,80,46,40,3,25,170.07,170,17,0.81,0.8055,17.80235837,0.3560471674,118.6823891,2.515270397,0.02119329089,Sasanka Gylcerol and Oil 2,G_80% 40mm
glycerol,80,46,40,3,25,170.07,170,18,0.81,0.8055,17.80235837,0.3560471674,118.6823891,2.515270397,0.02119329089,Sasanka Gylcerol and Oil 2,G_80% 40mm
glycerol,80,46,40,3,25,170.07,170,19,0.81,0.8055,17.80235837,0.3560471674,118.6823891,2.515270397,0.02119329089,Sasanka Gylcerol and Oil 2,G_80% 40mm
glycerol,80,46,40,3,25,170.07,170,20,0.81,0.8055,17.80235837,0.3560471674,118.6823891,2.515270397,0.02119329089,Sasanka Gylcerol and Oil 2,G_80% 40mm
glycerol,80,46,40,3,25,180.07,180,1,0.84,0.8575,18.84955592,0.3769911184,125.6637061,2.677646636,0.0213080349,Sasanka Gylcerol and Oil 2,G_80% 40mm
glycerol,80,46,40,3,25,180.07,180,2,0.86,0.8575,18.84955592,0.3769911184,125.6637061,2.677646636,0.0213080349,Sasanka Gylcerol and Oil 2,G_80% 40mm
glycerol,80,46,40,3,25,180.07,180,3,0.86,0.8575,18.84955592,0.3769911184,125.6637061,2.677646636,0.0213080349,Sasanka Gylcerol and Oil 2,G_80% 40mm
glycerol,80,46,40,3,25,180.07,180,4,0.86,0.8575,18.84955592,0.3769911184,125.6637061,2.677646636,0.0213080349,Sasanka Gylcerol and Oil 2,G_80% 40mm
glycerol,80,46,40,3,25,180.07,180,5,0.86,0.8575,18.84955592,0.3769911184,125.6637061,2.677646636,0.0213080349,Sasanka Gylcerol and Oil 2,G_80% 40mm
glycerol,80,46,40,3,25,180.07,180,6,0.86,0.8575,18.84955592,0.3769911184,125.6637061,2.677646636,0.0213080349,Sasanka Gylcerol and Oil 2,G_80% 40mm
glycerol,80,46,40,3,25,180.07,180,7,0.85,0.8575,18.84955592,0.3769911184,125.6637061,2.677646636,0.0213080349,Sasanka Gylcerol and Oil 2,G_80% 40mm
glycerol,80,46,40,3,25,180.07,180,8,0.86,0.8575,18.84955592,0.3769911184,125.6637061,2.677646636,0.0213080349,Sasanka Gylcerol and Oil 2,G_80% 40mm
glycerol,80,46,40,3,25,180.07,180,9,0.85,0.8575,18.84955592,0.3769911184,125.6637061,2.677646636,0.0213080349,Sasanka Gylcerol and Oil 2,G_80% 40mm
glycerol,80,46,40,3,25,180.07,180,10,0.86,0.8575,18.84955592,0.3769911184,125.6637061,2.677646636,0.0213080349,Sasanka Gylcerol and Oil 2,G_80% 40mm
glycerol,80,46,40,3,25,180.07,180,11,0.86,0.8575,18.84955592,0.3769911184,125.6637061,2.677646636,0.0213080349,Sasanka Gylcerol and Oil 2,G_80% 40mm
glycerol,80,46,40,3,25,180.07,180,12,0.86,0.8575,18.84955592,0.3769911184,125.6637061,2.677646636,0.0213080349,Sasanka Gylcerol and Oil 2,G_80% 40mm
glycerol,80,46,40,3,25,180.07,180,13,0.86,0.8575,18.84955592,0.3769911184,125.6637061,2.677646636,0.0213080349,Sasanka Gylcerol and Oil 2,G_80% 40mm
glycerol,80,46,40,3,25,180.07,180,14,0.86,0.8575,18.84955592,0.3769911184,125.6637061,2.677646636,0.0213080349,Sasanka Gylcerol and Oil 2,G_80% 40mm
glycerol,80,46,40,3,25,180.07,180,15,0.86,0.8575,18.84955592,0.3769911184,125.6637061,2.677646636,0.0213080349,Sasanka Gylcerol and Oil 2,G_80% 40mm
glycerol,80,46,40,3,25,180.07,180,16,0.86,0.8575,18.84955592,0.3769911184,125.6637061,2.677646636,0.0213080349,Sasanka Gylcerol and Oil 2,G_80% 40mm
glycerol,80,46,40,3,25,180.07,180,17,0.86,0.8575,18.84955592,0.3769911184,125.6637061,2.677646636,0.0213080349,Sasanka Gylcerol and Oil 2,G_80% 40mm
glycerol,80,46,40,3,25,180.07,180,18,0.86,0.8575,18.84955592,0.3769911184,125.6637061,2.677646636,0.0213080349,Sasanka Gylcerol and Oil 2,G_80% 40mm
glycerol,80,46,40,3,25,180.07,180,19,0.85,0.8575,18.84955592,0.3769911184,125.6637061,2.677646636,0.0213080349,Sasanka Gylcerol and Oil 2,G_80% 40mm
glycerol,80,46,40,3,25,180.07,180,20,0.86,0.8575,18.84955592,0.3769911184,125.6637061,2.677646636,0.0213080349,Sasanka Gylcerol and Oil 2,G_80% 40mm
glycerol,80,46,40,3,25,190.11,190,1,0.89,0.8995,19.89675347,0.3979350695,132.6450232,2.808796675,0.02117528882,Sasanka Gylcerol and Oil 2,G_80% 40mm
glycerol,80,46,40,3,25,190.11,190,2,0.9,0.8995,19.89675347,0.3979350695,132.6450232,2.808796675,0.02117528882,Sasanka Gylcerol and Oil 2,G_80% 40mm
glycerol,80,46,40,3,25,190.11,190,3,0.9,0.8995,19.89675347,0.3979350695,132.6450232,2.808796675,0.02117528882,Sasanka Gylcerol and Oil 2,G_80% 40mm
glycerol,80,46,40,3,25,190.11,190,4,0.9,0.8995,19.89675347,0.3979350695,132.6450232,2.808796675,0.02117528882,Sasanka Gylcerol and Oil 2,G_80% 40mm
glycerol,80,46,40,3,25,190.11,190,5,0.9,0.8995,19.89675347,0.3979350695,132.6450232,2.808796675,0.02117528882,Sasanka Gylcerol and Oil 2,G_80% 40mm
glycerol,80,46,40,3,25,190.11,190,6,0.9,0.8995,19.89675347,0.3979350695,132.6450232,2.808796675,0.02117528882,Sasanka Gylcerol and Oil 2,G_80% 40mm
glycerol,80,46,40,3,25,190.11,190,7,0.9,0.8995,19.89675347,0.3979350695,132.6450232,2.808796675,0.02117528882,Sasanka Gylcerol and Oil 2,G_80% 40mm
glycerol,80,46,40,3,25,190.11,190,8,0.9,0.8995,19.89675347,0.3979350695,132.6450232,2.808796675,0.02117528882,Sasanka Gylcerol and Oil 2,G_80% 40mm
glycerol,80,46,40,3,25,190.11,190,9,0.9,0.8995,19.89675347,0.3979350695,132.6450232,2.808796675,0.02117528882,Sasanka Gylcerol and Oil 2,G_80% 40mm
glycerol,80,46,40,3,25,190.11,190,10,0.9,0.8995,19.89675347,0.3979350695,132.6450232,2.808796675,0.02117528882,Sasanka Gylcerol and Oil 2,G_80% 40mm
glycerol,80,46,40,3,25,190.11,190,11,0.9,0.8995,19.89675347,0.3979350695,132.6450232,2.808796675,0.02117528882,Sasanka Gylcerol and Oil 2,G_80% 40mm
glycerol,80,46,40,3,25,190.11,190,12,0.9,0.8995,19.89675347,0.3979350695,132.6450232,2.808796675,0.02117528882,Sasanka Gylcerol and Oil 2,G_80% 40mm
glycerol,80,46,40,3,25,190.11,190,13,0.9,0.8995,19.89675347,0.3979350695,132.6450232,2.808796675,0.02117528882,Sasanka Gylcerol and Oil 2,G_80% 40mm
glycerol,80,46,40,3,25,190.11,190,14,0.9,0.8995,19.89675347,0.3979350695,132.6450232,2.808796675,0.02117528882,Sasanka Gylcerol and Oil 2,G_80% 40mm
glycerol,80,46,40,3,25,190.11,190,15,0.9,0.8995,19.89675347,0.3979350695,132.6450232,2.808796675,0.02117528882,Sasanka Gylcerol and Oil 2,G_80% 40mm
glycerol,80,46,40,3,25,190.11,190,16,0.9,0.8995,19.89675347,0.3979350695,132.6450232,2.808796675,0.02117528882,Sasanka Gylcerol and Oil 2,G_80% 40mm
glycerol,80,46,40,3,25,190.11,190,17,0.9,0.8995,19.89675347,0.3979350695,132.6450232,2.808796675,0.02117528882,Sasanka Gylcerol and Oil 2,G_80% 40mm
glycerol,80,46,40,3,25,190.11,190,18,0.9,0.8995,19.89675347,0.3979350695,132.6450232,2.808796675,0.02117528882,Sasanka Gylcerol and Oil 2,G_80% 40mm
glycerol,80,46,40,3,25,190.11,190,19,0.9,0.8995,19.89675347,0.3979350695,132.6450232,2.808796675,0.02117528882,Sasanka Gylcerol and Oil 2,G_80% 40mm
glycerol,80,46,40,3,25,190.11,190,20,0.9,0.8995,19.89675347,0.3979350695,132.6450232,2.808796675,0.02117528882,Sasanka Gylcerol and Oil 2,G_80% 40mm
glycerol,80,46,40,3,25,200,200,1,0.94,0.9655,20.94395102,0.4188790205,139.6263402,3.014889594,0.02159255618,Sasanka Gylcerol and Oil 2,G_80% 40mm
glycerol,80,46,40,3,25,200,200,2,0.97,0.9655,20.94395102,0.4188790205,139.6263402,3.014889594,0.02159255618,Sasanka Gylcerol and Oil 2,G_80% 40mm
glycerol,80,46,40,3,25,200,200,3,0.96,0.9655,20.94395102,0.4188790205,139.6263402,3.014889594,0.02159255618,Sasanka Gylcerol and Oil 2,G_80% 40mm
glycerol,80,46,40,3,25,200,200,4,0.97,0.9655,20.94395102,0.4188790205,139.6263402,3.014889594,0.02159255618,Sasanka Gylcerol and Oil 2,G_80% 40mm
glycerol,80,46,40,3,25,200,200,5,0.96,0.9655,20.94395102,0.4188790205,139.6263402,3.014889594,0.02159255618,Sasanka Gylcerol and Oil 2,G_80% 40mm
glycerol,80,46,40,3,25,200,200,6,0.97,0.9655,20.94395102,0.4188790205,139.6263402,3.014889594,0.02159255618,Sasanka Gylcerol and Oil 2,G_80% 40mm
glycerol,80,46,40,3,25,200,200,7,0.97,0.9655,20.94395102,0.4188790205,139.6263402,3.014889594,0.02159255618,Sasanka Gylcerol and Oil 2,G_80% 40mm
glycerol,80,46,40,3,25,200,200,8,0.97,0.9655,20.94395102,0.4188790205,139.6263402,3.014889594,0.02159255618,Sasanka Gylcerol and Oil 2,G_80% 40mm
glycerol,80,46,40,3,25,200,200,9,0.97,0.9655,20.94395102,0.4188790205,139.6263402,3.014889594,0.02159255618,Sasanka Gylcerol and Oil 2,G_80% 40mm
glycerol,80,46,40,3,25,200,200,10,0.97,0.9655,20.94395102,0.4188790205,139.6263402,3.014889594,0.02159255618,Sasanka Gylcerol and Oil 2,G_80% 40mm
glycerol,80,46,40,3,25,200,200,11,0.97,0.9655,20.94395102,0.4188790205,139.6263402,3.014889594,0.02159255618,Sasanka Gylcerol and Oil 2,G_80% 40mm
glycerol,80,46,40,3,25,200,200,12,0.96,0.9655,20.94395102,0.4188790205,139.6263402,3.014889594,0.02159255618,Sasanka Gylcerol and Oil 2,G_80% 40mm
glycerol,80,46,40,3,25,200,200,13,0.97,0.9655,20.94395102,0.4188790205,139.6263402,3.014889594,0.02159255618,Sasanka Gylcerol and Oil 2,G_80% 40mm
glycerol,80,46,40,3,25,200,200,14,0.96,0.9655,20.94395102,0.4188790205,139.6263402,3.014889594,0.02159255618,Sasanka Gylcerol and Oil 2,G_80% 40mm
glycerol,80,46,40,3,25,200,200,15,0.96,0.9655,20.94395102,0.4188790205,139.6263402,3.014889594,0.02159255618,Sasanka Gylcerol and Oil 2,G_80% 40mm
glycerol,80,46,40,3,25,200,200,16,0.97,0.9655,20.94395102,0.4188790205,139.6263402,3.014889594,0.02159255618,Sasanka Gylcerol and Oil 2,G_80% 40mm
glycerol,80,46,40,3,25,200,200,17,0.96,0.9655,20.94395102,0.4188790205,139.6263402,3.014889594,0.02159255618,Sasanka Gylcerol and Oil 2,G_80% 40mm
glycerol,80,46,40,3,25,200,200,18,0.97,0.9655,20.94395102,0.4188790205,139.6263402,3.014889594,0.02159255618,Sasanka Gylcerol and Oil 2,G_80% 40mm
glycerol,80,46,40,3,25,200,200,19,0.97,0.9655,20.94395102,0.4188790205,139.6263402,3.014889594,0.02159255618,Sasanka Gylcerol and Oil 2,G_80% 40mm
glycerol,80,46,40,3,25,200,200,20,0.97,0.9655,20.94395102,0.4188790205,139.6263402,3.014889594,0.02159255618,Sasanka Gylcerol and Oil 2,G_80% 40mm
glycerol,80,46,40,3,25,210.08,210,1,0.99,1.0015,21.99114858,0.4398229715,146.6076572,3.127303913,0.02133110899,Sasanka Gylcerol and Oil 2,G_80% 40mm
glycerol,80,46,40,3,25,210.08,210,2,1.01,1.0015,21.99114858,0.4398229715,146.6076572,3.127303913,0.02133110899,Sasanka Gylcerol and Oil 2,G_80% 40mm
glycerol,80,46,40,3,25,210.08,210,3,1.01,1.0015,21.99114858,0.4398229715,146.6076572,3.127303913,0.02133110899,Sasanka Gylcerol and Oil 2,G_80% 40mm
glycerol,80,46,40,3,25,210.08,210,4,1,1.0015,21.99114858,0.4398229715,146.6076572,3.127303913,0.02133110899,Sasanka Gylcerol and Oil 2,G_80% 40mm
glycerol,80,46,40,3,25,210.08,210,5,1.01,1.0015,21.99114858,0.4398229715,146.6076572,3.127303913,0.02133110899,Sasanka Gylcerol and Oil 2,G_80% 40mm
glycerol,80,46,40,3,25,210.08,210,6,1.01,1.0015,21.99114858,0.4398229715,146.6076572,3.127303913,0.02133110899,Sasanka Gylcerol and Oil 2,G_80% 40mm
glycerol,80,46,40,3,25,210.08,210,7,1,1.0015,21.99114858,0.4398229715,146.6076572,3.127303913,0.02133110899,Sasanka Gylcerol and Oil 2,G_80% 40mm
glycerol,80,46,40,3,25,210.08,210,8,1,1.0015,21.99114858,0.4398229715,146.6076572,3.127303913,0.02133110899,Sasanka Gylcerol and Oil 2,G_80% 40mm
glycerol,80,46,40,3,25,210.08,210,9,1,1.0015,21.99114858,0.4398229715,146.6076572,3.127303913,0.02133110899,Sasanka Gylcerol and Oil 2,G_80% 40mm
glycerol,80,46,40,3,25,210.08,210,10,1,1.0015,21.99114858,0.4398229715,146.6076572,3.127303913,0.02133110899,Sasanka Gylcerol and Oil 2,G_80% 40mm
glycerol,80,46,40,3,25,210.08,210,11,1,1.0015,21.99114858,0.4398229715,146.6076572,3.127303913,0.02133110899,Sasanka Gylcerol and Oil 2,G_80% 40mm
glycerol,80,46,40,3,25,210.08,210,12,1,1.0015,21.99114858,0.4398229715,146.6076572,3.127303913,0.02133110899,Sasanka Gylcerol and Oil 2,G_80% 40mm
glycerol,80,46,40,3,25,210.08,210,13,1,1.0015,21.99114858,0.4398229715,146.6076572,3.127303913,0.02133110899,Sasanka Gylcerol and Oil 2,G_80% 40mm
glycerol,80,46,40,3,25,210.08,210,14,1,1.0015,21.99114858,0.4398229715,146.6076572,3.127303913,0.02133110899,Sasanka Gylcerol and Oil 2,G_80% 40mm
glycerol,80,46,40,3,25,210.08,210,15,1,1.0015,21.99114858,0.4398229715,146.6076572,3.127303913,0.02133110899,Sasanka Gylcerol and Oil 2,G_80% 40mm
glycerol,80,46,40,3,25,210.08,210,16,1,1.0015,21.99114858,0.4398229715,146.6076572,3.127303913,0.02133110899,Sasanka Gylcerol and Oil 2,G_80% 40mm
glycerol,80,46,40,3,25,210.08,210,17,1,1.0015,21.99114858,0.4398229715,146.6076572,3.127303913,0.02133110899,Sasanka Gylcerol and Oil 2,G_80% 40mm
glycerol,80,46,40,3,25,210.08,210,18,1,1.0015,21.99114858,0.4398229715,146.6076572,3.127303913,0.02133110899,Sasanka Gylcerol and Oil 2,G_80% 40mm
glycerol,80,46,40,3,25,210.08,210,19,1,1.0015,21.99114858,0.4398229715,146.6076572,3.127303913,0.02133110899,Sasanka Gylcerol and Oil 2,G_80% 40mm
glycerol,80,46,40,3,25,210.08,210,20,1,1.0015,21.99114858,0.4398229715,146.6076572,3.127303913,0.02133110899,Sasanka Gylcerol and Oil 2,G_80% 40mm
glycerol,80,46,40,3,25,220.1,220,1,1.05,1.0745,23.03834613,0.4607669225,153.5889742,3.355255172,0.02184567734,Sasanka Gylcerol and Oil 2,G_80% 40mm
glycerol,80,46,40,3,25,220.1,220,2,1.07,1.0745,23.03834613,0.4607669225,153.5889742,3.355255172,0.02184567734,Sasanka Gylcerol and Oil 2,G_80% 40mm
glycerol,80,46,40,3,25,220.1,220,3,1.07,1.0745,23.03834613,0.4607669225,153.5889742,3.355255172,0.02184567734,Sasanka Gylcerol and Oil 2,G_80% 40mm
glycerol,80,46,40,3,25,220.1,220,4,1.07,1.0745,23.03834613,0.4607669225,153.5889742,3.355255172,0.02184567734,Sasanka Gylcerol and Oil 2,G_80% 40mm
glycerol,80,46,40,3,25,220.1,220,5,1.07,1.0745,23.03834613,0.4607669225,153.5889742,3.355255172,0.02184567734,Sasanka Gylcerol and Oil 2,G_80% 40mm
glycerol,80,46,40,3,25,220.1,220,6,1.07,1.0745,23.03834613,0.4607669225,153.5889742,3.355255172,0.02184567734,Sasanka Gylcerol and Oil 2,G_80% 40mm
glycerol,80,46,40,3,25,220.1,220,7,1.07,1.0745,23.03834613,0.4607669225,153.5889742,3.355255172,0.02184567734,Sasanka Gylcerol and Oil 2,G_80% 40mm
glycerol,80,46,40,3,25,220.1,220,8,1.07,1.0745,23.03834613,0.4607669225,153.5889742,3.355255172,0.02184567734,Sasanka Gylcerol and Oil 2,G_80% 40mm
glycerol,80,46,40,3,25,220.1,220,9,1.08,1.0745,23.03834613,0.4607669225,153.5889742,3.355255172,0.02184567734,Sasanka Gylcerol and Oil 2,G_80% 40mm
glycerol,80,46,40,3,25,220.1,220,10,1.08,1.0745,23.03834613,0.4607669225,153.5889742,3.355255172,0.02184567734,Sasanka Gylcerol and Oil 2,G_80% 40mm
glycerol,80,46,40,3,25,220.1,220,11,1.08,1.0745,23.03834613,0.4607669225,153.5889742,3.355255172,0.02184567734,Sasanka Gylcerol and Oil 2,G_80% 40mm
glycerol,80,46,40,3,25,220.1,220,12,1.08,1.0745,23.03834613,0.4607669225,153.5889742,3.355255172,0.02184567734,Sasanka Gylcerol and Oil 2,G_80% 40mm
glycerol,80,46,40,3,25,220.1,220,13,1.08,1.0745,23.03834613,0.4607669225,153.5889742,3.355255172,0.02184567734,Sasanka Gylcerol and Oil 2,G_80% 40mm
glycerol,80,46,40,3,25,220.1,220,14,1.08,1.0745,23.03834613,0.4607669225,153.5889742,3.355255172,0.02184567734,Sasanka Gylcerol and Oil 2,G_80% 40mm
glycerol,80,46,40,3,25,220.1,220,15,1.07,1.0745,23.03834613,0.4607669225,153.5889742,3.355255172,0.02184567734,Sasanka Gylcerol and Oil 2,G_80% 40mm
glycerol,80,46,40,3,25,220.1,220,16,1.08,1.0745,23.03834613,0.4607669225,153.5889742,3.355255172,0.02184567734,Sasanka Gylcerol and Oil 2,G_80% 40mm
glycerol,80,46,40,3,25,220.1,220,17,1.08,1.0745,23.03834613,0.4607669225,153.5889742,3.355255172,0.02184567734,Sasanka Gylcerol and Oil 2,G_80% 40mm
glycerol,80,46,40,3,25,220.1,220,18,1.08,1.0745,23.03834613,0.4607669225,153.5889742,3.355255172,0.02184567734,Sasanka Gylcerol and Oil 2,G_80% 40mm
glycerol,80,46,40,3,25,220.1,220,19,1.08,1.0745,23.03834613,0.4607669225,153.5889742,3.355255172,0.02184567734,Sasanka Gylcerol and Oil 2,G_80% 40mm
glycerol,80,46,40,3,25,220.1,220,20,1.08,1.0745,23.03834613,0.4607669225,153.5889742,3.355255172,0.02184567734,Sasanka Gylcerol and Oil 2,G_80% 40mm
glycerol,80,46,40,3,25,230.06,230,1,1.11,1.13,24.08554368,0.4817108736,160.5702912,3.528560581,0.02197517707,Sasanka Gylcerol and Oil 2,G_80% 40mm
glycerol,80,46,40,3,25,230.06,230,2,1.13,1.13,24.08554368,0.4817108736,160.5702912,3.528560581,0.02197517707,Sasanka Gylcerol and Oil 2,G_80% 40mm
glycerol,80,46,40,3,25,230.06,230,3,1.13,1.13,24.08554368,0.4817108736,160.5702912,3.528560581,0.02197517707,Sasanka Gylcerol and Oil 2,G_80% 40mm
glycerol,80,46,40,3,25,230.06,230,4,1.13,1.13,24.08554368,0.4817108736,160.5702912,3.528560581,0.02197517707,Sasanka Gylcerol and Oil 2,G_80% 40mm
glycerol,80,46,40,3,25,230.06,230,5,1.13,1.13,24.08554368,0.4817108736,160.5702912,3.528560581,0.02197517707,Sasanka Gylcerol and Oil 2,G_80% 40mm
glycerol,80,46,40,3,25,230.06,230,6,1.13,1.13,24.08554368,0.4817108736,160.5702912,3.528560581,0.02197517707,Sasanka Gylcerol and Oil 2,G_80% 40mm
glycerol,80,46,40,3,25,230.06,230,7,1.13,1.13,24.08554368,0.4817108736,160.5702912,3.528560581,0.02197517707,Sasanka Gylcerol and Oil 2,G_80% 40mm
glycerol,80,46,40,3,25,230.06,230,8,1.13,1.13,24.08554368,0.4817108736,160.5702912,3.528560581,0.02197517707,Sasanka Gylcerol and Oil 2,G_80% 40mm
glycerol,80,46,40,3,25,230.06,230,9,1.13,1.13,24.08554368,0.4817108736,160.5702912,3.528560581,0.02197517707,Sasanka Gylcerol and Oil 2,G_80% 40mm
glycerol,80,46,40,3,25,230.06,230,10,1.13,1.13,24.08554368,0.4817108736,160.5702912,3.528560581,0.02197517707,Sasanka Gylcerol and Oil 2,G_80% 40mm
glycerol,80,46,40,3,25,230.06,230,11,1.13,1.13,24.08554368,0.4817108736,160.5702912,3.528560581,0.02197517707,Sasanka Gylcerol and Oil 2,G_80% 40mm
glycerol,80,46,40,3,25,230.06,230,12,1.13,1.13,24.08554368,0.4817108736,160.5702912,3.528560581,0.02197517707,Sasanka Gylcerol and Oil 2,G_80% 40mm
glycerol,80,46,40,3,25,230.06,230,13,1.13,1.13,24.08554368,0.4817108736,160.5702912,3.528560581,0.02197517707,Sasanka Gylcerol and Oil 2,G_80% 40mm
glycerol,80,46,40,3,25,230.06,230,14,1.13,1.13,24.08554368,0.4817108736,160.5702912,3.528560581,0.02197517707,Sasanka Gylcerol and Oil 2,G_80% 40mm
glycerol,80,46,40,3,25,230.06,230,15,1.13,1.13,24.08554368,0.4817108736,160.5702912,3.528560581,0.02197517707,Sasanka Gylcerol and Oil 2,G_80% 40mm
glycerol,80,46,40,3,25,230.06,230,16,1.13,1.13,24.08554368,0.4817108736,160.5702912,3.528560581,0.02197517707,Sasanka Gylcerol and Oil 2,G_80% 40mm
glycerol,80,46,40,3,25,230.06,230,17,1.13,1.13,24.08554368,0.4817108736,160.5702912,3.528560581,0.02197517707,Sasanka Gylcerol and Oil 2,G_80% 40mm
glycerol,80,46,40,3,25,230.06,230,18,1.13,1.13,24.08554368,0.4817108736,160.5702912,3.528560581,0.02197517707,Sasanka Gylcerol and Oil 2,G_80% 40mm
glycerol,80,46,40,3,25,230.06,230,19,1.14,1.13,24.08554368,0.4817108736,160.5702912,3.528560581,0.02197517707,Sasanka Gylcerol and Oil 2,G_80% 40mm
glycerol,80,46,40,3,25,230.06,230,20,1.14,1.13,24.08554368,0.4817108736,160.5702912,3.528560581,0.02197517707,Sasanka Gylcerol and Oil 2,G_80% 40mm
glycerol,80,46,40,3,25,240,240,1,1.18,1.1925,25.13274123,0.5026548246,167.5516082,3.72372433,0.02222434252,Sasanka Gylcerol and Oil 2,G_80% 40mm
glycerol,80,46,40,3,25,240,240,2,1.2,1.1925,25.13274123,0.5026548246,167.5516082,3.72372433,0.02222434252,Sasanka Gylcerol and Oil 2,G_80% 40mm
glycerol,80,46,40,3,25,240,240,3,1.19,1.1925,25.13274123,0.5026548246,167.5516082,3.72372433,0.02222434252,Sasanka Gylcerol and Oil 2,G_80% 40mm
glycerol,80,46,40,3,25,240,240,4,1.19,1.1925,25.13274123,0.5026548246,167.5516082,3.72372433,0.02222434252,Sasanka Gylcerol and Oil 2,G_80% 40mm
glycerol,80,46,40,3,25,240,240,5,1.2,1.1925,25.13274123,0.5026548246,167.5516082,3.72372433,0.02222434252,Sasanka Gylcerol and Oil 2,G_80% 40mm
glycerol,80,46,40,3,25,240,240,6,1.2,1.1925,25.13274123,0.5026548246,167.5516082,3.72372433,0.02222434252,Sasanka Gylcerol and Oil 2,G_80% 40mm
glycerol,80,46,40,3,25,240,240,7,1.19,1.1925,25.13274123,0.5026548246,167.5516082,3.72372433,0.02222434252,Sasanka Gylcerol and Oil 2,G_80% 40mm
glycerol,80,46,40,3,25,240,240,8,1.19,1.1925,25.13274123,0.5026548246,167.5516082,3.72372433,0.02222434252,Sasanka Gylcerol and Oil 2,G_80% 40mm
glycerol,80,46,40,3,25,240,240,9,1.19,1.1925,25.13274123,0.5026548246,167.5516082,3.72372433,0.02222434252,Sasanka Gylcerol and Oil 2,G_80% 40mm
glycerol,80,46,40,3,25,240,240,10,1.19,1.1925,25.13274123,0.5026548246,167.5516082,3.72372433,0.02222434252,Sasanka Gylcerol and Oil 2,G_80% 40mm
glycerol,80,46,40,3,25,240,240,11,1.19,1.1925,25.13274123,0.5026548246,167.5516082,3.72372433,0.02222434252,Sasanka Gylcerol and Oil 2,G_80% 40mm
glycerol,80,46,40,3,25,240,240,12,1.19,1.1925,25.13274123,0.5026548246,167.5516082,3.72372433,0.02222434252,Sasanka Gylcerol and Oil 2,G_80% 40mm
glycerol,80,46,40,3,25,240,240,13,1.2,1.1925,25.13274123,0.5026548246,167.5516082,3.72372433,0.02222434252,Sasanka Gylcerol and Oil 2,G_80% 40mm
glycerol,80,46,40,3,25,240,240,14,1.2,1.1925,25.13274123,0.5026548246,167.5516082,3.72372433,0.02222434252,Sasanka Gylcerol and Oil 2,G_80% 40mm
glycerol,80,46,40,3,25,240,240,15,1.19,1.1925,25.13274123,0.5026548246,167.5516082,3.72372433,0.02222434252,Sasanka Gylcerol and Oil 2,G_80% 40mm
glycerol,80,46,40,3,25,240,240,16,1.19,1.1925,25.13274123,0.5026548246,167.5516082,3.72372433,0.02222434252,Sasanka Gylcerol and Oil 2,G_80% 40mm
glycerol,80,46,40,3,25,240,240,17,1.19,1.1925,25.13274123,0.5026548246,167.5516082,3.72372433,0.02222434252,Sasanka Gylcerol and Oil 2,G_80% 40mm
glycerol,80,46,40,3,25,240,240,18,1.19,1.1925,25.13274123,0.5026548246,167.5516082,3.72372433,0.02222434252,Sasanka Gylcerol and Oil 2,G_80% 40mm
glycerol,80,46,40,3,25,240,240,19,1.19,1.1925,25.13274123,0.5026548246,167.5516082,3.72372433,0.02222434252,Sasanka Gylcerol and Oil 2,G_80% 40mm
glycerol,80,46,40,3,25,240,240,20,1.2,1.1925,25.13274123,0.5026548246,167.5516082,3.72372433,0.02222434252,Sasanka Gylcerol and Oil 2,G_80% 40mm
glycerol,80,46,40,3,25,250,250,1,1.22,1.2265,26.17993878,0.5235987756,174.5329252,3.82989341,0.02194367284,Sasanka Gylcerol and Oil 2,G_80% 40mm
glycerol,80,46,40,3,25,250,250,2,1.23,1.2265,26.17993878,0.5235987756,174.5329252,3.82989341,0.02194367284,Sasanka Gylcerol and Oil 2,G_80% 40mm
glycerol,80,46,40,3,25,250,250,3,1.23,1.2265,26.17993878,0.5235987756,174.5329252,3.82989341,0.02194367284,Sasanka Gylcerol and Oil 2,G_80% 40mm
glycerol,80,46,40,3,25,250,250,4,1.22,1.2265,26.17993878,0.5235987756,174.5329252,3.82989341,0.02194367284,Sasanka Gylcerol and Oil 2,G_80% 40mm
glycerol,80,46,40,3,25,250,250,5,1.23,1.2265,26.17993878,0.5235987756,174.5329252,3.82989341,0.02194367284,Sasanka Gylcerol and Oil 2,G_80% 40mm
glycerol,80,46,40,3,25,250,250,6,1.23,1.2265,26.17993878,0.5235987756,174.5329252,3.82989341,0.02194367284,Sasanka Gylcerol and Oil 2,G_80% 40mm
glycerol,80,46,40,3,25,250,250,7,1.22,1.2265,26.17993878,0.5235987756,174.5329252,3.82989341,0.02194367284,Sasanka Gylcerol and Oil 2,G_80% 40mm
glycerol,80,46,40,3,25,250,250,8,1.22,1.2265,26.17993878,0.5235987756,174.5329252,3.82989341,0.02194367284,Sasanka Gylcerol and Oil 2,G_80% 40mm
glycerol,80,46,40,3,25,250,250,9,1.22,1.2265,26.17993878,0.5235987756,174.5329252,3.82989341,0.02194367284,Sasanka Gylcerol and Oil 2,G_80% 40mm
glycerol,80,46,40,3,25,250,250,10,1.22,1.2265,26.17993878,0.5235987756,174.5329252,3.82989341,0.02194367284,Sasanka Gylcerol and Oil 2,G_80% 40mm
glycerol,80,46,40,3,25,250,250,11,1.22,1.2265,26.17993878,0.5235987756,174.5329252,3.82989341,0.02194367284,Sasanka Gylcerol and Oil 2,G_80% 40mm
glycerol,80,46,40,3,25,250,250,12,1.23,1.2265,26.17993878,0.5235987756,174.5329252,3.82989341,0.02194367284,Sasanka Gylcerol and Oil 2,G_80% 40mm
glycerol,80,46,40,3,25,250,250,13,1.23,1.2265,26.17993878,0.5235987756,174.5329252,3.82989341,0.02194367284,Sasanka Gylcerol and Oil 2,G_80% 40mm
glycerol,80,46,40,3,25,250,250,14,1.23,1.2265,26.17993878,0.5235987756,174.5329252,3.82989341,0.02194367284,Sasanka Gylcerol and Oil 2,G_80% 40mm
glycerol,80,46,40,3,25,250,250,15,1.23,1.2265,26.17993878,0.5235987756,174.5329252,3.82989341,0.02194367284,Sasanka Gylcerol and Oil 2,G_80% 40mm
glycerol,80,46,40,3,25,250,250,16,1.23,1.2265,26.17993878,0.5235987756,174.5329252,3.82989341,0.02194367284,Sasanka Gylcerol and Oil 2,G_80% 40mm
glycerol,80,46,40,3,25,250,250,17,1.23,1.2265,26.17993878,0.5235987756,174.5329252,3.82989341,0.02194367284,Sasanka Gylcerol and Oil 2,G_80% 40mm
glycerol,80,46,40,3,25,250,250,18,1.23,1.2265,26.17993878,0.5235987756,174.5329252,3.82989341,0.02194367284,Sasanka Gylcerol and Oil 2,G_80% 40mm
glycerol,80,46,40,3,25,250,250,19,1.23,1.2265,26.17993878,0.5235987756,174.5329252,3.82989341,0.02194367284,Sasanka Gylcerol and Oil 2,G_80% 40mm
glycerol,80,46,40,3,25,250,250,20,1.23,1.2265,26.17993878,0.5235987756,174.5329252,3.82989341,0.02194367284,Sasanka Gylcerol and Oil 2,G_80% 40mm
glycerol,80,46,40,3,25,260.19,260,1,1.26,1.27,27.22713633,0.5445427266,181.5142422,3.965727379,0.02184802322,Sasanka Gylcerol and Oil 2,G_80% 40mm
glycerol,80,46,40,3,25,260.19,260,2,1.27,1.27,27.22713633,0.5445427266,181.5142422,3.965727379,0.02184802322,Sasanka Gylcerol and Oil 2,G_80% 40mm
glycerol,80,46,40,3,25,260.19,260,3,1.27,1.27,27.22713633,0.5445427266,181.5142422,3.965727379,0.02184802322,Sasanka Gylcerol and Oil 2,G_80% 40mm
glycerol,80,46,40,3,25,260.19,260,4,1.27,1.27,27.22713633,0.5445427266,181.5142422,3.965727379,0.02184802322,Sasanka Gylcerol and Oil 2,G_80% 40mm
glycerol,80,46,40,3,25,260.19,260,5,1.27,1.27,27.22713633,0.5445427266,181.5142422,3.965727379,0.02184802322,Sasanka Gylcerol and Oil 2,G_80% 40mm
glycerol,80,46,40,3,25,260.19,260,6,1.27,1.27,27.22713633,0.5445427266,181.5142422,3.965727379,0.02184802322,Sasanka Gylcerol and Oil 2,G_80% 40mm
glycerol,80,46,40,3,25,260.19,260,7,1.27,1.27,27.22713633,0.5445427266,181.5142422,3.965727379,0.02184802322,Sasanka Gylcerol and Oil 2,G_80% 40mm
glycerol,80,46,40,3,25,260.19,260,8,1.27,1.27,27.22713633,0.5445427266,181.5142422,3.965727379,0.02184802322,Sasanka Gylcerol and Oil 2,G_80% 40mm
glycerol,80,46,40,3,25,260.19,260,9,1.27,1.27,27.22713633,0.5445427266,181.5142422,3.965727379,0.02184802322,Sasanka Gylcerol and Oil 2,G_80% 40mm
glycerol,80,46,40,3,25,260.19,260,10,1.27,1.27,27.22713633,0.5445427266,181.5142422,3.965727379,0.02184802322,Sasanka Gylcerol and Oil 2,G_80% 40mm
glycerol,80,46,40,3,25,260.19,260,11,1.27,1.27,27.22713633,0.5445427266,181.5142422,3.965727379,0.02184802322,Sasanka Gylcerol and Oil 2,G_80% 40mm
glycerol,80,46,40,3,25,260.19,260,12,1.27,1.27,27.22713633,0.5445427266,181.5142422,3.965727379,0.02184802322,Sasanka Gylcerol and Oil 2,G_80% 40mm
glycerol,80,46,40,3,25,260.19,260,13,1.27,1.27,27.22713633,0.5445427266,181.5142422,3.965727379,0.02184802322,Sasanka Gylcerol and Oil 2,G_80% 40mm
glycerol,80,46,40,3,25,260.19,260,14,1.27,1.27,27.22713633,0.5445427266,181.5142422,3.965727379,0.02184802322,Sasanka Gylcerol and Oil 2,G_80% 40mm
glycerol,80,46,40,3,25,260.19,260,15,1.27,1.27,27.22713633,0.5445427266,181.5142422,3.965727379,0.02184802322,Sasanka Gylcerol and Oil 2,G_80% 40mm
glycerol,80,46,40,3,25,260.19,260,16,1.27,1.27,27.22713633,0.5445427266,181.5142422,3.965727379,0.02184802322,Sasanka Gylcerol and Oil 2,G_80% 40mm
glycerol,80,46,40,3,25,260.19,260,17,1.27,1.27,27.22713633,0.5445427266,181.5142422,3.965727379,0.02184802322,Sasanka Gylcerol and Oil 2,G_80% 40mm
glycerol,80,46,40,3,25,260.19,260,18,1.27,1.27,27.22713633,0.5445427266,181.5142422,3.965727379,0.02184802322,Sasanka Gylcerol and Oil 2,G_80% 40mm
glycerol,80,46,40,3,25,260.19,260,19,1.27,1.27,27.22713633,0.5445427266,181.5142422,3.965727379,0.02184802322,Sasanka Gylcerol and Oil 2,G_80% 40mm
glycerol,80,46,40,3,25,260.19,260,20,1.28,1.27,27.22713633,0.5445427266,181.5142422,3.965727379,0.02184802322,Sasanka Gylcerol and Oil 2,G_80% 40mm
glycerol,80,46,40,3,25,270.03,270,1,1.31,1.32,28.27433388,0.5654866776,188.4955592,4.121858378,0.02186713785,Sasanka Gylcerol and Oil 2,G_80% 40mm
glycerol,80,46,40,3,25,270.03,270,2,1.32,1.32,28.27433388,0.5654866776,188.4955592,4.121858378,0.02186713785,Sasanka Gylcerol and Oil 2,G_80% 40mm
glycerol,80,46,40,3,25,270.03,270,3,1.32,1.32,28.27433388,0.5654866776,188.4955592,4.121858378,0.02186713785,Sasanka Gylcerol and Oil 2,G_80% 40mm
glycerol,80,46,40,3,25,270.03,270,4,1.32,1.32,28.27433388,0.5654866776,188.4955592,4.121858378,0.02186713785,Sasanka Gylcerol and Oil 2,G_80% 40mm
glycerol,80,46,40,3,25,270.03,270,5,1.32,1.32,28.27433388,0.5654866776,188.4955592,4.121858378,0.02186713785,Sasanka Gylcerol and Oil 2,G_80% 40mm
glycerol,80,46,40,3,25,270.03,270,6,1.32,1.32,28.27433388,0.5654866776,188.4955592,4.121858378,0.02186713785,Sasanka Gylcerol and Oil 2,G_80% 40mm
glycerol,80,46,40,3,25,270.03,270,7,1.32,1.32,28.27433388,0.5654866776,188.4955592,4.121858378,0.02186713785,Sasanka Gylcerol and Oil 2,G_80% 40mm
glycerol,80,46,40,3,25,270.03,270,8,1.32,1.32,28.27433388,0.5654866776,188.4955592,4.121858378,0.02186713785,Sasanka Gylcerol and Oil 2,G_80% 40mm
glycerol,80,46,40,3,25,270.03,270,9,1.32,1.32,28.27433388,0.5654866776,188.4955592,4.121858378,0.02186713785,Sasanka Gylcerol and Oil 2,G_80% 40mm
glycerol,80,46,40,3,25,270.03,270,10,1.32,1.32,28.27433388,0.5654866776,188.4955592,4.121858378,0.02186713785,Sasanka Gylcerol and Oil 2,G_80% 40mm
glycerol,80,46,40,3,25,270.03,270,11,1.32,1.32,28.27433388,0.5654866776,188.4955592,4.121858378,0.02186713785,Sasanka Gylcerol and Oil 2,G_80% 40mm
glycerol,80,46,40,3,25,270.03,270,12,1.32,1.32,28.27433388,0.5654866776,188.4955592,4.121858378,0.02186713785,Sasanka Gylcerol and Oil 2,G_80% 40mm
glycerol,80,46,40,3,25,270.03,270,13,1.32,1.32,28.27433388,0.5654866776,188.4955592,4.121858378,0.02186713785,Sasanka Gylcerol and Oil 2,G_80% 40mm
glycerol,80,46,40,3,25,270.03,270,14,1.32,1.32,28.27433388,0.5654866776,188.4955592,4.121858378,0.02186713785,Sasanka Gylcerol and Oil 2,G_80% 40mm
glycerol,80,46,40,3,25,270.03,270,15,1.32,1.32,28.27433388,0.5654866776,188.4955592,4.121858378,0.02186713785,Sasanka Gylcerol and Oil 2,G_80% 40mm
glycerol,80,46,40,3,25,270.03,270,16,1.32,1.32,28.27433388,0.5654866776,188.4955592,4.121858378,0.02186713785,Sasanka Gylcerol and Oil 2,G_80% 40mm
glycerol,80,46,40,3,25,270.03,270,17,1.32,1.32,28.27433388,0.5654866776,188.4955592,4.121858378,0.02186713785,Sasanka Gylcerol and Oil 2,G_80% 40mm
glycerol,80,46,40,3,25,270.03,270,18,1.32,1.32,28.27433388,0.5654866776,188.4955592,4.121858378,0.02186713785,Sasanka Gylcerol and Oil 2,G_80% 40mm
glycerol,80,46,40,3,25,270.03,270,19,1.32,1.32,28.27433388,0.5654866776,188.4955592,4.121858378,0.02186713785,Sasanka Gylcerol and Oil 2,G_80% 40mm
glycerol,80,46,40,3,25,270.03,270,20,1.33,1.32,28.27433388,0.5654866776,188.4955592,4.121858378,0.02186713785,Sasanka Gylcerol and Oil 2,G_80% 40mm
glycerol,80,46,40,3,25,280.11,280,1,1.37,1.389,29.32153143,0.5864306287,195.4768762,4.337319157,0.02218840019,Sasanka Gylcerol and Oil 2,G_80% 40mm
glycerol,80,46,40,3,25,280.11,280,2,1.39,1.389,29.32153143,0.5864306287,195.4768762,4.337319157,0.02218840019,Sasanka Gylcerol and Oil 2,G_80% 40mm
glycerol,80,46,40,3,25,280.11,280,3,1.39,1.389,29.32153143,0.5864306287,195.4768762,4.337319157,0.02218840019,Sasanka Gylcerol and Oil 2,G_80% 40mm
glycerol,80,46,40,3,25,280.11,280,4,1.39,1.389,29.32153143,0.5864306287,195.4768762,4.337319157,0.02218840019,Sasanka Gylcerol and Oil 2,G_80% 40mm
glycerol,80,46,40,3,25,280.11,280,5,1.39,1.389,29.32153143,0.5864306287,195.4768762,4.337319157,0.02218840019,Sasanka Gylcerol and Oil 2,G_80% 40mm
glycerol,80,46,40,3,25,280.11,280,6,1.39,1.389,29.32153143,0.5864306287,195.4768762,4.337319157,0.02218840019,Sasanka Gylcerol and Oil 2,G_80% 40mm
glycerol,80,46,40,3,25,280.11,280,7,1.39,1.389,29.32153143,0.5864306287,195.4768762,4.337319157,0.02218840019,Sasanka Gylcerol and Oil 2,G_80% 40mm
glycerol,80,46,40,3,25,280.11,280,8,1.39,1.389,29.32153143,0.5864306287,195.4768762,4.337319157,0.02218840019,Sasanka Gylcerol and Oil 2,G_80% 40mm
glycerol,80,46,40,3,25,280.11,280,9,1.39,1.389,29.32153143,0.5864306287,195.4768762,4.337319157,0.02218840019,Sasanka Gylcerol and Oil 2,G_80% 40mm
glycerol,80,46,40,3,25,280.11,280,10,1.39,1.389,29.32153143,0.5864306287,195.4768762,4.337319157,0.02218840019,Sasanka Gylcerol and Oil 2,G_80% 40mm
glycerol,80,46,40,3,25,280.11,280,11,1.39,1.389,29.32153143,0.5864306287,195.4768762,4.337319157,0.02218840019,Sasanka Gylcerol and Oil 2,G_80% 40mm
glycerol,80,46,40,3,25,280.11,280,12,1.39,1.389,29.32153143,0.5864306287,195.4768762,4.337319157,0.02218840019,Sasanka Gylcerol and Oil 2,G_80% 40mm
glycerol,80,46,40,3,25,280.11,280,13,1.39,1.389,29.32153143,0.5864306287,195.4768762,4.337319157,0.02218840019,Sasanka Gylcerol and Oil 2,G_80% 40mm
glycerol,80,46,40,3,25,280.11,280,14,1.39,1.389,29.32153143,0.5864306287,195.4768762,4.337319157,0.02218840019,Sasanka Gylcerol and Oil 2,G_80% 40mm
glycerol,80,46,40,3,25,280.11,280,15,1.39,1.389,29.32153143,0.5864306287,195.4768762,4.337319157,0.02218840019,Sasanka Gylcerol and Oil 2,G_80% 40mm
glycerol,80,46,40,3,25,280.11,280,16,1.39,1.389,29.32153143,0.5864306287,195.4768762,4.337319157,0.02218840019,Sasanka Gylcerol and Oil 2,G_80% 40mm
glycerol,80,46,40,3,25,280.11,280,17,1.39,1.389,29.32153143,0.5864306287,195.4768762,4.337319157,0.02218840019,Sasanka Gylcerol and Oil 2,G_80% 40mm
glycerol,80,46,40,3,25,280.11,280,18,1.39,1.389,29.32153143,0.5864306287,195.4768762,4.337319157,0.02218840019,Sasanka Gylcerol and Oil 2,G_80% 40mm
glycerol,80,46,40,3,25,280.11,280,19,1.39,1.389,29.32153143,0.5864306287,195.4768762,4.337319157,0.02218840019,Sasanka Gylcerol and Oil 2,G_80% 40mm
glycerol,80,46,40,3,25,280.11,280,20,1.39,1.389,29.32153143,0.5864306287,195.4768762,4.337319157,0.02218840019,Sasanka Gylcerol and Oil 2,G_80% 40mm
glycerol,80,46,40,3,25,290.14,290,1,1.41,1.4195,30.36872898,0.6073745797,202.4581932,4.432559067,0.0218937006,Sasanka Gylcerol and Oil 2,G_80% 40mm
glycerol,80,46,40,3,25,290.14,290,2,1.42,1.4195,30.36872898,0.6073745797,202.4581932,4.432559067,0.0218937006,Sasanka Gylcerol and Oil 2,G_80% 40mm
glycerol,80,46,40,3,25,290.14,290,3,1.42,1.4195,30.36872898,0.6073745797,202.4581932,4.432559067,0.0218937006,Sasanka Gylcerol and Oil 2,G_80% 40mm
glycerol,80,46,40,3,25,290.14,290,4,1.42,1.4195,30.36872898,0.6073745797,202.4581932,4.432559067,0.0218937006,Sasanka Gylcerol and Oil 2,G_80% 40mm
glycerol,80,46,40,3,25,290.14,290,5,1.42,1.4195,30.36872898,0.6073745797,202.4581932,4.432559067,0.0218937006,Sasanka Gylcerol and Oil 2,G_80% 40mm
glycerol,80,46,40,3,25,290.14,290,6,1.42,1.4195,30.36872898,0.6073745797,202.4581932,4.432559067,0.0218937006,Sasanka Gylcerol and Oil 2,G_80% 40mm
glycerol,80,46,40,3,25,290.14,290,7,1.42,1.4195,30.36872898,0.6073745797,202.4581932,4.432559067,0.0218937006,Sasanka Gylcerol and Oil 2,G_80% 40mm
glycerol,80,46,40,3,25,290.14,290,8,1.42,1.4195,30.36872898,0.6073745797,202.4581932,4.432559067,0.0218937006,Sasanka Gylcerol and Oil 2,G_80% 40mm
glycerol,80,46,40,3,25,290.14,290,9,1.42,1.4195,30.36872898,0.6073745797,202.4581932,4.432559067,0.0218937006,Sasanka Gylcerol and Oil 2,G_80% 40mm
glycerol,80,46,40,3,25,290.14,290,10,1.42,1.4195,30.36872898,0.6073745797,202.4581932,4.432559067,0.0218937006,Sasanka Gylcerol and Oil 2,G_80% 40mm
glycerol,80,46,40,3,25,290.14,290,11,1.42,1.4195,30.36872898,0.6073745797,202.4581932,4.432559067,0.0218937006,Sasanka Gylcerol and Oil 2,G_80% 40mm
glycerol,80,46,40,3,25,290.14,290,12,1.42,1.4195,30.36872898,0.6073745797,202.4581932,4.432559067,0.0218937006,Sasanka Gylcerol and Oil 2,G_80% 40mm
glycerol,80,46,40,3,25,290.14,290,13,1.42,1.4195,30.36872898,0.6073745797,202.4581932,4.432559067,0.0218937006,Sasanka Gylcerol and Oil 2,G_80% 40mm
glycerol,80,46,40,3,25,290.14,290,14,1.42,1.4195,30.36872898,0.6073745797,202.4581932,4.432559067,0.0218937006,Sasanka Gylcerol and Oil 2,G_80% 40mm
glycerol,80,46,40,3,25,290.14,290,15,1.42,1.4195,30.36872898,0.6073745797,202.4581932,4.432559067,0.0218937006,Sasanka Gylcerol and Oil 2,G_80% 40mm
glycerol,80,46,40,3,25,290.14,290,16,1.42,1.4195,30.36872898,0.6073745797,202.4581932,4.432559067,0.0218937006,Sasanka Gylcerol and Oil 2,G_80% 40mm
glycerol,80,46,40,3,25,290.14,290,17,1.42,1.4195,30.36872898,0.6073745797,202.4581932,4.432559067,0.0218937006,Sasanka Gylcerol and Oil 2,G_80% 40mm
glycerol,80,46,40,3,25,290.14,290,18,1.42,1.4195,30.36872898,0.6073745797,202.4581932,4.432559067,0.0218937006,Sasanka Gylcerol and Oil 2,G_80% 40mm
glycerol,80,46,40,3,25,290.14,290,19,1.42,1.4195,30.36872898,0.6073745797,202.4581932,4.432559067,0.0218937006,Sasanka Gylcerol and Oil 2,G_80% 40mm
glycerol,80,46,40,3,25,290.14,290,20,1.42,1.4195,30.36872898,0.6073745797,202.4581932,4.432559067,0.0218937006,Sasanka Gylcerol and Oil 2,G_80% 40mm
glycerol,80,46,40,3,25,300,300,1,1.46,1.471,31.41592654,0.6283185307,209.4395102,4.593373996,0.02193174531,Sasanka Gylcerol and Oil 2,G_80% 40mm
glycerol,80,46,40,3,25,300,300,2,1.47,1.471,31.41592654,0.6283185307,209.4395102,4.593373996,0.02193174531,Sasanka Gylcerol and Oil 2,G_80% 40mm
glycerol,80,46,40,3,25,300,300,3,1.48,1.471,31.41592654,0.6283185307,209.4395102,4.593373996,0.02193174531,Sasanka Gylcerol and Oil 2,G_80% 40mm
glycerol,80,46,40,3,25,300,300,4,1.47,1.471,31.41592654,0.6283185307,209.4395102,4.593373996,0.02193174531,Sasanka Gylcerol and Oil 2,G_80% 40mm
glycerol,80,46,40,3,25,300,300,5,1.47,1.471,31.41592654,0.6283185307,209.4395102,4.593373996,0.02193174531,Sasanka Gylcerol and Oil 2,G_80% 40mm
glycerol,80,46,40,3,25,300,300,6,1.47,1.471,31.41592654,0.6283185307,209.4395102,4.593373996,0.02193174531,Sasanka Gylcerol and Oil 2,G_80% 40mm
glycerol,80,46,40,3,25,300,300,7,1.47,1.471,31.41592654,0.6283185307,209.4395102,4.593373996,0.02193174531,Sasanka Gylcerol and Oil 2,G_80% 40mm
glycerol,80,46,40,3,25,300,300,8,1.47,1.471,31.41592654,0.6283185307,209.4395102,4.593373996,0.02193174531,Sasanka Gylcerol and Oil 2,G_80% 40mm
glycerol,80,46,40,3,25,300,300,9,1.47,1.471,31.41592654,0.6283185307,209.4395102,4.593373996,0.02193174531,Sasanka Gylcerol and Oil 2,G_80% 40mm
glycerol,80,46,40,3,25,300,300,10,1.47,1.471,31.41592654,0.6283185307,209.4395102,4.593373996,0.02193174531,Sasanka Gylcerol and Oil 2,G_80% 40mm
glycerol,80,46,40,3,25,300,300,11,1.47,1.471,31.41592654,0.6283185307,209.4395102,4.593373996,0.02193174531,Sasanka Gylcerol and Oil 2,G_80% 40mm
glycerol,80,46,40,3,25,300,300,12,1.47,1.471,31.41592654,0.6283185307,209.4395102,4.593373996,0.02193174531,Sasanka Gylcerol and Oil 2,G_80% 40mm
glycerol,80,46,40,3,25,300,300,13,1.47,1.471,31.41592654,0.6283185307,209.4395102,4.593373996,0.02193174531,Sasanka Gylcerol and Oil 2,G_80% 40mm
glycerol,80,46,40,3,25,300,300,14,1.47,1.471,31.41592654,0.6283185307,209.4395102,4.593373996,0.02193174531,Sasanka Gylcerol and Oil 2,G_80% 40mm
glycerol,80,46,40,3,25,300,300,15,1.47,1.471,31.41592654,0.6283185307,209.4395102,4.593373996,0.02193174531,Sasanka Gylcerol and Oil 2,G_80% 40mm
glycerol,80,46,40,3,25,300,300,16,1.47,1.471,31.41592654,0.6283185307,209.4395102,4.593373996,0.02193174531,Sasanka Gylcerol and Oil 2,G_80% 40mm
glycerol,80,46,40,3,25,300,300,17,1.47,1.471,31.41592654,0.6283185307,209.4395102,4.593373996,0.02193174531,Sasanka Gylcerol and Oil 2,G_80% 40mm
glycerol,80,46,40,3,25,300,300,18,1.47,1.471,31.41592654,0.6283185307,209.4395102,4.593373996,0.02193174531,Sasanka Gylcerol and Oil 2,G_80% 40mm
glycerol,80,46,40,3,25,300,300,19,1.48,1.471,31.41592654,0.6283185307,209.4395102,4.593373996,0.02193174531,Sasanka Gylcerol and Oil 2,G_80% 40mm
glycerol,80,46,40,3,25,300,300,20,1.48,1.471,31.41592654,0.6283185307,209.4395102,4.593373996,0.02193174531,Sasanka Gylcerol and Oil 2,G_80% 40mm
glycerol,80,46,40,3,25,310.24,310,1,1.52,1.522,32.46312409,0.6492624817,216.4208272,4.752627615,0.02196012128,Sasanka Gylcerol and Oil 2,G_80% 40mm
glycerol,80,46,40,3,25,310.24,310,2,1.53,1.522,32.46312409,0.6492624817,216.4208272,4.752627615,0.02196012128,Sasanka Gylcerol and Oil 2,G_80% 40mm
glycerol,80,46,40,3,25,310.24,310,3,1.52,1.522,32.46312409,0.6492624817,216.4208272,4.752627615,0.02196012128,Sasanka Gylcerol and Oil 2,G_80% 40mm
glycerol,80,46,40,3,25,310.24,310,4,1.52,1.522,32.46312409,0.6492624817,216.4208272,4.752627615,0.02196012128,Sasanka Gylcerol and Oil 2,G_80% 40mm
glycerol,80,46,40,3,25,310.24,310,5,1.52,1.522,32.46312409,0.6492624817,216.4208272,4.752627615,0.02196012128,Sasanka Gylcerol and Oil 2,G_80% 40mm
glycerol,80,46,40,3,25,310.24,310,6,1.53,1.522,32.46312409,0.6492624817,216.4208272,4.752627615,0.02196012128,Sasanka Gylcerol and Oil 2,G_80% 40mm
glycerol,80,46,40,3,25,310.24,310,7,1.53,1.522,32.46312409,0.6492624817,216.4208272,4.752627615,0.02196012128,Sasanka Gylcerol and Oil 2,G_80% 40mm
glycerol,80,46,40,3,25,310.24,310,8,1.52,1.522,32.46312409,0.6492624817,216.4208272,4.752627615,0.02196012128,Sasanka Gylcerol and Oil 2,G_80% 40mm
glycerol,80,46,40,3,25,310.24,310,9,1.52,1.522,32.46312409,0.6492624817,216.4208272,4.752627615,0.02196012128,Sasanka Gylcerol and Oil 2,G_80% 40mm
glycerol,80,46,40,3,25,310.24,310,10,1.52,1.522,32.46312409,0.6492624817,216.4208272,4.752627615,0.02196012128,Sasanka Gylcerol and Oil 2,G_80% 40mm
glycerol,80,46,40,3,25,310.24,310,11,1.52,1.522,32.46312409,0.6492624817,216.4208272,4.752627615,0.02196012128,Sasanka Gylcerol and Oil 2,G_80% 40mm
glycerol,80,46,40,3,25,310.24,310,12,1.52,1.522,32.46312409,0.6492624817,216.4208272,4.752627615,0.02196012128,Sasanka Gylcerol and Oil 2,G_80% 40mm
glycerol,80,46,40,3,25,310.24,310,13,1.52,1.522,32.46312409,0.6492624817,216.4208272,4.752627615,0.02196012128,Sasanka Gylcerol and Oil 2,G_80% 40mm
glycerol,80,46,40,3,25,310.24,310,14,1.52,1.522,32.46312409,0.6492624817,216.4208272,4.752627615,0.02196012128,Sasanka Gylcerol and Oil 2,G_80% 40mm
glycerol,80,46,40,3,25,310.24,310,15,1.52,1.522,32.46312409,0.6492624817,216.4208272,4.752627615,0.02196012128,Sasanka Gylcerol and Oil 2,G_80% 40mm
glycerol,80,46,40,3,25,310.24,310,16,1.52,1.522,32.46312409,0.6492624817,216.4208272,4.752627615,0.02196012128,Sasanka Gylcerol and Oil 2,G_80% 40mm
glycerol,80,46,40,3,25,310.24,310,17,1.52,1.522,32.46312409,0.6492624817,216.4208272,4.752627615,0.02196012128,Sasanka Gylcerol and Oil 2,G_80% 40mm
glycerol,80,46,40,3,25,310.24,310,18,1.52,1.522,32.46312409,0.6492624817,216.4208272,4.752627615,0.02196012128,Sasanka Gylcerol and Oil 2,G_80% 40mm
glycerol,80,46,40,3,25,310.24,310,19,1.52,1.522,32.46312409,0.6492624817,216.4208272,4.752627615,0.02196012128,Sasanka Gylcerol and Oil 2,G_80% 40mm
glycerol,80,46,40,3,25,310.24,310,20,1.53,1.522,32.46312409,0.6492624817,216.4208272,4.752627615,0.02196012128,Sasanka Gylcerol and Oil 2,G_80% 40mm
glycerol,80,46,40,3,25,320.17,320,1,1.56,1.5695,33.51032164,0.6702064328,223.4021443,4.900952064,0.02193780226,Sasanka Gylcerol and Oil 2,G_80% 40mm
glycerol,80,46,40,3,25,320.17,320,2,1.57,1.5695,33.51032164,0.6702064328,223.4021443,4.900952064,0.02193780226,Sasanka Gylcerol and Oil 2,G_80% 40mm
glycerol,80,46,40,3,25,320.17,320,3,1.57,1.5695,33.51032164,0.6702064328,223.4021443,4.900952064,0.02193780226,Sasanka Gylcerol and Oil 2,G_80% 40mm
glycerol,80,46,40,3,25,320.17,320,4,1.57,1.5695,33.51032164,0.6702064328,223.4021443,4.900952064,0.02193780226,Sasanka Gylcerol and Oil 2,G_80% 40mm
glycerol,80,46,40,3,25,320.17,320,5,1.56,1.5695,33.51032164,0.6702064328,223.4021443,4.900952064,0.02193780226,Sasanka Gylcerol and Oil 2,G_80% 40mm
glycerol,80,46,40,3,25,320.17,320,6,1.57,1.5695,33.51032164,0.6702064328,223.4021443,4.900952064,0.02193780226,Sasanka Gylcerol and Oil 2,G_80% 40mm
glycerol,80,46,40,3,25,320.17,320,7,1.57,1.5695,33.51032164,0.6702064328,223.4021443,4.900952064,0.02193780226,Sasanka Gylcerol and Oil 2,G_80% 40mm
glycerol,80,46,40,3,25,320.17,320,8,1.57,1.5695,33.51032164,0.6702064328,223.4021443,4.900952064,0.02193780226,Sasanka Gylcerol and Oil 2,G_80% 40mm
glycerol,80,46,40,3,25,320.17,320,9,1.57,1.5695,33.51032164,0.6702064328,223.4021443,4.900952064,0.02193780226,Sasanka Gylcerol and Oil 2,G_80% 40mm
glycerol,80,46,40,3,25,320.17,320,10,1.57,1.5695,33.51032164,0.6702064328,223.4021443,4.900952064,0.02193780226,Sasanka Gylcerol and Oil 2,G_80% 40mm
glycerol,80,46,40,3,25,320.17,320,11,1.57,1.5695,33.51032164,0.6702064328,223.4021443,4.900952064,0.02193780226,Sasanka Gylcerol and Oil 2,G_80% 40mm
glycerol,80,46,40,3,25,320.17,320,12,1.57,1.5695,33.51032164,0.6702064328,223.4021443,4.900952064,0.02193780226,Sasanka Gylcerol and Oil 2,G_80% 40mm
glycerol,80,46,40,3,25,320.17,320,13,1.57,1.5695,33.51032164,0.6702064328,223.4021443,4.900952064,0.02193780226,Sasanka Gylcerol and Oil 2,G_80% 40mm
glycerol,80,46,40,3,25,320.17,320,14,1.57,1.5695,33.51032164,0.6702064328,223.4021443,4.900952064,0.02193780226,Sasanka Gylcerol and Oil 2,G_80% 40mm
glycerol,80,46,40,3,25,320.17,320,15,1.57,1.5695,33.51032164,0.6702064328,223.4021443,4.900952064,0.02193780226,Sasanka Gylcerol and Oil 2,G_80% 40mm
glycerol,80,46,40,3,25,320.17,320,16,1.57,1.5695,33.51032164,0.6702064328,223.4021443,4.900952064,0.02193780226,Sasanka Gylcerol and Oil 2,G_80% 40mm
glycerol,80,46,40,3,25,320.17,320,17,1.57,1.5695,33.51032164,0.6702064328,223.4021443,4.900952064,0.02193780226,Sasanka Gylcerol and Oil 2,G_80% 40mm
glycerol,80,46,40,3,25,320.17,320,18,1.57,1.5695,33.51032164,0.6702064328,223.4021443,4.900952064,0.02193780226,Sasanka Gylcerol and Oil 2,G_80% 40mm
glycerol,80,46,40,3,25,320.17,320,19,1.57,1.5695,33.51032164,0.6702064328,223.4021443,4.900952064,0.02193780226,Sasanka Gylcerol and Oil 2,G_80% 40mm
glycerol,80,46,40,3,25,320.17,320,20,1.58,1.5695,33.51032164,0.6702064328,223.4021443,4.900952064,0.02193780226,Sasanka Gylcerol and Oil 2,G_80% 40mm
glycerol,80,46,40,3,25,330.03,330,1,1.62,1.6175,34.55751919,0.6911503838,230.3834613,5.050837823,0.0219236129,Sasanka Gylcerol and Oil 2,G_80% 40mm
glycerol,80,46,40,3,25,330.03,330,2,1.62,1.6175,34.55751919,0.6911503838,230.3834613,5.050837823,0.0219236129,Sasanka Gylcerol and Oil 2,G_80% 40mm
glycerol,80,46,40,3,25,330.03,330,3,1.62,1.6175,34.55751919,0.6911503838,230.3834613,5.050837823,0.0219236129,Sasanka Gylcerol and Oil 2,G_80% 40mm
glycerol,80,46,40,3,25,330.03,330,4,1.62,1.6175,34.55751919,0.6911503838,230.3834613,5.050837823,0.0219236129,Sasanka Gylcerol and Oil 2,G_80% 40mm
glycerol,80,46,40,3,25,330.03,330,5,1.62,1.6175,34.55751919,0.6911503838,230.3834613,5.050837823,0.0219236129,Sasanka Gylcerol and Oil 2,G_80% 40mm
glycerol,80,46,40,3,25,330.03,330,6,1.62,1.6175,34.55751919,0.6911503838,230.3834613,5.050837823,0.0219236129,Sasanka Gylcerol and Oil 2,G_80% 40mm
glycerol,80,46,40,3,25,330.03,330,7,1.61,1.6175,34.55751919,0.6911503838,230.3834613,5.050837823,0.0219236129,Sasanka Gylcerol and Oil 2,G_80% 40mm
glycerol,80,46,40,3,25,330.03,330,8,1.62,1.6175,34.55751919,0.6911503838,230.3834613,5.050837823,0.0219236129,Sasanka Gylcerol and Oil 2,G_80% 40mm
glycerol,80,46,40,3,25,330.03,330,9,1.62,1.6175,34.55751919,0.6911503838,230.3834613,5.050837823,0.0219236129,Sasanka Gylcerol and Oil 2,G_80% 40mm
glycerol,80,46,40,3,25,330.03,330,10,1.62,1.6175,34.55751919,0.6911503838,230.3834613,5.050837823,0.0219236129,Sasanka Gylcerol and Oil 2,G_80% 40mm
glycerol,80,46,40,3,25,330.03,330,11,1.62,1.6175,34.55751919,0.6911503838,230.3834613,5.050837823,0.0219236129,Sasanka Gylcerol and Oil 2,G_80% 40mm
glycerol,80,46,40,3,25,330.03,330,12,1.62,1.6175,34.55751919,0.6911503838,230.3834613,5.050837823,0.0219236129,Sasanka Gylcerol and Oil 2,G_80% 40mm
glycerol,80,46,40,3,25,330.03,330,13,1.62,1.6175,34.55751919,0.6911503838,230.3834613,5.050837823,0.0219236129,Sasanka Gylcerol and Oil 2,G_80% 40mm
glycerol,80,46,40,3,25,330.03,330,14,1.62,1.6175,34.55751919,0.6911503838,230.3834613,5.050837823,0.0219236129,Sasanka Gylcerol and Oil 2,G_80% 40mm
glycerol,80,46,40,3,25,330.03,330,15,1.62,1.6175,34.55751919,0.6911503838,230.3834613,5.050837823,0.0219236129,Sasanka Gylcerol and Oil 2,G_80% 40mm
glycerol,80,46,40,3,25,330.03,330,16,1.61,1.6175,34.55751919,0.6911503838,230.3834613,5.050837823,0.0219236129,Sasanka Gylcerol and Oil 2,G_80% 40mm
glycerol,80,46,40,3,25,330.03,330,17,1.61,1.6175,34.55751919,0.6911503838,230.3834613,5.050837823,0.0219236129,Sasanka Gylcerol and Oil 2,G_80% 40mm
glycerol,80,46,40,3,25,330.03,330,18,1.61,1.6175,34.55751919,0.6911503838,230.3834613,5.050837823,0.0219236129,Sasanka Gylcerol and Oil 2,G_80% 40mm
glycerol,80,46,40,3,25,330.03,330,19,1.61,1.6175,34.55751919,0.6911503838,230.3834613,5.050837823,0.0219236129,Sasanka Gylcerol and Oil 2,G_80% 40mm
glycerol,80,46,40,3,25,330.03,330,20,1.62,1.6175,34.55751919,0.6911503838,230.3834613,5.050837823,0.0219236129,Sasanka Gylcerol and Oil 2,G_80% 40mm
glycerol,80,46,40,3,25,340.14,340,1,1.65,1.6635,35.60471674,0.7120943348,237.3647783,5.194478342,0.02188394749,Sasanka Gylcerol and Oil 2,G_80% 40mm
glycerol,80,46,40,3,25,340.14,340,2,1.66,1.6635,35.60471674,0.7120943348,237.3647783,5.194478342,0.02188394749,Sasanka Gylcerol and Oil 2,G_80% 40mm
glycerol,80,46,40,3,25,340.14,340,3,1.66,1.6635,35.60471674,0.7120943348,237.3647783,5.194478342,0.02188394749,Sasanka Gylcerol and Oil 2,G_80% 40mm
glycerol,80,46,40,3,25,340.14,340,4,1.66,1.6635,35.60471674,0.7120943348,237.3647783,5.194478342,0.02188394749,Sasanka Gylcerol and Oil 2,G_80% 40mm
glycerol,80,46,40,3,25,340.14,340,5,1.66,1.6635,35.60471674,0.7120943348,237.3647783,5.194478342,0.02188394749,Sasanka Gylcerol and Oil 2,G_80% 40mm
glycerol,80,46,40,3,25,340.14,340,6,1.66,1.6635,35.60471674,0.7120943348,237.3647783,5.194478342,0.02188394749,Sasanka Gylcerol and Oil 2,G_80% 40mm
glycerol,80,46,40,3,25,340.14,340,7,1.66,1.6635,35.60471674,0.7120943348,237.3647783,5.194478342,0.02188394749,Sasanka Gylcerol and Oil 2,G_80% 40mm
glycerol,80,46,40,3,25,340.14,340,8,1.67,1.6635,35.60471674,0.7120943348,237.3647783,5.194478342,0.02188394749,Sasanka Gylcerol and Oil 2,G_80% 40mm
glycerol,80,46,40,3,25,340.14,340,9,1.67,1.6635,35.60471674,0.7120943348,237.3647783,5.194478342,0.02188394749,Sasanka Gylcerol and Oil 2,G_80% 40mm
glycerol,80,46,40,3,25,340.14,340,10,1.67,1.6635,35.60471674,0.7120943348,237.3647783,5.194478342,0.02188394749,Sasanka Gylcerol and Oil 2,G_80% 40mm
glycerol,80,46,40,3,25,340.14,340,11,1.67,1.6635,35.60471674,0.7120943348,237.3647783,5.194478342,0.02188394749,Sasanka Gylcerol and Oil 2,G_80% 40mm
glycerol,80,46,40,3,25,340.14,340,12,1.66,1.6635,35.60471674,0.7120943348,237.3647783,5.194478342,0.02188394749,Sasanka Gylcerol and Oil 2,G_80% 40mm
glycerol,80,46,40,3,25,340.14,340,13,1.66,1.6635,35.60471674,0.7120943348,237.3647783,5.194478342,0.02188394749,Sasanka Gylcerol and Oil 2,G_80% 40mm
glycerol,80,46,40,3,25,340.14,340,14,1.67,1.6635,35.60471674,0.7120943348,237.3647783,5.194478342,0.02188394749,Sasanka Gylcerol and Oil 2,G_80% 40mm
glycerol,80,46,40,3,25,340.14,340,15,1.67,1.6635,35.60471674,0.7120943348,237.3647783,5.194478342,0.02188394749,Sasanka Gylcerol and Oil 2,G_80% 40mm
glycerol,80,46,40,3,25,340.14,340,16,1.66,1.6635,35.60471674,0.7120943348,237.3647783,5.194478342,0.02188394749,Sasanka Gylcerol and Oil 2,G_80% 40mm
glycerol,80,46,40,3,25,340.14,340,17,1.66,1.6635,35.60471674,0.7120943348,237.3647783,5.194478342,0.02188394749,Sasanka Gylcerol and Oil 2,G_80% 40mm
glycerol,80,46,40,3,25,340.14,340,18,1.67,1.6635,35.60471674,0.7120943348,237.3647783,5.194478342,0.02188394749,Sasanka Gylcerol and Oil 2,G_80% 40mm
glycerol,80,46,40,3,25,340.14,340,19,1.66,1.6635,35.60471674,0.7120943348,237.3647783,5.194478342,0.02188394749,Sasanka Gylcerol and Oil 2,G_80% 40mm
glycerol,80,46,40,3,25,340.14,340,20,1.67,1.6635,35.60471674,0.7120943348,237.3647783,5.194478342,0.02188394749,Sasanka Gylcerol and Oil 2,G_80% 40mm
glycerol,80,46,40,3,25,350.06,350,1,1.7,1.71,36.65191429,0.7330382858,244.3460953,5.339680172,0.02185293841,Sasanka Gylcerol and Oil 2,G_80% 40mm
glycerol,80,46,40,3,25,350.06,350,2,1.71,1.71,36.65191429,0.7330382858,244.3460953,5.339680172,0.02185293841,Sasanka Gylcerol and Oil 2,G_80% 40mm
glycerol,80,46,40,3,25,350.06,350,3,1.71,1.71,36.65191429,0.7330382858,244.3460953,5.339680172,0.02185293841,Sasanka Gylcerol and Oil 2,G_80% 40mm
glycerol,80,46,40,3,25,350.06,350,4,1.71,1.71,36.65191429,0.7330382858,244.3460953,5.339680172,0.02185293841,Sasanka Gylcerol and Oil 2,G_80% 40mm
glycerol,80,46,40,3,25,350.06,350,5,1.71,1.71,36.65191429,0.7330382858,244.3460953,5.339680172,0.02185293841,Sasanka Gylcerol and Oil 2,G_80% 40mm
glycerol,80,46,40,3,25,350.06,350,6,1.71,1.71,36.65191429,0.7330382858,244.3460953,5.339680172,0.02185293841,Sasanka Gylcerol and Oil 2,G_80% 40mm
glycerol,80,46,40,3,25,350.06,350,7,1.71,1.71,36.65191429,0.7330382858,244.3460953,5.339680172,0.02185293841,Sasanka Gylcerol and Oil 2,G_80% 40mm
glycerol,80,46,40,3,25,350.06,350,8,1.71,1.71,36.65191429,0.7330382858,244.3460953,5.339680172,0.02185293841,Sasanka Gylcerol and Oil 2,G_80% 40mm
glycerol,80,46,40,3,25,350.06,350,9,1.71,1.71,36.65191429,0.7330382858,244.3460953,5.339680172,0.02185293841,Sasanka Gylcerol and Oil 2,G_80% 40mm
glycerol,80,46,40,3,25,350.06,350,10,1.71,1.71,36.65191429,0.7330382858,244.3460953,5.339680172,0.02185293841,Sasanka Gylcerol and Oil 2,G_80% 40mm
glycerol,80,46,40,3,25,350.06,350,11,1.71,1.71,36.65191429,0.7330382858,244.3460953,5.339680172,0.02185293841,Sasanka Gylcerol and Oil 2,G_80% 40mm
glycerol,80,46,40,3,25,350.06,350,12,1.71,1.71,36.65191429,0.7330382858,244.3460953,5.339680172,0.02185293841,Sasanka Gylcerol and Oil 2,G_80% 40mm
glycerol,80,46,40,3,25,350.06,350,13,1.71,1.71,36.65191429,0.7330382858,244.3460953,5.339680172,0.02185293841,Sasanka Gylcerol and Oil 2,G_80% 40mm
glycerol,80,46,40,3,25,350.06,350,14,1.71,1.71,36.65191429,0.7330382858,244.3460953,5.339680172,0.02185293841,Sasanka Gylcerol and Oil 2,G_80% 40mm
glycerol,80,46,40,3,25,350.06,350,15,1.71,1.71,36.65191429,0.7330382858,244.3460953,5.339680172,0.02185293841,Sasanka Gylcerol and Oil 2,G_80% 40mm
glycerol,80,46,40,3,25,350.06,350,16,1.71,1.71,36.65191429,0.7330382858,244.3460953,5.339680172,0.02185293841,Sasanka Gylcerol and Oil 2,G_80% 40mm
glycerol,80,46,40,3,25,350.06,350,17,1.71,1.71,36.65191429,0.7330382858,244.3460953,5.339680172,0.02185293841,Sasanka Gylcerol and Oil 2,G_80% 40mm
glycerol,80,46,40,3,25,350.06,350,18,1.71,1.71,36.65191429,0.7330382858,244.3460953,5.339680172,0.02185293841,Sasanka Gylcerol and Oil 2,G_80% 40mm
glycerol,80,46,40,3,25,350.06,350,19,1.71,1.71,36.65191429,0.7330382858,244.3460953,5.339680172,0.02185293841,Sasanka Gylcerol and Oil 2,G_80% 40mm
glycerol,80,46,40,3,25,350.06,350,20,1.72,1.71,36.65191429,0.7330382858,244.3460953,5.339680172,0.02185293841,Sasanka Gylcerol and Oil 2,G_80% 40mm
glycerol,80,46,40,3,25,360.14,360,1,1.75,1.7505,37.69911184,0.7539822369,251.3274123,5.466146281,0.02174910501,Sasanka Gylcerol and Oil 2,G_80% 40mm
glycerol,80,46,40,3,25,360.14,360,2,1.76,1.7505,37.69911184,0.7539822369,251.3274123,5.466146281,0.02174910501,Sasanka Gylcerol and Oil 2,G_80% 40mm
glycerol,80,46,40,3,25,360.14,360,3,1.76,1.7505,37.69911184,0.7539822369,251.3274123,5.466146281,0.02174910501,Sasanka Gylcerol and Oil 2,G_80% 40mm
glycerol,80,46,40,3,25,360.14,360,4,1.76,1.7505,37.69911184,0.7539822369,251.3274123,5.466146281,0.02174910501,Sasanka Gylcerol and Oil 2,G_80% 40mm
glycerol,80,46,40,3,25,360.14,360,5,1.76,1.7505,37.69911184,0.7539822369,251.3274123,5.466146281,0.02174910501,Sasanka Gylcerol and Oil 2,G_80% 40mm
glycerol,80,46,40,3,25,360.14,360,6,1.75,1.7505,37.69911184,0.7539822369,251.3274123,5.466146281,0.02174910501,Sasanka Gylcerol and Oil 2,G_80% 40mm
glycerol,80,46,40,3,25,360.14,360,7,1.75,1.7505,37.69911184,0.7539822369,251.3274123,5.466146281,0.02174910501,Sasanka Gylcerol and Oil 2,G_80% 40mm
glycerol,80,46,40,3,25,360.14,360,8,1.75,1.7505,37.69911184,0.7539822369,251.3274123,5.466146281,0.02174910501,Sasanka Gylcerol and Oil 2,G_80% 40mm
glycerol,80,46,40,3,25,360.14,360,9,1.75,1.7505,37.69911184,0.7539822369,251.3274123,5.466146281,0.02174910501,Sasanka Gylcerol and Oil 2,G_80% 40mm
glycerol,80,46,40,3,25,360.14,360,10,1.76,1.7505,37.69911184,0.7539822369,251.3274123,5.466146281,0.02174910501,Sasanka Gylcerol and Oil 2,G_80% 40mm
glycerol,80,46,40,3,25,360.14,360,11,1.76,1.7505,37.69911184,0.7539822369,251.3274123,5.466146281,0.02174910501,Sasanka Gylcerol and Oil 2,G_80% 40mm
glycerol,80,46,40,3,25,360.14,360,12,1.76,1.7505,37.69911184,0.7539822369,251.3274123,5.466146281,0.02174910501,Sasanka Gylcerol and Oil 2,G_80% 40mm
glycerol,80,46,40,3,25,360.14,360,13,1.75,1.7505,37.69911184,0.7539822369,251.3274123,5.466146281,0.02174910501,Sasanka Gylcerol and Oil 2,G_80% 40mm
glycerol,80,46,40,3,25,360.14,360,14,1.75,1.7505,37.69911184,0.7539822369,251.3274123,5.466146281,0.02174910501,Sasanka Gylcerol and Oil 2,G_80% 40mm
glycerol,80,46,40,3,25,360.14,360,15,1.75,1.7505,37.69911184,0.7539822369,251.3274123,5.466146281,0.02174910501,Sasanka Gylcerol and Oil 2,G_80% 40mm
glycerol,80,46,40,3,25,360.14,360,16,1.74,1.7505,37.69911184,0.7539822369,251.3274123,5.466146281,0.02174910501,Sasanka Gylcerol and Oil 2,G_80% 40mm
glycerol,80,46,40,3,25,360.14,360,17,1.73,1.7505,37.69911184,0.7539822369,251.3274123,5.466146281,0.02174910501,Sasanka Gylcerol and Oil 2,G_80% 40mm
glycerol,80,46,40,3,25,360.14,360,18,1.74,1.7505,37.69911184,0.7539822369,251.3274123,5.466146281,0.02174910501,Sasanka Gylcerol and Oil 2,G_80% 40mm
glycerol,80,46,40,3,25,360.14,360,19,1.74,1.7505,37.69911184,0.7539822369,251.3274123,5.466146281,0.02174910501,Sasanka Gylcerol and Oil 2,G_80% 40mm
glycerol,80,46,40,3,25,360.14,360,20,1.74,1.7505,37.69911184,0.7539822369,251.3274123,5.466146281,0.02174910501,Sasanka Gylcerol and Oil 2,G_80% 40mm
glycerol,80,46,40,3,25,370.37,370,1,1.77,1.7875,38.74630939,0.7749261879,258.3087293,5.58168322,0.02160857372,Sasanka Gylcerol and Oil 2,G_80% 40mm
glycerol,80,46,40,3,25,370.37,370,2,1.79,1.7875,38.74630939,0.7749261879,258.3087293,5.58168322,0.02160857372,Sasanka Gylcerol and Oil 2,G_80% 40mm
glycerol,80,46,40,3,25,370.37,370,3,1.79,1.7875,38.74630939,0.7749261879,258.3087293,5.58168322,0.02160857372,Sasanka Gylcerol and Oil 2,G_80% 40mm
glycerol,80,46,40,3,25,370.37,370,4,1.78,1.7875,38.74630939,0.7749261879,258.3087293,5.58168322,0.02160857372,Sasanka Gylcerol and Oil 2,G_80% 40mm
glycerol,80,46,40,3,25,370.37,370,5,1.78,1.7875,38.74630939,0.7749261879,258.3087293,5.58168322,0.02160857372,Sasanka Gylcerol and Oil 2,G_80% 40mm
glycerol,80,46,40,3,25,370.37,370,6,1.78,1.7875,38.74630939,0.7749261879,258.3087293,5.58168322,0.02160857372,Sasanka Gylcerol and Oil 2,G_80% 40mm
glycerol,80,46,40,3,25,370.37,370,7,1.79,1.7875,38.74630939,0.7749261879,258.3087293,5.58168322,0.02160857372,Sasanka Gylcerol and Oil 2,G_80% 40mm
glycerol,80,46,40,3,25,370.37,370,8,1.79,1.7875,38.74630939,0.7749261879,258.3087293,5.58168322,0.02160857372,Sasanka Gylcerol and Oil 2,G_80% 40mm
glycerol,80,46,40,3,25,370.37,370,9,1.79,1.7875,38.74630939,0.7749261879,258.3087293,5.58168322,0.02160857372,Sasanka Gylcerol and Oil 2,G_80% 40mm
glycerol,80,46,40,3,25,370.37,370,10,1.78,1.7875,38.74630939,0.7749261879,258.3087293,5.58168322,0.02160857372,Sasanka Gylcerol and Oil 2,G_80% 40mm
glycerol,80,46,40,3,25,370.37,370,11,1.79,1.7875,38.74630939,0.7749261879,258.3087293,5.58168322,0.02160857372,Sasanka Gylcerol and Oil 2,G_80% 40mm
glycerol,80,46,40,3,25,370.37,370,12,1.79,1.7875,38.74630939,0.7749261879,258.3087293,5.58168322,0.02160857372,Sasanka Gylcerol and Oil 2,G_80% 40mm
glycerol,80,46,40,3,25,370.37,370,13,1.79,1.7875,38.74630939,0.7749261879,258.3087293,5.58168322,0.02160857372,Sasanka Gylcerol and Oil 2,G_80% 40mm
glycerol,80,46,40,3,25,370.37,370,14,1.79,1.7875,38.74630939,0.7749261879,258.3087293,5.58168322,0.02160857372,Sasanka Gylcerol and Oil 2,G_80% 40mm
glycerol,80,46,40,3,25,370.37,370,15,1.79,1.7875,38.74630939,0.7749261879,258.3087293,5.58168322,0.02160857372,Sasanka Gylcerol and Oil 2,G_80% 40mm
glycerol,80,46,40,3,25,370.37,370,16,1.79,1.7875,38.74630939,0.7749261879,258.3087293,5.58168322,0.02160857372,Sasanka Gylcerol and Oil 2,G_80% 40mm
glycerol,80,46,40,3,25,370.37,370,17,1.79,1.7875,38.74630939,0.7749261879,258.3087293,5.58168322,0.02160857372,Sasanka Gylcerol and Oil 2,G_80% 40mm
glycerol,80,46,40,3,25,370.37,370,18,1.79,1.7875,38.74630939,0.7749261879,258.3087293,5.58168322,0.02160857372,Sasanka Gylcerol and Oil 2,G_80% 40mm
glycerol,80,46,40,3,25,370.37,370,19,1.79,1.7875,38.74630939,0.7749261879,258.3087293,5.58168322,0.02160857372,Sasanka Gylcerol and Oil 2,G_80% 40mm
glycerol,80,46,40,3,25,370.37,370,20,1.8,1.7875,38.74630939,0.7749261879,258.3087293,5.58168322,0.02160857372,Sasanka Gylcerol and Oil 2,G_80% 40mm
glycerol,80,46,40,3,25,380.23,380,1,1.83,1.836,39.79350695,0.7958701389,265.2900463,5.73313029,0.02161080059,Sasanka Gylcerol and Oil 2,G_80% 40mm
glycerol,80,46,40,3,25,380.23,380,2,1.84,1.836,39.79350695,0.7958701389,265.2900463,5.73313029,0.02161080059,Sasanka Gylcerol and Oil 2,G_80% 40mm
glycerol,80,46,40,3,25,380.23,380,3,1.84,1.836,39.79350695,0.7958701389,265.2900463,5.73313029,0.02161080059,Sasanka Gylcerol and Oil 2,G_80% 40mm
glycerol,80,46,40,3,25,380.23,380,4,1.84,1.836,39.79350695,0.7958701389,265.2900463,5.73313029,0.02161080059,Sasanka Gylcerol and Oil 2,G_80% 40mm
glycerol,80,46,40,3,25,380.23,380,5,1.84,1.836,39.79350695,0.7958701389,265.2900463,5.73313029,0.02161080059,Sasanka Gylcerol and Oil 2,G_80% 40mm
glycerol,80,46,40,3,25,380.23,380,6,1.84,1.836,39.79350695,0.7958701389,265.2900463,5.73313029,0.02161080059,Sasanka Gylcerol and Oil 2,G_80% 40mm
glycerol,80,46,40,3,25,380.23,380,7,1.84,1.836,39.79350695,0.7958701389,265.2900463,5.73313029,0.02161080059,Sasanka Gylcerol and Oil 2,G_80% 40mm
glycerol,80,46,40,3,25,380.23,380,8,1.84,1.836,39.79350695,0.7958701389,265.2900463,5.73313029,0.02161080059,Sasanka Gylcerol and Oil 2,G_80% 40mm
glycerol,80,46,40,3,25,380.23,380,9,1.84,1.836,39.79350695,0.7958701389,265.2900463,5.73313029,0.02161080059,Sasanka Gylcerol and Oil 2,G_80% 40mm
glycerol,80,46,40,3,25,380.23,380,10,1.84,1.836,39.79350695,0.7958701389,265.2900463,5.73313029,0.02161080059,Sasanka Gylcerol and Oil 2,G_80% 40mm
glycerol,80,46,40,3,25,380.23,380,11,1.84,1.836,39.79350695,0.7958701389,265.2900463,5.73313029,0.02161080059,Sasanka Gylcerol and Oil 2,G_80% 40mm
glycerol,80,46,40,3,25,380.23,380,12,1.84,1.836,39.79350695,0.7958701389,265.2900463,5.73313029,0.02161080059,Sasanka Gylcerol and Oil 2,G_80% 40mm
glycerol,80,46,40,3,25,380.23,380,13,1.83,1.836,39.79350695,0.7958701389,265.2900463,5.73313029,0.02161080059,Sasanka Gylcerol and Oil 2,G_80% 40mm
glycerol,80,46,40,3,25,380.23,380,14,1.83,1.836,39.79350695,0.7958701389,265.2900463,5.73313029,0.02161080059,Sasanka Gylcerol and Oil 2,G_80% 40mm
glycerol,80,46,40,3,25,380.23,380,15,1.84,1.836,39.79350695,0.7958701389,265.2900463,5.73313029,0.02161080059,Sasanka Gylcerol and Oil 2,G_80% 40mm
glycerol,80,46,40,3,25,380.23,380,16,1.84,1.836,39.79350695,0.7958701389,265.2900463,5.73313029,0.02161080059,Sasanka Gylcerol and Oil 2,G_80% 40mm
glycerol,80,46,40,3,25,380.23,380,17,1.83,1.836,39.79350695,0.7958701389,265.2900463,5.73313029,0.02161080059,Sasanka Gylcerol and Oil 2,G_80% 40mm
glycerol,80,46,40,3,25,380.23,380,18,1.82,1.836,39.79350695,0.7958701389,265.2900463,5.73313029,0.02161080059,Sasanka Gylcerol and Oil 2,G_80% 40mm
glycerol,80,46,40,3,25,380.23,380,19,1.83,1.836,39.79350695,0.7958701389,265.2900463,5.73313029,0.02161080059,Sasanka Gylcerol and Oil 2,G_80% 40mm
glycerol,80,46,40,3,25,380.23,380,20,1.83,1.836,39.79350695,0.7958701389,265.2900463,5.73313029,0.02161080059,Sasanka Gylcerol and Oil 2,G_80% 40mm
glycerol,80,46,40,3,25,390.12,390,1,1.87,1.8815,40.8407045,0.8168140899,272.2713633,5.875209499,0.02157850693,Sasanka Gylcerol and Oil 2,G_80% 40mm
glycerol,80,46,40,3,25,390.12,390,2,1.88,1.8815,40.8407045,0.8168140899,272.2713633,5.875209499,0.02157850693,Sasanka Gylcerol and Oil 2,G_80% 40mm
glycerol,80,46,40,3,25,390.12,390,3,1.88,1.8815,40.8407045,0.8168140899,272.2713633,5.875209499,0.02157850693,Sasanka Gylcerol and Oil 2,G_80% 40mm
glycerol,80,46,40,3,25,390.12,390,4,1.89,1.8815,40.8407045,0.8168140899,272.2713633,5.875209499,0.02157850693,Sasanka Gylcerol and Oil 2,G_80% 40mm
glycerol,80,46,40,3,25,390.12,390,5,1.89,1.8815,40.8407045,0.8168140899,272.2713633,5.875209499,0.02157850693,Sasanka Gylcerol and Oil 2,G_80% 40mm
glycerol,80,46,40,3,25,390.12,390,6,1.89,1.8815,40.8407045,0.8168140899,272.2713633,5.875209499,0.02157850693,Sasanka Gylcerol and Oil 2,G_80% 40mm
glycerol,80,46,40,3,25,390.12,390,7,1.89,1.8815,40.8407045,0.8168140899,272.2713633,5.875209499,0.02157850693,Sasanka Gylcerol and Oil 2,G_80% 40mm
glycerol,80,46,40,3,25,390.12,390,8,1.89,1.8815,40.8407045,0.8168140899,272.2713633,5.875209499,0.02157850693,Sasanka Gylcerol and Oil 2,G_80% 40mm
glycerol,80,46,40,3,25,390.12,390,9,1.89,1.8815,40.8407045,0.8168140899,272.2713633,5.875209499,0.02157850693,Sasanka Gylcerol and Oil 2,G_80% 40mm
glycerol,80,46,40,3,25,390.12,390,10,1.87,1.8815,40.8407045,0.8168140899,272.2713633,5.875209499,0.02157850693,Sasanka Gylcerol and Oil 2,G_80% 40mm
glycerol,80,46,40,3,25,390.12,390,11,1.87,1.8815,40.8407045,0.8168140899,272.2713633,5.875209499,0.02157850693,Sasanka Gylcerol and Oil 2,G_80% 40mm
glycerol,80,46,40,3,25,390.12,390,12,1.87,1.8815,40.8407045,0.8168140899,272.2713633,5.875209499,0.02157850693,Sasanka Gylcerol and Oil 2,G_80% 40mm
glycerol,80,46,40,3,25,390.12,390,13,1.88,1.8815,40.8407045,0.8168140899,272.2713633,5.875209499,0.02157850693,Sasanka Gylcerol and Oil 2,G_80% 40mm
glycerol,80,46,40,3,25,390.12,390,14,1.87,1.8815,40.8407045,0.8168140899,272.2713633,5.875209499,0.02157850693,Sasanka Gylcerol and Oil 2,G_80% 40mm
glycerol,80,46,40,3,25,390.12,390,15,1.87,1.8815,40.8407045,0.8168140899,272.2713633,5.875209499,0.02157850693,Sasanka Gylcerol and Oil 2,G_80% 40mm
glycerol,80,46,40,3,25,390.12,390,16,1.88,1.8815,40.8407045,0.8168140899,272.2713633,5.875209499,0.02157850693,Sasanka Gylcerol and Oil 2,G_80% 40mm
glycerol,80,46,40,3,25,390.12,390,17,1.88,1.8815,40.8407045,0.8168140899,272.2713633,5.875209499,0.02157850693,Sasanka Gylcerol and Oil 2,G_80% 40mm
glycerol,80,46,40,3,25,390.12,390,18,1.88,1.8815,40.8407045,0.8168140899,272.2713633,5.875209499,0.02157850693,Sasanka Gylcerol and Oil 2,G_80% 40mm
glycerol,80,46,40,3,25,390.12,390,19,1.89,1.8815,40.8407045,0.8168140899,272.2713633,5.875209499,0.02157850693,Sasanka Gylcerol and Oil 2,G_80% 40mm
glycerol,80,46,40,3,25,390.12,390,20,1.9,1.8815,40.8407045,0.8168140899,272.2713633,5.875209499,0.02157850693,Sasanka Gylcerol and Oil 2,G_80% 40mm
glycerol,80,46,40,3,25,400,400,1,1.93,1.9395,41.88790205,0.837758041,279.2526803,6.056321458,0.02168760368,Sasanka Gylcerol and Oil 2,G_80% 40mm
glycerol,80,46,40,3,25,400,400,2,1.94,1.9395,41.88790205,0.837758041,279.2526803,6.056321458,0.02168760368,Sasanka Gylcerol and Oil 2,G_80% 40mm
glycerol,80,46,40,3,25,400,400,3,1.94,1.9395,41.88790205,0.837758041,279.2526803,6.056321458,0.02168760368,Sasanka Gylcerol and Oil 2,G_80% 40mm
glycerol,80,46,40,3,25,400,400,4,1.94,1.9395,41.88790205,0.837758041,279.2526803,6.056321458,0.02168760368,Sasanka Gylcerol and Oil 2,G_80% 40mm
glycerol,80,46,40,3,25,400,400,5,1.94,1.9395,41.88790205,0.837758041,279.2526803,6.056321458,0.02168760368,Sasanka Gylcerol and Oil 2,G_80% 40mm
glycerol,80,46,40,3,25,400,400,6,1.94,1.9395,41.88790205,0.837758041,279.2526803,6.056321458,0.02168760368,Sasanka Gylcerol and Oil 2,G_80% 40mm
glycerol,80,46,40,3,25,400,400,7,1.94,1.9395,41.88790205,0.837758041,279.2526803,6.056321458,0.02168760368,Sasanka Gylcerol and Oil 2,G_80% 40mm
glycerol,80,46,40,3,25,400,400,8,1.94,1.9395,41.88790205,0.837758041,279.2526803,6.056321458,0.02168760368,Sasanka Gylcerol and Oil 2,G_80% 40mm
glycerol,80,46,40,3,25,400,400,9,1.94,1.9395,41.88790205,0.837758041,279.2526803,6.056321458,0.02168760368,Sasanka Gylcerol and Oil 2,G_80% 40mm
glycerol,80,46,40,3,25,400,400,10,1.94,1.9395,41.88790205,0.837758041,279.2526803,6.056321458,0.02168760368,Sasanka Gylcerol and Oil 2,G_80% 40mm
glycerol,80,46,40,3,25,400,400,11,1.94,1.9395,41.88790205,0.837758041,279.2526803,6.056321458,0.02168760368,Sasanka Gylcerol and Oil 2,G_80% 40mm
glycerol,80,46,40,3,25,400,400,12,1.94,1.9395,41.88790205,0.837758041,279.2526803,6.056321458,0.02168760368,Sasanka Gylcerol and Oil 2,G_80% 40mm
glycerol,80,46,40,3,25,400,400,13,1.94,1.9395,41.88790205,0.837758041,279.2526803,6.056321458,0.02168760368,Sasanka Gylcerol and Oil 2,G_80% 40mm
glycerol,80,46,40,3,25,400,400,14,1.94,1.9395,41.88790205,0.837758041,279.2526803,6.056321458,0.02168760368,Sasanka Gylcerol and Oil 2,G_80% 40mm
glycerol,80,46,40,3,25,400,400,15,1.94,1.9395,41.88790205,0.837758041,279.2526803,6.056321458,0.02168760368,Sasanka Gylcerol and Oil 2,G_80% 40mm
glycerol,80,46,40,3,25,400,400,16,1.94,1.9395,41.88790205,0.837758041,279.2526803,6.056321458,0.02168760368,Sasanka Gylcerol and Oil 2,G_80% 40mm
glycerol,80,46,40,3,25,400,400,17,1.94,1.9395,41.88790205,0.837758041,279.2526803,6.056321458,0.02168760368,Sasanka Gylcerol and Oil 2,G_80% 40mm
glycerol,80,46,40,3,25,400,400,18,1.94,1.9395,41.88790205,0.837758041,279.2526803,6.056321458,0.02168760368,Sasanka Gylcerol and Oil 2,G_80% 40mm
glycerol,80,46,40,3,25,400,400,19,1.94,1.9395,41.88790205,0.837758041,279.2526803,6.056321458,0.02168760368,Sasanka Gylcerol and Oil 2,G_80% 40mm
glycerol,80,46,40,3,25,400,400,20,1.94,1.9395,41.88790205,0.837758041,279.2526803,6.056321458,0.02168760368,Sasanka Gylcerol and Oil 2,G_80% 40mm
glycerol,80,46,37,4.5,25,120,120,1,0,0,12.56637061,0.2324778564,51.66174586,0,0,Sasanka Gylcerol and Oil 2,G_80% 37mm
glycerol,80,46,37,4.5,25,120,120,2,0,0,12.56637061,0.2324778564,51.66174586,0,0,Sasanka Gylcerol and Oil 2,G_80% 37mm
glycerol,80,46,37,4.5,25,120,120,3,0,0,12.56637061,0.2324778564,51.66174586,0,0,Sasanka Gylcerol and Oil 2,G_80% 37mm
glycerol,80,46,37,4.5,25,120,120,4,0,0,12.56637061,0.2324778564,51.66174586,0,0,Sasanka Gylcerol and Oil 2,G_80% 37mm
glycerol,80,46,37,4.5,25,120,120,5,0,0,12.56637061,0.2324778564,51.66174586,0,0,Sasanka Gylcerol and Oil 2,G_80% 37mm
glycerol,80,46,37,4.5,25,120,120,6,0,0,12.56637061,0.2324778564,51.66174586,0,0,Sasanka Gylcerol and Oil 2,G_80% 37mm
glycerol,80,46,37,4.5,25,120,120,7,0,0,12.56637061,0.2324778564,51.66174586,0,0,Sasanka Gylcerol and Oil 2,G_80% 37mm
glycerol,80,46,37,4.5,25,120,120,8,0,0,12.56637061,0.2324778564,51.66174586,0,0,Sasanka Gylcerol and Oil 2,G_80% 37mm
glycerol,80,46,37,4.5,25,120,120,9,0,0,12.56637061,0.2324778564,51.66174586,0,0,Sasanka Gylcerol and Oil 2,G_80% 37mm
glycerol,80,46,37,4.5,25,120,120,10,0,0,12.56637061,0.2324778564,51.66174586,0,0,Sasanka Gylcerol and Oil 2,G_80% 37mm
glycerol,80,46,37,4.5,25,120,120,11,0,0,12.56637061,0.2324778564,51.66174586,0,0,Sasanka Gylcerol and Oil 2,G_80% 37mm
glycerol,80,46,37,4.5,25,120,120,12,0,0,12.56637061,0.2324778564,51.66174586,0,0,Sasanka Gylcerol and Oil 2,G_80% 37mm
glycerol,80,46,37,4.5,25,120,120,13,0,0,12.56637061,0.2324778564,51.66174586,0,0,Sasanka Gylcerol and Oil 2,G_80% 37mm
glycerol,80,46,37,4.5,25,120,120,14,0,0,12.56637061,0.2324778564,51.66174586,0,0,Sasanka Gylcerol and Oil 2,G_80% 37mm
glycerol,80,46,37,4.5,25,120,120,15,0,0,12.56637061,0.2324778564,51.66174586,0,0,Sasanka Gylcerol and Oil 2,G_80% 37mm
glycerol,80,46,37,4.5,25,120,120,16,0,0,12.56637061,0.2324778564,51.66174586,0,0,Sasanka Gylcerol and Oil 2,G_80% 37mm
glycerol,80,46,37,4.5,25,130.04,130,1,0,0.001,13.61356817,0.2518510111,55.96689135,0.003375805388,6.031790057e-05,Sasanka Gylcerol and Oil 2,G_80% 37mm
glycerol,80,46,37,4.5,25,130.04,130,2,0,0.001,13.61356817,0.2518510111,55.96689135,0.003375805388,6.031790057e-05,Sasanka Gylcerol and Oil 2,G_80% 37mm
glycerol,80,46,37,4.5,25,130.04,130,3,0,0.001,13.61356817,0.2518510111,55.96689135,0.003375805388,6.031790057e-05,Sasanka Gylcerol and Oil 2,G_80% 37mm
glycerol,80,46,37,4.5,25,130.04,130,4,0,0.001,13.61356817,0.2518510111,55.96689135,0.003375805388,6.031790057e-05,Sasanka Gylcerol and Oil 2,G_80% 37mm
glycerol,80,46,37,4.5,25,130.04,130,5,0,0.001,13.61356817,0.2518510111,55.96689135,0.003375805388,6.031790057e-05,Sasanka Gylcerol and Oil 2,G_80% 37mm
glycerol,80,46,37,4.5,25,130.04,130,6,0,0.001,13.61356817,0.2518510111,55.96689135,0.003375805388,6.031790057e-05,Sasanka Gylcerol and Oil 2,G_80% 37mm
glycerol,80,46,37,4.5,25,130.04,130,7,0,0.001,13.61356817,0.2518510111,55.96689135,0.003375805388,6.031790057e-05,Sasanka Gylcerol and Oil 2,G_80% 37mm
glycerol,80,46,37,4.5,25,130.04,130,8,0,0.001,13.61356817,0.2518510111,55.96689135,0.003375805388,6.031790057e-05,Sasanka Gylcerol and Oil 2,G_80% 37mm
glycerol,80,46,37,4.5,25,130.04,130,9,0,0.001,13.61356817,0.2518510111,55.96689135,0.003375805388,6.031790057e-05,Sasanka Gylcerol and Oil 2,G_80% 37mm
glycerol,80,46,37,4.5,25,130.04,130,10,0,0.001,13.61356817,0.2518510111,55.96689135,0.003375805388,6.031790057e-05,Sasanka Gylcerol and Oil 2,G_80% 37mm
glycerol,80,46,37,4.5,25,130.04,130,11,0,0.001,13.61356817,0.2518510111,55.96689135,0.003375805388,6.031790057e-05,Sasanka Gylcerol and Oil 2,G_80% 37mm
glycerol,80,46,37,4.5,25,130.04,130,12,0,0.001,13.61356817,0.2518510111,55.96689135,0.003375805388,6.031790057e-05,Sasanka Gylcerol and Oil 2,G_80% 37mm
glycerol,80,46,37,4.5,25,130.04,130,13,0,0.001,13.61356817,0.2518510111,55.96689135,0.003375805388,6.031790057e-05,Sasanka Gylcerol and Oil 2,G_80% 37mm
glycerol,80,46,37,4.5,25,130.04,130,14,0,0.001,13.61356817,0.2518510111,55.96689135,0.003375805388,6.031790057e-05,Sasanka Gylcerol and Oil 2,G_80% 37mm
glycerol,80,46,37,4.5,25,130.04,130,15,0,0.001,13.61356817,0.2518510111,55.96689135,0.003375805388,6.031790057e-05,Sasanka Gylcerol and Oil 2,G_80% 37mm
glycerol,80,46,37,4.5,25,130.04,130,16,0,0.001,13.61356817,0.2518510111,55.96689135,0.003375805388,6.031790057e-05,Sasanka Gylcerol and Oil 2,G_80% 37mm
glycerol,80,46,37,4.5,25,130.04,130,17,0,0.001,13.61356817,0.2518510111,55.96689135,0.003375805388,6.031790057e-05,Sasanka Gylcerol and Oil 2,G_80% 37mm
glycerol,80,46,37,4.5,25,130.04,130,18,0,0.001,13.61356817,0.2518510111,55.96689135,0.003375805388,6.031790057e-05,Sasanka Gylcerol and Oil 2,G_80% 37mm
glycerol,80,46,37,4.5,25,130.04,130,19,0.01,0.001,13.61356817,0.2518510111,55.96689135,0.003375805388,6.031790057e-05,Sasanka Gylcerol and Oil 2,G_80% 37mm
glycerol,80,46,37,4.5,25,130.04,130,20,0.01,0.001,13.61356817,0.2518510111,55.96689135,0.003375805388,6.031790057e-05,Sasanka Gylcerol and Oil 2,G_80% 37mm
glycerol,80,46,37,4.5,25,140.06,140,1,0,0.154,14.66076572,0.2712241658,60.27203684,0.5198740297,0.008625459782,Sasanka Gylcerol and Oil 2,G_80% 37mm
glycerol,80,46,37,4.5,25,140.06,140,2,0,0.154,14.66076572,0.2712241658,60.27203684,0.5198740297,0.008625459782,Sasanka Gylcerol and Oil 2,G_80% 37mm
glycerol,80,46,37,4.5,25,140.06,140,3,0,0.154,14.66076572,0.2712241658,60.27203684,0.5198740297,0.008625459782,Sasanka Gylcerol and Oil 2,G_80% 37mm
glycerol,80,46,37,4.5,25,140.06,140,4,0,0.154,14.66076572,0.2712241658,60.27203684,0.5198740297,0.008625459782,Sasanka Gylcerol and Oil 2,G_80% 37mm
glycerol,80,46,37,4.5,25,140.06,140,5,0,0.154,14.66076572,0.2712241658,60.27203684,0.5198740297,0.008625459782,Sasanka Gylcerol and Oil 2,G_80% 37mm
glycerol,80,46,37,4.5,25,140.06,140,6,0,0.154,14.66076572,0.2712241658,60.27203684,0.5198740297,0.008625459782,Sasanka Gylcerol and Oil 2,G_80% 37mm
glycerol,80,46,37,4.5,25,140.06,140,7,0.01,0.154,14.66076572,0.2712241658,60.27203684,0.5198740297,0.008625459782,Sasanka Gylcerol and Oil 2,G_80% 37mm
glycerol,80,46,37,4.5,25,140.06,140,8,0.01,0.154,14.66076572,0.2712241658,60.27203684,0.5198740297,0.008625459782,Sasanka Gylcerol and Oil 2,G_80% 37mm
glycerol,80,46,37,4.5,25,140.06,140,9,0.01,0.154,14.66076572,0.2712241658,60.27203684,0.5198740297,0.008625459782,Sasanka Gylcerol and Oil 2,G_80% 37mm
glycerol,80,46,37,4.5,25,140.06,140,10,0.15,0.154,14.66076572,0.2712241658,60.27203684,0.5198740297,0.008625459782,Sasanka Gylcerol and Oil 2,G_80% 37mm
glycerol,80,46,37,4.5,25,140.06,140,11,0.25,0.154,14.66076572,0.2712241658,60.27203684,0.5198740297,0.008625459782,Sasanka Gylcerol and Oil 2,G_80% 37mm
glycerol,80,46,37,4.5,25,140.06,140,12,0.27,0.154,14.66076572,0.2712241658,60.27203684,0.5198740297,0.008625459782,Sasanka Gylcerol and Oil 2,G_80% 37mm
glycerol,80,46,37,4.5,25,140.06,140,13,0.28,0.154,14.66076572,0.2712241658,60.27203684,0.5198740297,0.008625459782,Sasanka Gylcerol and Oil 2,G_80% 37mm
glycerol,80,46,37,4.5,25,140.06,140,14,0.29,0.154,14.66076572,0.2712241658,60.27203684,0.5198740297,0.008625459782,Sasanka Gylcerol and Oil 2,G_80% 37mm
glycerol,80,46,37,4.5,25,140.06,140,15,0.29,0.154,14.66076572,0.2712241658,60.27203684,0.5198740297,0.008625459782,Sasanka Gylcerol and Oil 2,G_80% 37mm
glycerol,80,46,37,4.5,25,140.06,140,16,0.3,0.154,14.66076572,0.2712241658,60.27203684,0.5198740297,0.008625459782,Sasanka Gylcerol and Oil 2,G_80% 37mm
glycerol,80,46,37,4.5,25,140.06,140,17,0.3,0.154,14.66076572,0.2712241658,60.27203684,0.5198740297,0.008625459782,Sasanka Gylcerol and Oil 2,G_80% 37mm
glycerol,80,46,37,4.5,25,140.06,140,18,0.3,0.154,14.66076572,0.2712241658,60.27203684,0.5198740297,0.008625459782,Sasanka Gylcerol and Oil 2,G_80% 37mm
glycerol,80,46,37,4.5,25,140.06,140,19,0.31,0.154,14.66076572,0.2712241658,60.27203684,0.5198740297,0.008625459782,Sasanka Gylcerol and Oil 2,G_80% 37mm
glycerol,80,46,37,4.5,25,140.06,140,20,0.31,0.154,14.66076572,0.2712241658,60.27203684,0.5198740297,0.008625459782,Sasanka Gylcerol and Oil 2,G_80% 37mm
glycerol,80,46,37,4.5,25,150,150,1,0.31,0.34,15.70796327,0.2905973205,64.57718232,1.147773832,0.0177736747,Sasanka Gylcerol and Oil 2,G_80% 37mm
glycerol,80,46,37,4.5,25,150,150,2,0.32,0.34,15.70796327,0.2905973205,64.57718232,1.147773832,0.0177736747,Sasanka Gylcerol and Oil 2,G_80% 37mm
glycerol,80,46,37,4.5,25,150,150,3,0.33,0.34,15.70796327,0.2905973205,64.57718232,1.147773832,0.0177736747,Sasanka Gylcerol and Oil 2,G_80% 37mm
glycerol,80,46,37,4.5,25,150,150,4,0.33,0.34,15.70796327,0.2905973205,64.57718232,1.147773832,0.0177736747,Sasanka Gylcerol and Oil 2,G_80% 37mm
glycerol,80,46,37,4.5,25,150,150,5,0.34,0.34,15.70796327,0.2905973205,64.57718232,1.147773832,0.0177736747,Sasanka Gylcerol and Oil 2,G_80% 37mm
glycerol,80,46,37,4.5,25,150,150,6,0.34,0.34,15.70796327,0.2905973205,64.57718232,1.147773832,0.0177736747,Sasanka Gylcerol and Oil 2,G_80% 37mm
glycerol,80,46,37,4.5,25,150,150,7,0.34,0.34,15.70796327,0.2905973205,64.57718232,1.147773832,0.0177736747,Sasanka Gylcerol and Oil 2,G_80% 37mm
glycerol,80,46,37,4.5,25,150,150,8,0.34,0.34,15.70796327,0.2905973205,64.57718232,1.147773832,0.0177736747,Sasanka Gylcerol and Oil 2,G_80% 37mm
glycerol,80,46,37,4.5,25,150,150,9,0.34,0.34,15.70796327,0.2905973205,64.57718232,1.147773832,0.0177736747,Sasanka Gylcerol and Oil 2,G_80% 37mm
glycerol,80,46,37,4.5,25,150,150,10,0.34,0.34,15.70796327,0.2905973205,64.57718232,1.147773832,0.0177736747,Sasanka Gylcerol and Oil 2,G_80% 37mm
glycerol,80,46,37,4.5,25,150,150,11,0.34,0.34,15.70796327,0.2905973205,64.57718232,1.147773832,0.0177736747,Sasanka Gylcerol and Oil 2,G_80% 37mm
glycerol,80,46,37,4.5,25,150,150,12,0.35,0.34,15.70796327,0.2905973205,64.57718232,1.147773832,0.0177736747,Sasanka Gylcerol and Oil 2,G_80% 37mm
glycerol,80,46,37,4.5,25,150,150,13,0.35,0.34,15.70796327,0.2905973205,64.57718232,1.147773832,0.0177736747,Sasanka Gylcerol and Oil 2,G_80% 37mm
glycerol,80,46,37,4.5,25,150,150,14,0.34,0.34,15.70796327,0.2905973205,64.57718232,1.147773832,0.0177736747,Sasanka Gylcerol and Oil 2,G_80% 37mm
glycerol,80,46,37,4.5,25,150,150,15,0.34,0.34,15.70796327,0.2905973205,64.57718232,1.147773832,0.0177736747,Sasanka Gylcerol and Oil 2,G_80% 37mm
glycerol,80,46,37,4.5,25,150,150,16,0.35,0.34,15.70796327,0.2905973205,64.57718232,1.147773832,0.0177736747,Sasanka Gylcerol and Oil 2,G_80% 37mm
glycerol,80,46,37,4.5,25,150,150,17,0.35,0.34,15.70796327,0.2905973205,64.57718232,1.147773832,0.0177736747,Sasanka Gylcerol and Oil 2,G_80% 37mm
glycerol,80,46,37,4.5,25,150,150,18,0.35,0.34,15.70796327,0.2905973205,64.57718232,1.147773832,0.0177736747,Sasanka Gylcerol and Oil 2,G_80% 37mm
glycerol,80,46,37,4.5,25,150,150,19,0.35,0.34,15.70796327,0.2905973205,64.57718232,1.147773832,0.0177736747,Sasanka Gylcerol and Oil 2,G_80% 37mm
glycerol,80,46,37,4.5,25,150,150,20,0.35,0.34,15.70796327,0.2905973205,64.57718232,1.147773832,0.0177736747,Sasanka Gylcerol and Oil 2,G_80% 37mm
glycerol,80,46,37,4.5,25,160,160,1,0.35,0.38,16.75516082,0.3099704752,68.88232781,1.282806047,0.0186231518,Sasanka Gylcerol and Oil 2,G_80% 37mm
glycerol,80,46,37,4.5,25,160,160,2,0.37,0.38,16.75516082,0.3099704752,68.88232781,1.282806047,0.0186231518,Sasanka Gylcerol and Oil 2,G_80% 37mm
glycerol,80,46,37,4.5,25,160,160,3,0.38,0.38,16.75516082,0.3099704752,68.88232781,1.282806047,0.0186231518,Sasanka Gylcerol and Oil 2,G_80% 37mm
glycerol,80,46,37,4.5,25,160,160,4,0.38,0.38,16.75516082,0.3099704752,68.88232781,1.282806047,0.0186231518,Sasanka Gylcerol and Oil 2,G_80% 37mm
glycerol,80,46,37,4.5,25,160,160,5,0.38,0.38,16.75516082,0.3099704752,68.88232781,1.282806047,0.0186231518,Sasanka Gylcerol and Oil 2,G_80% 37mm
glycerol,80,46,37,4.5,25,160,160,6,0.38,0.38,16.75516082,0.3099704752,68.88232781,1.282806047,0.0186231518,Sasanka Gylcerol and Oil 2,G_80% 37mm
glycerol,80,46,37,4.5,25,160,160,7,0.38,0.38,16.75516082,0.3099704752,68.88232781,1.282806047,0.0186231518,Sasanka Gylcerol and Oil 2,G_80% 37mm
glycerol,80,46,37,4.5,25,160,160,8,0.38,0.38,16.75516082,0.3099704752,68.88232781,1.282806047,0.0186231518,Sasanka Gylcerol and Oil 2,G_80% 37mm
glycerol,80,46,37,4.5,25,160,160,9,0.38,0.38,16.75516082,0.3099704752,68.88232781,1.282806047,0.0186231518,Sasanka Gylcerol and Oil 2,G_80% 37mm
glycerol,80,46,37,4.5,25,160,160,10,0.38,0.38,16.75516082,0.3099704752,68.88232781,1.282806047,0.0186231518,Sasanka Gylcerol and Oil 2,G_80% 37mm
glycerol,80,46,37,4.5,25,160,160,11,0.38,0.38,16.75516082,0.3099704752,68.88232781,1.282806047,0.0186231518,Sasanka Gylcerol and Oil 2,G_80% 37mm
glycerol,80,46,37,4.5,25,160,160,12,0.38,0.38,16.75516082,0.3099704752,68.88232781,1.282806047,0.0186231518,Sasanka Gylcerol and Oil 2,G_80% 37mm
glycerol,80,46,37,4.5,25,160,160,13,0.38,0.38,16.75516082,0.3099704752,68.88232781,1.282806047,0.0186231518,Sasanka Gylcerol and Oil 2,G_80% 37mm
glycerol,80,46,37,4.5,25,160,160,14,0.38,0.38,16.75516082,0.3099704752,68.88232781,1.282806047,0.0186231518,Sasanka Gylcerol and Oil 2,G_80% 37mm
glycerol,80,46,37,4.5,25,160,160,15,0.38,0.38,16.75516082,0.3099704752,68.88232781,1.282806047,0.0186231518,Sasanka Gylcerol and Oil 2,G_80% 37mm
glycerol,80,46,37,4.5,25,160,160,16,0.38,0.38,16.75516082,0.3099704752,68.88232781,1.282806047,0.0186231518,Sasanka Gylcerol and Oil 2,G_80% 37mm
glycerol,80,46,37,4.5,25,160,160,17,0.39,0.38,16.75516082,0.3099704752,68.88232781,1.282806047,0.0186231518,Sasanka Gylcerol and Oil 2,G_80% 37mm
glycerol,80,46,37,4.5,25,160,160,18,0.39,0.38,16.75516082,0.3099704752,68.88232781,1.282806047,0.0186231518,Sasanka Gylcerol and Oil 2,G_80% 37mm
glycerol,80,46,37,4.5,25,160,160,19,0.39,0.38,16.75516082,0.3099704752,68.88232781,1.282806047,0.0186231518,Sasanka Gylcerol and Oil 2,G_80% 37mm
glycerol,80,46,37,4.5,25,160,160,20,0.39,0.38,16.75516082,0.3099704752,68.88232781,1.282806047,0.0186231518,Sasanka Gylcerol and Oil 2,G_80% 37mm
glycerol,80,46,37,4.5,25,170.07,170,1,0.39,0.4165,17.80235837,0.3293436299,73.1874733,1.406022944,0.01921125133,Sasanka Gylcerol and Oil 2,G_80% 37mm
glycerol,80,46,37,4.5,25,170.07,170,2,0.4,0.4165,17.80235837,0.3293436299,73.1874733,1.406022944,0.01921125133,Sasanka Gylcerol and Oil 2,G_80% 37mm
glycerol,80,46,37,4.5,25,170.07,170,3,0.41,0.4165,17.80235837,0.3293436299,73.1874733,1.406022944,0.01921125133,Sasanka Gylcerol and Oil 2,G_80% 37mm
glycerol,80,46,37,4.5,25,170.07,170,4,0.42,0.4165,17.80235837,0.3293436299,73.1874733,1.406022944,0.01921125133,Sasanka Gylcerol and Oil 2,G_80% 37mm
glycerol,80,46,37,4.5,25,170.07,170,5,0.41,0.4165,17.80235837,0.3293436299,73.1874733,1.406022944,0.01921125133,Sasanka Gylcerol and Oil 2,G_80% 37mm
glycerol,80,46,37,4.5,25,170.07,170,6,0.42,0.4165,17.80235837,0.3293436299,73.1874733,1.406022944,0.01921125133,Sasanka Gylcerol and Oil 2,G_80% 37mm
glycerol,80,46,37,4.5,25,170.07,170,7,0.42,0.4165,17.80235837,0.3293436299,73.1874733,1.406022944,0.01921125133,Sasanka Gylcerol and Oil 2,G_80% 37mm
glycerol,80,46,37,4.5,25,170.07,170,8,0.42,0.4165,17.80235837,0.3293436299,73.1874733,1.406022944,0.01921125133,Sasanka Gylcerol and Oil 2,G_80% 37mm
glycerol,80,46,37,4.5,25,170.07,170,9,0.42,0.4165,17.80235837,0.3293436299,73.1874733,1.406022944,0.01921125133,Sasanka Gylcerol and Oil 2,G_80% 37mm
glycerol,80,46,37,4.5,25,170.07,170,10,0.42,0.4165,17.80235837,0.3293436299,73.1874733,1.406022944,0.01921125133,Sasanka Gylcerol and Oil 2,G_80% 37mm
glycerol,80,46,37,4.5,25,170.07,170,11,0.42,0.4165,17.80235837,0.3293436299,73.1874733,1.406022944,0.01921125133,Sasanka Gylcerol and Oil 2,G_80% 37mm
glycerol,80,46,37,4.5,25,170.07,170,12,0.42,0.4165,17.80235837,0.3293436299,73.1874733,1.406022944,0.01921125133,Sasanka Gylcerol and Oil 2,G_80% 37mm
glycerol,80,46,37,4.5,25,170.07,170,13,0.42,0.4165,17.80235837,0.3293436299,73.1874733,1.406022944,0.01921125133,Sasanka Gylcerol and Oil 2,G_80% 37mm
glycerol,80,46,37,4.5,25,170.07,170,14,0.42,0.4165,17.80235837,0.3293436299,73.1874733,1.406022944,0.01921125133,Sasanka Gylcerol and Oil 2,G_80% 37mm
glycerol,80,46,37,4.5,25,170.07,170,15,0.42,0.4165,17.80235837,0.3293436299,73.1874733,1.406022944,0.01921125133,Sasanka Gylcerol and Oil 2,G_80% 37mm
glycerol,80,46,37,4.5,25,170.07,170,16,0.42,0.4165,17.80235837,0.3293436299,73.1874733,1.406022944,0.01921125133,Sasanka Gylcerol and Oil 2,G_80% 37mm
glycerol,80,46,37,4.5,25,170.07,170,17,0.42,0.4165,17.80235837,0.3293436299,73.1874733,1.406022944,0.01921125133,Sasanka Gylcerol and Oil 2,G_80% 37mm
glycerol,80,46,37,4.5,25,170.07,170,18,0.42,0.4165,17.80235837,0.3293436299,73.1874733,1.406022944,0.01921125133,Sasanka Gylcerol and Oil 2,G_80% 37mm
glycerol,80,46,37,4.5,25,170.07,170,19,0.42,0.4165,17.80235837,0.3293436299,73.1874733,1.406022944,0.01921125133,Sasanka Gylcerol and Oil 2,G_80% 37mm
glycerol,80,46,37,4.5,25,170.07,170,20,0.42,0.4165,17.80235837,0.3293436299,73.1874733,1.406022944,0.01921125133,Sasanka Gylcerol and Oil 2,G_80% 37mm
glycerol,80,46,37,4.5,25,180.07,180,1,0.42,0.421,18.84955592,0.3487167845,77.49261879,1.421214068,0.01833999277,Sasanka Gylcerol and Oil 2,G_80% 37mm
glycerol,80,46,37,4.5,25,180.07,180,2,0.42,0.421,18.84955592,0.3487167845,77.49261879,1.421214068,0.01833999277,Sasanka Gylcerol and Oil 2,G_80% 37mm
glycerol,80,46,37,4.5,25,180.07,180,3,0.42,0.421,18.84955592,0.3487167845,77.49261879,1.421214068,0.01833999277,Sasanka Gylcerol and Oil 2,G_80% 37mm
glycerol,80,46,37,4.5,25,180.07,180,4,0.42,0.421,18.84955592,0.3487167845,77.49261879,1.421214068,0.01833999277,Sasanka Gylcerol and Oil 2,G_80% 37mm
glycerol,80,46,37,4.5,25,180.07,180,5,0.42,0.421,18.84955592,0.3487167845,77.49261879,1.421214068,0.01833999277,Sasanka Gylcerol and Oil 2,G_80% 37mm
glycerol,80,46,37,4.5,25,180.07,180,6,0.42,0.421,18.84955592,0.3487167845,77.49261879,1.421214068,0.01833999277,Sasanka Gylcerol and Oil 2,G_80% 37mm
glycerol,80,46,37,4.5,25,180.07,180,7,0.42,0.421,18.84955592,0.3487167845,77.49261879,1.421214068,0.01833999277,Sasanka Gylcerol and Oil 2,G_80% 37mm
glycerol,80,46,37,4.5,25,180.07,180,8,0.42,0.421,18.84955592,0.3487167845,77.49261879,1.421214068,0.01833999277,Sasanka Gylcerol and Oil 2,G_80% 37mm
glycerol,80,46,37,4.5,25,180.07,180,9,0.42,0.421,18.84955592,0.3487167845,77.49261879,1.421214068,0.01833999277,Sasanka Gylcerol and Oil 2,G_80% 37mm
glycerol,80,46,37,4.5,25,180.07,180,10,0.42,0.421,18.84955592,0.3487167845,77.49261879,1.421214068,0.01833999277,Sasanka Gylcerol and Oil 2,G_80% 37mm
glycerol,80,46,37,4.5,25,180.07,180,11,0.42,0.421,18.84955592,0.3487167845,77.49261879,1.421214068,0.01833999277,Sasanka Gylcerol and Oil 2,G_80% 37mm
glycerol,80,46,37,4.5,25,180.07,180,12,0.42,0.421,18.84955592,0.3487167845,77.49261879,1.421214068,0.01833999277,Sasanka Gylcerol and Oil 2,G_80% 37mm
glycerol,80,46,37,4.5,25,180.07,180,13,0.43,0.421,18.84955592,0.3487167845,77.49261879,1.421214068,0.01833999277,Sasanka Gylcerol and Oil 2,G_80% 37mm
glycerol,80,46,37,4.5,25,180.07,180,14,0.43,0.421,18.84955592,0.3487167845,77.49261879,1.421214068,0.01833999277,Sasanka Gylcerol and Oil 2,G_80% 37mm
glycerol,80,46,37,4.5,25,180.07,180,15,0.42,0.421,18.84955592,0.3487167845,77.49261879,1.421214068,0.01833999277,Sasanka Gylcerol and Oil 2,G_80% 37mm
glycerol,80,46,37,4.5,25,180.07,180,16,0.42,0.421,18.84955592,0.3487167845,77.49261879,1.421214068,0.01833999277,Sasanka Gylcerol and Oil 2,G_80% 37mm
glycerol,80,46,37,4.5,25,180.07,180,17,0.42,0.421,18.84955592,0.3487167845,77.49261879,1.421214068,0.01833999277,Sasanka Gylcerol and Oil 2,G_80% 37mm
glycerol,80,46,37,4.5,25,180.07,180,18,0.42,0.421,18.84955592,0.3487167845,77.49261879,1.421214068,0.01833999277,Sasanka Gylcerol and Oil 2,G_80% 37mm
glycerol,80,46,37,4.5,25,180.07,180,19,0.42,0.421,18.84955592,0.3487167845,77.49261879,1.421214068,0.01833999277,Sasanka Gylcerol and Oil 2,G_80% 37mm
glycerol,80,46,37,4.5,25,180.07,180,20,0.42,0.421,18.84955592,0.3487167845,77.49261879,1.421214068,0.01833999277,Sasanka Gylcerol and Oil 2,G_80% 37mm
glycerol,80,46,37,4.5,25,190.11,190,1,0.43,0.4605,19.89675347,0.3680899392,81.79776428,1.554558381,0.01900490062,Sasanka Gylcerol and Oil 2,G_80% 37mm
glycerol,80,46,37,4.5,25,190.11,190,2,0.45,0.4605,19.89675347,0.3680899392,81.79776428,1.554558381,0.01900490062,Sasanka Gylcerol and Oil 2,G_80% 37mm
glycerol,80,46,37,4.5,25,190.11,190,3,0.46,0.4605,19.89675347,0.3680899392,81.79776428,1.554558381,0.01900490062,Sasanka Gylcerol and Oil 2,G_80% 37mm
glycerol,80,46,37,4.5,25,190.11,190,4,0.46,0.4605,19.89675347,0.3680899392,81.79776428,1.554558381,0.01900490062,Sasanka Gylcerol and Oil 2,G_80% 37mm
glycerol,80,46,37,4.5,25,190.11,190,5,0.46,0.4605,19.89675347,0.3680899392,81.79776428,1.554558381,0.01900490062,Sasanka Gylcerol and Oil 2,G_80% 37mm
glycerol,80,46,37,4.5,25,190.11,190,6,0.46,0.4605,19.89675347,0.3680899392,81.79776428,1.554558381,0.01900490062,Sasanka Gylcerol and Oil 2,G_80% 37mm
glycerol,80,46,37,4.5,25,190.11,190,7,0.46,0.4605,19.89675347,0.3680899392,81.79776428,1.554558381,0.01900490062,Sasanka Gylcerol and Oil 2,G_80% 37mm
glycerol,80,46,37,4.5,25,190.11,190,8,0.46,0.4605,19.89675347,0.3680899392,81.79776428,1.554558381,0.01900490062,Sasanka Gylcerol and Oil 2,G_80% 37mm
glycerol,80,46,37,4.5,25,190.11,190,9,0.46,0.4605,19.89675347,0.3680899392,81.79776428,1.554558381,0.01900490062,Sasanka Gylcerol and Oil 2,G_80% 37mm
glycerol,80,46,37,4.5,25,190.11,190,10,0.46,0.4605,19.89675347,0.3680899392,81.79776428,1.554558381,0.01900490062,Sasanka Gylcerol and Oil 2,G_80% 37mm
glycerol,80,46,37,4.5,25,190.11,190,11,0.46,0.4605,19.89675347,0.3680899392,81.79776428,1.554558381,0.01900490062,Sasanka Gylcerol and Oil 2,G_80% 37mm
glycerol,80,46,37,4.5,25,190.11,190,12,0.47,0.4605,19.89675347,0.3680899392,81.79776428,1.554558381,0.01900490062,Sasanka Gylcerol and Oil 2,G_80% 37mm
glycerol,80,46,37,4.5,25,190.11,190,13,0.46,0.4605,19.89675347,0.3680899392,81.79776428,1.554558381,0.01900490062,Sasanka Gylcerol and Oil 2,G_80% 37mm
glycerol,80,46,37,4.5,25,190.11,190,14,0.46,0.4605,19.89675347,0.3680899392,81.79776428,1.554558381,0.01900490062,Sasanka Gylcerol and Oil 2,G_80% 37mm
glycerol,80,46,37,4.5,25,190.11,190,15,0.47,0.4605,19.89675347,0.3680899392,81.79776428,1.554558381,0.01900490062,Sasanka Gylcerol and Oil 2,G_80% 37mm
glycerol,80,46,37,4.5,25,190.11,190,16,0.47,0.4605,19.89675347,0.3680899392,81.79776428,1.554558381,0.01900490062,Sasanka Gylcerol and Oil 2,G_80% 37mm
glycerol,80,46,37,4.5,25,190.11,190,17,0.47,0.4605,19.89675347,0.3680899392,81.79776428,1.554558381,0.01900490062,Sasanka Gylcerol and Oil 2,G_80% 37mm
glycerol,80,46,37,4.5,25,190.11,190,18,0.47,0.4605,19.89675347,0.3680899392,81.79776428,1.554558381,0.01900490062,Sasanka Gylcerol and Oil 2,G_80% 37mm
glycerol,80,46,37,4.5,25,190.11,190,19,0.46,0.4605,19.89675347,0.3680899392,81.79776428,1.554558381,0.01900490062,Sasanka Gylcerol and Oil 2,G_80% 37mm
glycerol,80,46,37,4.5,25,190.11,190,20,0.46,0.4605,19.89675347,0.3680899392,81.79776428,1.554558381,0.01900490062,Sasanka Gylcerol and Oil 2,G_80% 37mm
glycerol,80,46,37,4.5,25,200,200,1,0.46,0.488,20.94395102,0.3874630939,86.10290977,1.647393029,0.01913283806,Sasanka Gylcerol and Oil 2,G_80% 37mm
glycerol,80,46,37,4.5,25,200,200,2,0.48,0.488,20.94395102,0.3874630939,86.10290977,1.647393029,0.01913283806,Sasanka Gylcerol and Oil 2,G_80% 37mm
glycerol,80,46,37,4.5,25,200,200,3,0.49,0.488,20.94395102,0.3874630939,86.10290977,1.647393029,0.01913283806,Sasanka Gylcerol and Oil 2,G_80% 37mm
glycerol,80,46,37,4.5,25,200,200,4,0.49,0.488,20.94395102,0.3874630939,86.10290977,1.647393029,0.01913283806,Sasanka Gylcerol and Oil 2,G_80% 37mm
glycerol,80,46,37,4.5,25,200,200,5,0.49,0.488,20.94395102,0.3874630939,86.10290977,1.647393029,0.01913283806,Sasanka Gylcerol and Oil 2,G_80% 37mm
glycerol,80,46,37,4.5,25,200,200,6,0.49,0.488,20.94395102,0.3874630939,86.10290977,1.647393029,0.01913283806,Sasanka Gylcerol and Oil 2,G_80% 37mm
glycerol,80,46,37,4.5,25,200,200,7,0.49,0.488,20.94395102,0.3874630939,86.10290977,1.647393029,0.01913283806,Sasanka Gylcerol and Oil 2,G_80% 37mm
glycerol,80,46,37,4.5,25,200,200,8,0.49,0.488,20.94395102,0.3874630939,86.10290977,1.647393029,0.01913283806,Sasanka Gylcerol and Oil 2,G_80% 37mm
glycerol,80,46,37,4.5,25,200,200,9,0.49,0.488,20.94395102,0.3874630939,86.10290977,1.647393029,0.01913283806,Sasanka Gylcerol and Oil 2,G_80% 37mm
glycerol,80,46,37,4.5,25,200,200,10,0.49,0.488,20.94395102,0.3874630939,86.10290977,1.647393029,0.01913283806,Sasanka Gylcerol and Oil 2,G_80% 37mm
glycerol,80,46,37,4.5,25,200,200,11,0.49,0.488,20.94395102,0.3874630939,86.10290977,1.647393029,0.01913283806,Sasanka Gylcerol and Oil 2,G_80% 37mm
glycerol,80,46,37,4.5,25,200,200,12,0.49,0.488,20.94395102,0.3874630939,86.10290977,1.647393029,0.01913283806,Sasanka Gylcerol and Oil 2,G_80% 37mm
glycerol,80,46,37,4.5,25,200,200,13,0.49,0.488,20.94395102,0.3874630939,86.10290977,1.647393029,0.01913283806,Sasanka Gylcerol and Oil 2,G_80% 37mm
glycerol,80,46,37,4.5,25,200,200,14,0.49,0.488,20.94395102,0.3874630939,86.10290977,1.647393029,0.01913283806,Sasanka Gylcerol and Oil 2,G_80% 37mm
glycerol,80,46,37,4.5,25,200,200,15,0.49,0.488,20.94395102,0.3874630939,86.10290977,1.647393029,0.01913283806,Sasanka Gylcerol and Oil 2,G_80% 37mm
glycerol,80,46,37,4.5,25,200,200,16,0.49,0.488,20.94395102,0.3874630939,86.10290977,1.647393029,0.01913283806,Sasanka Gylcerol and Oil 2,G_80% 37mm
glycerol,80,46,37,4.5,25,200,200,17,0.49,0.488,20.94395102,0.3874630939,86.10290977,1.647393029,0.01913283806,Sasanka Gylcerol and Oil 2,G_80% 37mm
glycerol,80,46,37,4.5,25,200,200,18,0.49,0.488,20.94395102,0.3874630939,86.10290977,1.647393029,0.01913283806,Sasanka Gylcerol and Oil 2,G_80% 37mm
glycerol,80,46,37,4.5,25,200,200,19,0.49,0.488,20.94395102,0.3874630939,86.10290977,1.647393029,0.01913283806,Sasanka Gylcerol and Oil 2,G_80% 37mm
glycerol,80,46,37,4.5,25,200,200,20,0.49,0.488,20.94395102,0.3874630939,86.10290977,1.647393029,0.01913283806,Sasanka Gylcerol and Oil 2,G_80% 37mm
glycerol,80,46,37,4.5,25,210.08,210,1,0.51,0.505,21.99114858,0.4068362486,90.40805525,1.704781721,0.01885652463,Sasanka Gylcerol and Oil 2,G_80% 37mm
glycerol,80,46,37,4.5,25,210.08,210,2,0.51,0.505,21.99114858,0.4068362486,90.40805525,1.704781721,0.01885652463,Sasanka Gylcerol and Oil 2,G_80% 37mm
glycerol,80,46,37,4.5,25,210.08,210,3,0.52,0.505,21.99114858,0.4068362486,90.40805525,1.704781721,0.01885652463,Sasanka Gylcerol and Oil 2,G_80% 37mm
glycerol,80,46,37,4.5,25,210.08,210,4,0.5,0.505,21.99114858,0.4068362486,90.40805525,1.704781721,0.01885652463,Sasanka Gylcerol and Oil 2,G_80% 37mm
glycerol,80,46,37,4.5,25,210.08,210,5,0.5,0.505,21.99114858,0.4068362486,90.40805525,1.704781721,0.01885652463,Sasanka Gylcerol and Oil 2,G_80% 37mm
glycerol,80,46,37,4.5,25,210.08,210,6,0.5,0.505,21.99114858,0.4068362486,90.40805525,1.704781721,0.01885652463,Sasanka Gylcerol and Oil 2,G_80% 37mm
glycerol,80,46,37,4.5,25,210.08,210,7,0.5,0.505,21.99114858,0.4068362486,90.40805525,1.704781721,0.01885652463,Sasanka Gylcerol and Oil 2,G_80% 37mm
glycerol,80,46,37,4.5,25,210.08,210,8,0.5,0.505,21.99114858,0.4068362486,90.40805525,1.704781721,0.01885652463,Sasanka Gylcerol and Oil 2,G_80% 37mm
glycerol,80,46,37,4.5,25,210.08,210,9,0.5,0.505,21.99114858,0.4068362486,90.40805525,1.704781721,0.01885652463,Sasanka Gylcerol and Oil 2,G_80% 37mm
glycerol,80,46,37,4.5,25,210.08,210,10,0.5,0.505,21.99114858,0.4068362486,90.40805525,1.704781721,0.01885652463,Sasanka Gylcerol and Oil 2,G_80% 37mm
glycerol,80,46,37,4.5,25,210.08,210,11,0.5,0.505,21.99114858,0.4068362486,90.40805525,1.704781721,0.01885652463,Sasanka Gylcerol and Oil 2,G_80% 37mm
glycerol,80,46,37,4.5,25,210.08,210,12,0.49,0.505,21.99114858,0.4068362486,90.40805525,1.704781721,0.01885652463,Sasanka Gylcerol and Oil 2,G_80% 37mm
glycerol,80,46,37,4.5,25,210.08,210,13,0.49,0.505,21.99114858,0.4068362486,90.40805525,1.704781721,0.01885652463,Sasanka Gylcerol and Oil 2,G_80% 37mm
glycerol,80,46,37,4.5,25,210.08,210,14,0.55,0.505,21.99114858,0.4068362486,90.40805525,1.704781721,0.01885652463,Sasanka Gylcerol and Oil 2,G_80% 37mm
glycerol,80,46,37,4.5,25,210.08,210,15,0.55,0.505,21.99114858,0.4068362486,90.40805525,1.704781721,0.01885652463,Sasanka Gylcerol and Oil 2,G_80% 37mm
glycerol,80,46,37,4.5,25,210.08,210,16,0.49,0.505,21.99114858,0.4068362486,90.40805525,1.704781721,0.01885652463,Sasanka Gylcerol and Oil 2,G_80% 37mm
glycerol,80,46,37,4.5,25,210.08,210,17,0.49,0.505,21.99114858,0.4068362486,90.40805525,1.704781721,0.01885652463,Sasanka Gylcerol and Oil 2,G_80% 37mm
glycerol,80,46,37,4.5,25,210.08,210,18,0.5,0.505,21.99114858,0.4068362486,90.40805525,1.704781721,0.01885652463,Sasanka Gylcerol and Oil 2,G_80% 37mm
glycerol,80,46,37,4.5,25,210.08,210,19,0.5,0.505,21.99114858,0.4068362486,90.40805525,1.704781721,0.01885652463,Sasanka Gylcerol and Oil 2,G_80% 37mm
glycerol,80,46,37,4.5,25,210.08,210,20,0.5,0.505,21.99114858,0.4068362486,90.40805525,1.704781721,0.01885652463,Sasanka Gylcerol and Oil 2,G_80% 37mm
glycerol,80,46,37,4.5,25,220.1,220,1,0.52,0.6075,23.03834613,0.4262094033,94.71320074,2.050801773,0.02165275544,Sasanka Gylcerol and Oil 2,G_80% 37mm
glycerol,80,46,37,4.5,25,220.1,220,2,0.59,0.6075,23.03834613,0.4262094033,94.71320074,2.050801773,0.02165275544,Sasanka Gylcerol and Oil 2,G_80% 37mm
glycerol,80,46,37,4.5,25,220.1,220,3,0.62,0.6075,23.03834613,0.4262094033,94.71320074,2.050801773,0.02165275544,Sasanka Gylcerol and Oil 2,G_80% 37mm
glycerol,80,46,37,4.5,25,220.1,220,4,0.62,0.6075,23.03834613,0.4262094033,94.71320074,2.050801773,0.02165275544,Sasanka Gylcerol and Oil 2,G_80% 37mm
glycerol,80,46,37,4.5,25,220.1,220,5,0.62,0.6075,23.03834613,0.4262094033,94.71320074,2.050801773,0.02165275544,Sasanka Gylcerol and Oil 2,G_80% 37mm
glycerol,80,46,37,4.5,25,220.1,220,6,0.61,0.6075,23.03834613,0.4262094033,94.71320074,2.050801773,0.02165275544,Sasanka Gylcerol and Oil 2,G_80% 37mm
glycerol,80,46,37,4.5,25,220.1,220,7,0.61,0.6075,23.03834613,0.4262094033,94.71320074,2.050801773,0.02165275544,Sasanka Gylcerol and Oil 2,G_80% 37mm
glycerol,80,46,37,4.5,25,220.1,220,8,0.61,0.6075,23.03834613,0.4262094033,94.71320074,2.050801773,0.02165275544,Sasanka Gylcerol and Oil 2,G_80% 37mm
glycerol,80,46,37,4.5,25,220.1,220,9,0.62,0.6075,23.03834613,0.4262094033,94.71320074,2.050801773,0.02165275544,Sasanka Gylcerol and Oil 2,G_80% 37mm
glycerol,80,46,37,4.5,25,220.1,220,10,0.62,0.6075,23.03834613,0.4262094033,94.71320074,2.050801773,0.02165275544,Sasanka Gylcerol and Oil 2,G_80% 37mm
glycerol,80,46,37,4.5,25,220.1,220,11,0.61,0.6075,23.03834613,0.4262094033,94.71320074,2.050801773,0.02165275544,Sasanka Gylcerol and Oil 2,G_80% 37mm
glycerol,80,46,37,4.5,25,220.1,220,12,0.61,0.6075,23.03834613,0.4262094033,94.71320074,2.050801773,0.02165275544,Sasanka Gylcerol and Oil 2,G_80% 37mm
glycerol,80,46,37,4.5,25,220.1,220,13,0.61,0.6075,23.03834613,0.4262094033,94.71320074,2.050801773,0.02165275544,Sasanka Gylcerol and Oil 2,G_80% 37mm
glycerol,80,46,37,4.5,25,220.1,220,14,0.61,0.6075,23.03834613,0.4262094033,94.71320074,2.050801773,0.02165275544,Sasanka Gylcerol and Oil 2,G_80% 37mm
glycerol,80,46,37,4.5,25,220.1,220,15,0.61,0.6075,23.03834613,0.4262094033,94.71320074,2.050801773,0.02165275544,Sasanka Gylcerol and Oil 2,G_80% 37mm
glycerol,80,46,37,4.5,25,220.1,220,16,0.61,0.6075,23.03834613,0.4262094033,94.71320074,2.050801773,0.02165275544,Sasanka Gylcerol and Oil 2,G_80% 37mm
glycerol,80,46,37,4.5,25,220.1,220,17,0.62,0.6075,23.03834613,0.4262094033,94.71320074,2.050801773,0.02165275544,Sasanka Gylcerol and Oil 2,G_80% 37mm
glycerol,80,46,37,4.5,25,220.1,220,18,0.61,0.6075,23.03834613,0.4262094033,94.71320074,2.050801773,0.02165275544,Sasanka Gylcerol and Oil 2,G_80% 37mm
glycerol,80,46,37,4.5,25,220.1,220,19,0.61,0.6075,23.03834613,0.4262094033,94.71320074,2.050801773,0.02165275544,Sasanka Gylcerol and Oil 2,G_80% 37mm
glycerol,80,46,37,4.5,25,220.1,220,20,0.61,0.6075,23.03834613,0.4262094033,94.71320074,2.050801773,0.02165275544,Sasanka Gylcerol and Oil 2,G_80% 37mm
glycerol,80,46,37,4.5,25,230.06,230,1,0.61,0.6365,24.08554368,0.445582558,99.01834623,2.148700129,0.02170002036,Sasanka Gylcerol and Oil 2,G_80% 37mm
glycerol,80,46,37,4.5,25,230.06,230,2,0.63,0.6365,24.08554368,0.445582558,99.01834623,2.148700129,0.02170002036,Sasanka Gylcerol and Oil 2,G_80% 37mm
glycerol,80,46,37,4.5,25,230.06,230,3,0.63,0.6365,24.08554368,0.445582558,99.01834623,2.148700129,0.02170002036,Sasanka Gylcerol and Oil 2,G_80% 37mm
glycerol,80,46,37,4.5,25,230.06,230,4,0.63,0.6365,24.08554368,0.445582558,99.01834623,2.148700129,0.02170002036,Sasanka Gylcerol and Oil 2,G_80% 37mm
glycerol,80,46,37,4.5,25,230.06,230,5,0.64,0.6365,24.08554368,0.445582558,99.01834623,2.148700129,0.02170002036,Sasanka Gylcerol and Oil 2,G_80% 37mm
glycerol,80,46,37,4.5,25,230.06,230,6,0.64,0.6365,24.08554368,0.445582558,99.01834623,2.148700129,0.02170002036,Sasanka Gylcerol and Oil 2,G_80% 37mm
glycerol,80,46,37,4.5,25,230.06,230,7,0.63,0.6365,24.08554368,0.445582558,99.01834623,2.148700129,0.02170002036,Sasanka Gylcerol and Oil 2,G_80% 37mm
glycerol,80,46,37,4.5,25,230.06,230,8,0.64,0.6365,24.08554368,0.445582558,99.01834623,2.148700129,0.02170002036,Sasanka Gylcerol and Oil 2,G_80% 37mm
glycerol,80,46,37,4.5,25,230.06,230,9,0.64,0.6365,24.08554368,0.445582558,99.01834623,2.148700129,0.02170002036,Sasanka Gylcerol and Oil 2,G_80% 37mm
glycerol,80,46,37,4.5,25,230.06,230,10,0.64,0.6365,24.08554368,0.445582558,99.01834623,2.148700129,0.02170002036,Sasanka Gylcerol and Oil 2,G_80% 37mm
glycerol,80,46,37,4.5,25,230.06,230,11,0.64,0.6365,24.08554368,0.445582558,99.01834623,2.148700129,0.02170002036,Sasanka Gylcerol and Oil 2,G_80% 37mm
glycerol,80,46,37,4.5,25,230.06,230,12,0.64,0.6365,24.08554368,0.445582558,99.01834623,2.148700129,0.02170002036,Sasanka Gylcerol and Oil 2,G_80% 37mm
glycerol,80,46,37,4.5,25,230.06,230,13,0.64,0.6365,24.08554368,0.445582558,99.01834623,2.148700129,0.02170002036,Sasanka Gylcerol and Oil 2,G_80% 37mm
glycerol,80,46,37,4.5,25,230.06,230,14,0.64,0.6365,24.08554368,0.445582558,99.01834623,2.148700129,0.02170002036,Sasanka Gylcerol and Oil 2,G_80% 37mm
glycerol,80,46,37,4.5,25,230.06,230,15,0.64,0.6365,24.08554368,0.445582558,99.01834623,2.148700129,0.02170002036,Sasanka Gylcerol and Oil 2,G_80% 37mm
glycerol,80,46,37,4.5,25,230.06,230,16,0.64,0.6365,24.08554368,0.445582558,99.01834623,2.148700129,0.02170002036,Sasanka Gylcerol and Oil 2,G_80% 37mm
glycerol,80,46,37,4.5,25,230.06,230,17,0.64,0.6365,24.08554368,0.445582558,99.01834623,2.148700129,0.02170002036,Sasanka Gylcerol and Oil 2,G_80% 37mm
glycerol,80,46,37,4.5,25,230.06,230,18,0.64,0.6365,24.08554368,0.445582558,99.01834623,2.148700129,0.02170002036,Sasanka Gylcerol and Oil 2,G_80% 37mm
glycerol,80,46,37,4.5,25,230.06,230,19,0.64,0.6365,24.08554368,0.445582558,99.01834623,2.148700129,0.02170002036,Sasanka Gylcerol and Oil 2,G_80% 37mm
glycerol,80,46,37,4.5,25,230.06,230,20,0.64,0.6365,24.08554368,0.445582558,99.01834623,2.148700129,0.02170002036,Sasanka Gylcerol and Oil 2,G_80% 37mm
glycerol,80,46,37,4.5,25,240,240,1,0.64,0.6615,25.13274123,0.4649557127,103.3234917,2.233095264,0.02161265775,Sasanka Gylcerol and Oil 2,G_80% 37mm
glycerol,80,46,37,4.5,25,240,240,2,0.65,0.6615,25.13274123,0.4649557127,103.3234917,2.233095264,0.02161265775,Sasanka Gylcerol and Oil 2,G_80% 37mm
glycerol,80,46,37,4.5,25,240,240,3,0.66,0.6615,25.13274123,0.4649557127,103.3234917,2.233095264,0.02161265775,Sasanka Gylcerol and Oil 2,G_80% 37mm
glycerol,80,46,37,4.5,25,240,240,4,0.67,0.6615,25.13274123,0.4649557127,103.3234917,2.233095264,0.02161265775,Sasanka Gylcerol and Oil 2,G_80% 37mm
glycerol,80,46,37,4.5,25,240,240,5,0.67,0.6615,25.13274123,0.4649557127,103.3234917,2.233095264,0.02161265775,Sasanka Gylcerol and Oil 2,G_80% 37mm
glycerol,80,46,37,4.5,25,240,240,6,0.66,0.6615,25.13274123,0.4649557127,103.3234917,2.233095264,0.02161265775,Sasanka Gylcerol and Oil 2,G_80% 37mm
glycerol,80,46,37,4.5,25,240,240,7,0.66,0.6615,25.13274123,0.4649557127,103.3234917,2.233095264,0.02161265775,Sasanka Gylcerol and Oil 2,G_80% 37mm
glycerol,80,46,37,4.5,25,240,240,8,0.66,0.6615,25.13274123,0.4649557127,103.3234917,2.233095264,0.02161265775,Sasanka Gylcerol and Oil 2,G_80% 37mm
glycerol,80,46,37,4.5,25,240,240,9,0.64,0.6615,25.13274123,0.4649557127,103.3234917,2.233095264,0.02161265775,Sasanka Gylcerol and Oil 2,G_80% 37mm
glycerol,80,46,37,4.5,25,240,240,10,0.66,0.6615,25.13274123,0.4649557127,103.3234917,2.233095264,0.02161265775,Sasanka Gylcerol and Oil 2,G_80% 37mm
glycerol,80,46,37,4.5,25,240,240,11,0.67,0.6615,25.13274123,0.4649557127,103.3234917,2.233095264,0.02161265775,Sasanka Gylcerol and Oil 2,G_80% 37mm
glycerol,80,46,37,4.5,25,240,240,12,0.67,0.6615,25.13274123,0.4649557127,103.3234917,2.233095264,0.02161265775,Sasanka Gylcerol and Oil 2,G_80% 37mm
glycerol,80,46,37,4.5,25,240,240,13,0.65,0.6615,25.13274123,0.4649557127,103.3234917,2.233095264,0.02161265775,Sasanka Gylcerol and Oil 2,G_80% 37mm
glycerol,80,46,37,4.5,25,240,240,14,0.67,0.6615,25.13274123,0.4649557127,103.3234917,2.233095264,0.02161265775,Sasanka Gylcerol and Oil 2,G_80% 37mm
glycerol,80,46,37,4.5,25,240,240,15,0.67,0.6615,25.13274123,0.4649557127,103.3234917,2.233095264,0.02161265775,Sasanka Gylcerol and Oil 2,G_80% 37mm
glycerol,80,46,37,4.5,25,240,240,16,0.67,0.6615,25.13274123,0.4649557127,103.3234917,2.233095264,0.02161265775,Sasanka Gylcerol and Oil 2,G_80% 37mm
glycerol,80,46,37,4.5,25,240,240,17,0.67,0.6615,25.13274123,0.4649557127,103.3234917,2.233095264,0.02161265775,Sasanka Gylcerol and Oil 2,G_80% 37mm
glycerol,80,46,37,4.5,25,240,240,18,0.66,0.6615,25.13274123,0.4649557127,103.3234917,2.233095264,0.02161265775,Sasanka Gylcerol and Oil 2,G_80% 37mm
glycerol,80,46,37,4.5,25,240,240,19,0.66,0.6615,25.13274123,0.4649557127,103.3234917,2.233095264,0.02161265775,Sasanka Gylcerol and Oil 2,G_80% 37mm
glycerol,80,46,37,4.5,25,240,240,20,0.67,0.6615,25.13274123,0.4649557127,103.3234917,2.233095264,0.02161265775,Sasanka Gylcerol and Oil 2,G_80% 37mm
glycerol,80,46,37,4.5,25,250,250,1,0.66,0.6485,26.17993878,0.4843288674,107.6286372,2.189209794,0.02034040243,Sasanka Gylcerol and Oil 2,G_80% 37mm
glycerol,80,46,37,4.5,25,250,250,2,0.64,0.6485,26.17993878,0.4843288674,107.6286372,2.189209794,0.02034040243,Sasanka Gylcerol and Oil 2,G_80% 37mm
glycerol,80,46,37,4.5,25,250,250,3,0.64,0.6485,26.17993878,0.4843288674,107.6286372,2.189209794,0.02034040243,Sasanka Gylcerol and Oil 2,G_80% 37mm
glycerol,80,46,37,4.5,25,250,250,4,0.64,0.6485,26.17993878,0.4843288674,107.6286372,2.189209794,0.02034040243,Sasanka Gylcerol and Oil 2,G_80% 37mm
glycerol,80,46,37,4.5,25,250,250,5,0.65,0.6485,26.17993878,0.4843288674,107.6286372,2.189209794,0.02034040243,Sasanka Gylcerol and Oil 2,G_80% 37mm
glycerol,80,46,37,4.5,25,250,250,6,0.65,0.6485,26.17993878,0.4843288674,107.6286372,2.189209794,0.02034040243,Sasanka Gylcerol and Oil 2,G_80% 37mm
glycerol,80,46,37,4.5,25,250,250,7,0.65,0.6485,26.17993878,0.4843288674,107.6286372,2.189209794,0.02034040243,Sasanka Gylcerol and Oil 2,G_80% 37mm
glycerol,80,46,37,4.5,25,250,250,8,0.65,0.6485,26.17993878,0.4843288674,107.6286372,2.189209794,0.02034040243,Sasanka Gylcerol and Oil 2,G_80% 37mm
glycerol,80,46,37,4.5,25,250,250,9,0.65,0.6485,26.17993878,0.4843288674,107.6286372,2.189209794,0.02034040243,Sasanka Gylcerol and Oil 2,G_80% 37mm
glycerol,80,46,37,4.5,25,250,250,10,0.65,0.6485,26.17993878,0.4843288674,107.6286372,2.189209794,0.02034040243,Sasanka Gylcerol and Oil 2,G_80% 37mm
glycerol,80,46,37,4.5,25,250,250,11,0.65,0.6485,26.17993878,0.4843288674,107.6286372,2.189209794,0.02034040243,Sasanka Gylcerol and Oil 2,G_80% 37mm
glycerol,80,46,37,4.5,25,250,250,12,0.65,0.6485,26.17993878,0.4843288674,107.6286372,2.189209794,0.02034040243,Sasanka Gylcerol and Oil 2,G_80% 37mm
glycerol,80,46,37,4.5,25,250,250,13,0.65,0.6485,26.17993878,0.4843288674,107.6286372,2.189209794,0.02034040243,Sasanka Gylcerol and Oil 2,G_80% 37mm
glycerol,80,46,37,4.5,25,250,250,14,0.65,0.6485,26.17993878,0.4843288674,107.6286372,2.189209794,0.02034040243,Sasanka Gylcerol and Oil 2,G_80% 37mm
glycerol,80,46,37,4.5,25,250,250,15,0.65,0.6485,26.17993878,0.4843288674,107.6286372,2.189209794,0.02034040243,Sasanka Gylcerol and Oil 2,G_80% 37mm
glycerol,80,46,37,4.5,25,250,250,16,0.65,0.6485,26.17993878,0.4843288674,107.6286372,2.189209794,0.02034040243,Sasanka Gylcerol and Oil 2,G_80% 37mm
glycerol,80,46,37,4.5,25,250,250,17,0.65,0.6485,26.17993878,0.4843288674,107.6286372,2.189209794,0.02034040243,Sasanka Gylcerol and Oil 2,G_80% 37mm
glycerol,80,46,37,4.5,25,250,250,18,0.65,0.6485,26.17993878,0.4843288674,107.6286372,2.189209794,0.02034040243,Sasanka Gylcerol and Oil 2,G_80% 37mm
glycerol,80,46,37,4.5,25,250,250,19,0.65,0.6485,26.17993878,0.4843288674,107.6286372,2.189209794,0.02034040243,Sasanka Gylcerol and Oil 2,G_80% 37mm
glycerol,80,46,37,4.5,25,250,250,20,0.64,0.6485,26.17993878,0.4843288674,107.6286372,2.189209794,0.02034040243,Sasanka Gylcerol and Oil 2,G_80% 37mm
glycerol,80,46,37,4.5,25,260.19,260,1,0.64,0.6685,27.22713633,0.5037020221,111.9337827,2.256725902,0.02016125827,Sasanka Gylcerol and Oil 2,G_80% 37mm
glycerol,80,46,37,4.5,25,260.19,260,2,0.66,0.6685,27.22713633,0.5037020221,111.9337827,2.256725902,0.02016125827,Sasanka Gylcerol and Oil 2,G_80% 37mm
glycerol,80,46,37,4.5,25,260.19,260,3,0.67,0.6685,27.22713633,0.5037020221,111.9337827,2.256725902,0.02016125827,Sasanka Gylcerol and Oil 2,G_80% 37mm
glycerol,80,46,37,4.5,25,260.19,260,4,0.67,0.6685,27.22713633,0.5037020221,111.9337827,2.256725902,0.02016125827,Sasanka Gylcerol and Oil 2,G_80% 37mm
glycerol,80,46,37,4.5,25,260.19,260,5,0.67,0.6685,27.22713633,0.5037020221,111.9337827,2.256725902,0.02016125827,Sasanka Gylcerol and Oil 2,G_80% 37mm
glycerol,80,46,37,4.5,25,260.19,260,6,0.67,0.6685,27.22713633,0.5037020221,111.9337827,2.256725902,0.02016125827,Sasanka Gylcerol and Oil 2,G_80% 37mm
glycerol,80,46,37,4.5,25,260.19,260,7,0.67,0.6685,27.22713633,0.5037020221,111.9337827,2.256725902,0.02016125827,Sasanka Gylcerol and Oil 2,G_80% 37mm
glycerol,80,46,37,4.5,25,260.19,260,8,0.67,0.6685,27.22713633,0.5037020221,111.9337827,2.256725902,0.02016125827,Sasanka Gylcerol and Oil 2,G_80% 37mm
glycerol,80,46,37,4.5,25,260.19,260,9,0.67,0.6685,27.22713633,0.5037020221,111.9337827,2.256725902,0.02016125827,Sasanka Gylcerol and Oil 2,G_80% 37mm
glycerol,80,46,37,4.5,25,260.19,260,10,0.67,0.6685,27.22713633,0.5037020221,111.9337827,2.256725902,0.02016125827,Sasanka Gylcerol and Oil 2,G_80% 37mm
glycerol,80,46,37,4.5,25,260.19,260,11,0.67,0.6685,27.22713633,0.5037020221,111.9337827,2.256725902,0.02016125827,Sasanka Gylcerol and Oil 2,G_80% 37mm
glycerol,80,46,37,4.5,25,260.19,260,12,0.67,0.6685,27.22713633,0.5037020221,111.9337827,2.256725902,0.02016125827,Sasanka Gylcerol and Oil 2,G_80% 37mm
glycerol,80,46,37,4.5,25,260.19,260,13,0.67,0.6685,27.22713633,0.5037020221,111.9337827,2.256725902,0.02016125827,Sasanka Gylcerol and Oil 2,G_80% 37mm
glycerol,80,46,37,4.5,25,260.19,260,14,0.68,0.6685,27.22713633,0.5037020221,111.9337827,2.256725902,0.02016125827,Sasanka Gylcerol and Oil 2,G_80% 37mm
glycerol,80,46,37,4.5,25,260.19,260,15,0.67,0.6685,27.22713633,0.5037020221,111.9337827,2.256725902,0.02016125827,Sasanka Gylcerol and Oil 2,G_80% 37mm
glycerol,80,46,37,4.5,25,260.19,260,16,0.67,0.6685,27.22713633,0.5037020221,111.9337827,2.256725902,0.02016125827,Sasanka Gylcerol and Oil 2,G_80% 37mm
glycerol,80,46,37,4.5,25,260.19,260,17,0.67,0.6685,27.22713633,0.5037020221,111.9337827,2.256725902,0.02016125827,Sasanka Gylcerol and Oil 2,G_80% 37mm
glycerol,80,46,37,4.5,25,260.19,260,18,0.67,0.6685,27.22713633,0.5037020221,111.9337827,2.256725902,0.02016125827,Sasanka Gylcerol and Oil 2,G_80% 37mm
glycerol,80,46,37,4.5,25,260.19,260,19,0.67,0.6685,27.22713633,0.5037020221,111.9337827,2.256725902,0.02016125827,Sasanka Gylcerol and Oil 2,G_80% 37mm
glycerol,80,46,37,4.5,25,260.19,260,20,0.67,0.6685,27.22713633,0.5037020221,111.9337827,2.256725902,0.02016125827,Sasanka Gylcerol and Oil 2,G_80% 37mm
glycerol,80,46,37,4.5,25,270.03,270,1,0.67,0.6425,28.27433388,0.5230751768,116.2389282,2.168954961,0.01865945424,Sasanka Gylcerol and Oil 2,G_80% 37mm
glycerol,80,46,37,4.5,25,270.03,270,2,0.69,0.6425,28.27433388,0.5230751768,116.2389282,2.168954961,0.01865945424,Sasanka Gylcerol and Oil 2,G_80% 37mm
glycerol,80,46,37,4.5,25,270.03,270,3,0.7,0.6425,28.27433388,0.5230751768,116.2389282,2.168954961,0.01865945424,Sasanka Gylcerol and Oil 2,G_80% 37mm
glycerol,80,46,37,4.5,25,270.03,270,4,0.69,0.6425,28.27433388,0.5230751768,116.2389282,2.168954961,0.01865945424,Sasanka Gylcerol and Oil 2,G_80% 37mm
glycerol,80,46,37,4.5,25,270.03,270,5,0.69,0.6425,28.27433388,0.5230751768,116.2389282,2.168954961,0.01865945424,Sasanka Gylcerol and Oil 2,G_80% 37mm
glycerol,80,46,37,4.5,25,270.03,270,6,0.7,0.6425,28.27433388,0.5230751768,116.2389282,2.168954961,0.01865945424,Sasanka Gylcerol and Oil 2,G_80% 37mm
glycerol,80,46,37,4.5,25,270.03,270,7,0.68,0.6425,28.27433388,0.5230751768,116.2389282,2.168954961,0.01865945424,Sasanka Gylcerol and Oil 2,G_80% 37mm
glycerol,80,46,37,4.5,25,270.03,270,8,0.61,0.6425,28.27433388,0.5230751768,116.2389282,2.168954961,0.01865945424,Sasanka Gylcerol and Oil 2,G_80% 37mm
glycerol,80,46,37,4.5,25,270.03,270,9,0.6,0.6425,28.27433388,0.5230751768,116.2389282,2.168954961,0.01865945424,Sasanka Gylcerol and Oil 2,G_80% 37mm
glycerol,80,46,37,4.5,25,270.03,270,10,0.62,0.6425,28.27433388,0.5230751768,116.2389282,2.168954961,0.01865945424,Sasanka Gylcerol and Oil 2,G_80% 37mm
glycerol,80,46,37,4.5,25,270.03,270,11,0.62,0.6425,28.27433388,0.5230751768,116.2389282,2.168954961,0.01865945424,Sasanka Gylcerol and Oil 2,G_80% 37mm
glycerol,80,46,37,4.5,25,270.03,270,12,0.62,0.6425,28.27433388,0.5230751768,116.2389282,2.168954961,0.01865945424,Sasanka Gylcerol and Oil 2,G_80% 37mm
glycerol,80,46,37,4.5,25,270.03,270,13,0.62,0.6425,28.27433388,0.5230751768,116.2389282,2.168954961,0.01865945424,Sasanka Gylcerol and Oil 2,G_80% 37mm
glycerol,80,46,37,4.5,25,270.03,270,14,0.62,0.6425,28.27433388,0.5230751768,116.2389282,2.168954961,0.01865945424,Sasanka Gylcerol and Oil 2,G_80% 37mm
glycerol,80,46,37,4.5,25,270.03,270,15,0.61,0.6425,28.27433388,0.5230751768,116.2389282,2.168954961,0.01865945424,Sasanka Gylcerol and Oil 2,G_80% 37mm
glycerol,80,46,37,4.5,25,270.03,270,16,0.62,0.6425,28.27433388,0.5230751768,116.2389282,2.168954961,0.01865945424,Sasanka Gylcerol and Oil 2,G_80% 37mm
glycerol,80,46,37,4.5,25,270.03,270,17,0.62,0.6425,28.27433388,0.5230751768,116.2389282,2.168954961,0.01865945424,Sasanka Gylcerol and Oil 2,G_80% 37mm
glycerol,80,46,37,4.5,25,270.03,270,18,0.62,0.6425,28.27433388,0.5230751768,116.2389282,2.168954961,0.01865945424,Sasanka Gylcerol and Oil 2,G_80% 37mm
glycerol,80,46,37,4.5,25,270.03,270,19,0.62,0.6425,28.27433388,0.5230751768,116.2389282,2.168954961,0.01865945424,Sasanka Gylcerol and Oil 2,G_80% 37mm
glycerol,80,46,37,4.5,25,270.03,270,20,0.63,0.6425,28.27433388,0.5230751768,116.2389282,2.168954961,0.01865945424,Sasanka Gylcerol and Oil 2,G_80% 37mm
glycerol,80,46,37,4.5,25,280.11,280,1,0.63,0.6545,29.32153143,0.5424483315,120.5440737,2.209464626,0.01832910204,Sasanka Gylcerol and Oil 2,G_80% 37mm
glycerol,80,46,37,4.5,25,280.11,280,2,0.65,0.6545,29.32153143,0.5424483315,120.5440737,2.209464626,0.01832910204,Sasanka Gylcerol and Oil 2,G_80% 37mm
glycerol,80,46,37,4.5,25,280.11,280,3,0.65,0.6545,29.32153143,0.5424483315,120.5440737,2.209464626,0.01832910204,Sasanka Gylcerol and Oil 2,G_80% 37mm
glycerol,80,46,37,4.5,25,280.11,280,4,0.65,0.6545,29.32153143,0.5424483315,120.5440737,2.209464626,0.01832910204,Sasanka Gylcerol and Oil 2,G_80% 37mm
glycerol,80,46,37,4.5,25,280.11,280,5,0.65,0.6545,29.32153143,0.5424483315,120.5440737,2.209464626,0.01832910204,Sasanka Gylcerol and Oil 2,G_80% 37mm
glycerol,80,46,37,4.5,25,280.11,280,6,0.66,0.6545,29.32153143,0.5424483315,120.5440737,2.209464626,0.01832910204,Sasanka Gylcerol and Oil 2,G_80% 37mm
glycerol,80,46,37,4.5,25,280.11,280,7,0.66,0.6545,29.32153143,0.5424483315,120.5440737,2.209464626,0.01832910204,Sasanka Gylcerol and Oil 2,G_80% 37mm
glycerol,80,46,37,4.5,25,280.11,280,8,0.66,0.6545,29.32153143,0.5424483315,120.5440737,2.209464626,0.01832910204,Sasanka Gylcerol and Oil 2,G_80% 37mm
glycerol,80,46,37,4.5,25,280.11,280,9,0.66,0.6545,29.32153143,0.5424483315,120.5440737,2.209464626,0.01832910204,Sasanka Gylcerol and Oil 2,G_80% 37mm
glycerol,80,46,37,4.5,25,280.11,280,10,0.66,0.6545,29.32153143,0.5424483315,120.5440737,2.209464626,0.01832910204,Sasanka Gylcerol and Oil 2,G_80% 37mm
glycerol,80,46,37,4.5,25,280.11,280,11,0.65,0.6545,29.32153143,0.5424483315,120.5440737,2.209464626,0.01832910204,Sasanka Gylcerol and Oil 2,G_80% 37mm
glycerol,80,46,37,4.5,25,280.11,280,12,0.65,0.6545,29.32153143,0.5424483315,120.5440737,2.209464626,0.01832910204,Sasanka Gylcerol and Oil 2,G_80% 37mm
glycerol,80,46,37,4.5,25,280.11,280,13,0.66,0.6545,29.32153143,0.5424483315,120.5440737,2.209464626,0.01832910204,Sasanka Gylcerol and Oil 2,G_80% 37mm
glycerol,80,46,37,4.5,25,280.11,280,14,0.66,0.6545,29.32153143,0.5424483315,120.5440737,2.209464626,0.01832910204,Sasanka Gylcerol and Oil 2,G_80% 37mm
glycerol,80,46,37,4.5,25,280.11,280,15,0.66,0.6545,29.32153143,0.5424483315,120.5440737,2.209464626,0.01832910204,Sasanka Gylcerol and Oil 2,G_80% 37mm
glycerol,80,46,37,4.5,25,280.11,280,16,0.65,0.6545,29.32153143,0.5424483315,120.5440737,2.209464626,0.01832910204,Sasanka Gylcerol and Oil 2,G_80% 37mm
glycerol,80,46,37,4.5,25,280.11,280,17,0.65,0.6545,29.32153143,0.5424483315,120.5440737,2.209464626,0.01832910204,Sasanka Gylcerol and Oil 2,G_80% 37mm
glycerol,80,46,37,4.5,25,280.11,280,18,0.65,0.6545,29.32153143,0.5424483315,120.5440737,2.209464626,0.01832910204,Sasanka Gylcerol and Oil 2,G_80% 37mm
glycerol,80,46,37,4.5,25,280.11,280,19,0.66,0.6545,29.32153143,0.5424483315,120.5440737,2.209464626,0.01832910204,Sasanka Gylcerol and Oil 2,G_80% 37mm
glycerol,80,46,37,4.5,25,280.11,280,20,0.67,0.6545,29.32153143,0.5424483315,120.5440737,2.209464626,0.01832910204,Sasanka Gylcerol and Oil 2,G_80% 37mm
glycerol,80,46,37,4.5,25,290.14,290,1,0.67,0.688,30.36872898,0.5618214862,124.8492192,2.322554107,0.01860287251,Sasanka Gylcerol and Oil 2,G_80% 37mm
glycerol,80,46,37,4.5,25,290.14,290,2,0.68,0.688,30.36872898,0.5618214862,124.8492192,2.322554107,0.01860287251,Sasanka Gylcerol and Oil 2,G_80% 37mm
glycerol,80,46,37,4.5,25,290.14,290,3,0.68,0.688,30.36872898,0.5618214862,124.8492192,2.322554107,0.01860287251,Sasanka Gylcerol and Oil 2,G_80% 37mm
glycerol,80,46,37,4.5,25,290.14,290,4,0.69,0.688,30.36872898,0.5618214862,124.8492192,2.322554107,0.01860287251,Sasanka Gylcerol and Oil 2,G_80% 37mm
glycerol,80,46,37,4.5,25,290.14,290,5,0.69,0.688,30.36872898,0.5618214862,124.8492192,2.322554107,0.01860287251,Sasanka Gylcerol and Oil 2,G_80% 37mm
glycerol,80,46,37,4.5,25,290.14,290,6,0.69,0.688,30.36872898,0.5618214862,124.8492192,2.322554107,0.01860287251,Sasanka Gylcerol and Oil 2,G_80% 37mm
glycerol,80,46,37,4.5,25,290.14,290,7,0.69,0.688,30.36872898,0.5618214862,124.8492192,2.322554107,0.01860287251,Sasanka Gylcerol and Oil 2,G_80% 37mm
glycerol,80,46,37,4.5,25,290.14,290,8,0.69,0.688,30.36872898,0.5618214862,124.8492192,2.322554107,0.01860287251,Sasanka Gylcerol and Oil 2,G_80% 37mm
glycerol,80,46,37,4.5,25,290.14,290,9,0.69,0.688,30.36872898,0.5618214862,124.8492192,2.322554107,0.01860287251,Sasanka Gylcerol and Oil 2,G_80% 37mm
glycerol,80,46,37,4.5,25,290.14,290,10,0.69,0.688,30.36872898,0.5618214862,124.8492192,2.322554107,0.01860287251,Sasanka Gylcerol and Oil 2,G_80% 37mm
glycerol,80,46,37,4.5,25,290.14,290,11,0.69,0.688,30.36872898,0.5618214862,124.8492192,2.322554107,0.01860287251,Sasanka Gylcerol and Oil 2,G_80% 37mm
glycerol,80,46,37,4.5,25,290.14,290,12,0.69,0.688,30.36872898,0.5618214862,124.8492192,2.322554107,0.01860287251,Sasanka Gylcerol and Oil 2,G_80% 37mm
glycerol,80,46,37,4.5,25,290.14,290,13,0.69,0.688,30.36872898,0.5618214862,124.8492192,2.322554107,0.01860287251,Sasanka Gylcerol and Oil 2,G_80% 37mm
glycerol,80,46,37,4.5,25,290.14,290,14,0.69,0.688,30.36872898,0.5618214862,124.8492192,2.322554107,0.01860287251,Sasanka Gylcerol and Oil 2,G_80% 37mm
glycerol,80,46,37,4.5,25,290.14,290,15,0.69,0.688,30.36872898,0.5618214862,124.8492192,2.322554107,0.01860287251,Sasanka Gylcerol and Oil 2,G_80% 37mm
glycerol,80,46,37,4.5,25,290.14,290,16,0.69,0.688,30.36872898,0.5618214862,124.8492192,2.322554107,0.01860287251,Sasanka Gylcerol and Oil 2,G_80% 37mm
glycerol,80,46,37,4.5,25,290.14,290,17,0.69,0.688,30.36872898,0.5618214862,124.8492192,2.322554107,0.01860287251,Sasanka Gylcerol and Oil 2,G_80% 37mm
glycerol,80,46,37,4.5,25,290.14,290,18,0.7,0.688,30.36872898,0.5618214862,124.8492192,2.322554107,0.01860287251,Sasanka Gylcerol and Oil 2,G_80% 37mm
glycerol,80,46,37,4.5,25,290.14,290,19,0.69,0.688,30.36872898,0.5618214862,124.8492192,2.322554107,0.01860287251,Sasanka Gylcerol and Oil 2,G_80% 37mm
glycerol,80,46,37,4.5,25,290.14,290,20,0.68,0.688,30.36872898,0.5618214862,124.8492192,2.322554107,0.01860287251,Sasanka Gylcerol and Oil 2,G_80% 37mm
glycerol,80,46,37,4.5,25,300,300,1,0.69,0.709,31.41592654,0.5811946409,129.1543646,2.39344602,0.01853166965,Sasanka Gylcerol and Oil 2,G_80% 37mm
glycerol,80,46,37,4.5,25,300,300,2,0.7,0.709,31.41592654,0.5811946409,129.1543646,2.39344602,0.01853166965,Sasanka Gylcerol and Oil 2,G_80% 37mm
glycerol,80,46,37,4.5,25,300,300,3,0.71,0.709,31.41592654,0.5811946409,129.1543646,2.39344602,0.01853166965,Sasanka Gylcerol and Oil 2,G_80% 37mm
glycerol,80,46,37,4.5,25,300,300,4,0.71,0.709,31.41592654,0.5811946409,129.1543646,2.39344602,0.01853166965,Sasanka Gylcerol and Oil 2,G_80% 37mm
glycerol,80,46,37,4.5,25,300,300,5,0.71,0.709,31.41592654,0.5811946409,129.1543646,2.39344602,0.01853166965,Sasanka Gylcerol and Oil 2,G_80% 37mm
glycerol,80,46,37,4.5,25,300,300,6,0.72,0.709,31.41592654,0.5811946409,129.1543646,2.39344602,0.01853166965,Sasanka Gylcerol and Oil 2,G_80% 37mm
glycerol,80,46,37,4.5,25,300,300,7,0.71,0.709,31.41592654,0.5811946409,129.1543646,2.39344602,0.01853166965,Sasanka Gylcerol and Oil 2,G_80% 37mm
glycerol,80,46,37,4.5,25,300,300,8,0.71,0.709,31.41592654,0.5811946409,129.1543646,2.39344602,0.01853166965,Sasanka Gylcerol and Oil 2,G_80% 37mm
glycerol,80,46,37,4.5,25,300,300,9,0.71,0.709,31.41592654,0.5811946409,129.1543646,2.39344602,0.01853166965,Sasanka Gylcerol and Oil 2,G_80% 37mm
glycerol,80,46,37,4.5,25,300,300,10,0.71,0.709,31.41592654,0.5811946409,129.1543646,2.39344602,0.01853166965,Sasanka Gylcerol and Oil 2,G_80% 37mm
glycerol,80,46,37,4.5,25,300,300,11,0.71,0.709,31.41592654,0.5811946409,129.1543646,2.39344602,0.01853166965,Sasanka Gylcerol and Oil 2,G_80% 37mm
glycerol,80,46,37,4.5,25,300,300,12,0.71,0.709,31.41592654,0.5811946409,129.1543646,2.39344602,0.01853166965,Sasanka Gylcerol and Oil 2,G_80% 37mm
glycerol,80,46,37,4.5,25,300,300,13,0.71,0.709,31.41592654,0.5811946409,129.1543646,2.39344602,0.01853166965,Sasanka Gylcerol and Oil 2,G_80% 37mm
glycerol,80,46,37,4.5,25,300,300,14,0.71,0.709,31.41592654,0.5811946409,129.1543646,2.39344602,0.01853166965,Sasanka Gylcerol and Oil 2,G_80% 37mm
glycerol,80,46,37,4.5,25,300,300,15,0.71,0.709,31.41592654,0.5811946409,129.1543646,2.39344602,0.01853166965,Sasanka Gylcerol and Oil 2,G_80% 37mm
glycerol,80,46,37,4.5,25,300,300,16,0.71,0.709,31.41592654,0.5811946409,129.1543646,2.39344602,0.01853166965,Sasanka Gylcerol and Oil 2,G_80% 37mm
glycerol,80,46,37,4.5,25,300,300,17,0.7,0.709,31.41592654,0.5811946409,129.1543646,2.39344602,0.01853166965,Sasanka Gylcerol and Oil 2,G_80% 37mm
glycerol,80,46,37,4.5,25,300,300,18,0.71,0.709,31.41592654,0.5811946409,129.1543646,2.39344602,0.01853166965,Sasanka Gylcerol and Oil 2,G_80% 37mm
glycerol,80,46,37,4.5,25,300,300,19,0.72,0.709,31.41592654,0.5811946409,129.1543646,2.39344602,0.01853166965,Sasanka Gylcerol and Oil 2,G_80% 37mm
glycerol,80,46,37,4.5,25,300,300,20,0.71,0.709,31.41592654,0.5811946409,129.1543646,2.39344602,0.01853166965,Sasanka Gylcerol and Oil 2,G_80% 37mm
glycerol,80,46,37,4.5,25,310.24,310,1,0.71,0.734,32.46312409,0.6005677956,133.4595101,2.477841154,0.01856623894,Sasanka Gylcerol and Oil 2,G_80% 37mm
glycerol,80,46,37,4.5,25,310.24,310,2,0.73,0.734,32.46312409,0.6005677956,133.4595101,2.477841154,0.01856623894,Sasanka Gylcerol and Oil 2,G_80% 37mm
glycerol,80,46,37,4.5,25,310.24,310,3,0.73,0.734,32.46312409,0.6005677956,133.4595101,2.477841154,0.01856623894,Sasanka Gylcerol and Oil 2,G_80% 37mm
glycerol,80,46,37,4.5,25,310.24,310,4,0.73,0.734,32.46312409,0.6005677956,133.4595101,2.477841154,0.01856623894,Sasanka Gylcerol and Oil 2,G_80% 37mm
glycerol,80,46,37,4.5,25,310.24,310,5,0.72,0.734,32.46312409,0.6005677956,133.4595101,2.477841154,0.01856623894,Sasanka Gylcerol and Oil 2,G_80% 37mm
glycerol,80,46,37,4.5,25,310.24,310,6,0.73,0.734,32.46312409,0.6005677956,133.4595101,2.477841154,0.01856623894,Sasanka Gylcerol and Oil 2,G_80% 37mm
glycerol,80,46,37,4.5,25,310.24,310,7,0.74,0.734,32.46312409,0.6005677956,133.4595101,2.477841154,0.01856623894,Sasanka Gylcerol and Oil 2,G_80% 37mm
glycerol,80,46,37,4.5,25,310.24,310,8,0.74,0.734,32.46312409,0.6005677956,133.4595101,2.477841154,0.01856623894,Sasanka Gylcerol and Oil 2,G_80% 37mm
glycerol,80,46,37,4.5,25,310.24,310,9,0.74,0.734,32.46312409,0.6005677956,133.4595101,2.477841154,0.01856623894,Sasanka Gylcerol and Oil 2,G_80% 37mm
glycerol,80,46,37,4.5,25,310.24,310,10,0.74,0.734,32.46312409,0.6005677956,133.4595101,2.477841154,0.01856623894,Sasanka Gylcerol and Oil 2,G_80% 37mm
glycerol,80,46,37,4.5,25,310.24,310,11,0.74,0.734,32.46312409,0.6005677956,133.4595101,2.477841154,0.01856623894,Sasanka Gylcerol and Oil 2,G_80% 37mm
glycerol,80,46,37,4.5,25,310.24,310,12,0.74,0.734,32.46312409,0.6005677956,133.4595101,2.477841154,0.01856623894,Sasanka Gylcerol and Oil 2,G_80% 37mm
glycerol,80,46,37,4.5,25,310.24,310,13,0.74,0.734,32.46312409,0.6005677956,133.4595101,2.477841154,0.01856623894,Sasanka Gylcerol and Oil 2,G_80% 37mm
glycerol,80,46,37,4.5,25,310.24,310,14,0.74,0.734,32.46312409,0.6005677956,133.4595101,2.477841154,0.01856623894,Sasanka Gylcerol and Oil 2,G_80% 37mm
glycerol,80,46,37,4.5,25,310.24,310,15,0.74,0.734,32.46312409,0.6005677956,133.4595101,2.477841154,0.01856623894,Sasanka Gylcerol and Oil 2,G_80% 37mm
glycerol,80,46,37,4.5,25,310.24,310,16,0.74,0.734,32.46312409,0.6005677956,133.4595101,2.477841154,0.01856623894,Sasanka Gylcerol and Oil 2,G_80% 37mm
glycerol,80,46,37,4.5,25,310.24,310,17,0.73,0.734,32.46312409,0.6005677956,133.4595101,2.477841154,0.01856623894,Sasanka Gylcerol and Oil 2,G_80% 37mm
glycerol,80,46,37,4.5,25,310.24,310,18,0.74,0.734,32.46312409,0.6005677956,133.4595101,2.477841154,0.01856623894,Sasanka Gylcerol and Oil 2,G_80% 37mm
glycerol,80,46,37,4.5,25,310.24,310,19,0.73,0.734,32.46312409,0.6005677956,133.4595101,2.477841154,0.01856623894,Sasanka Gylcerol and Oil 2,G_80% 37mm
glycerol,80,46,37,4.5,25,310.24,310,20,0.73,0.734,32.46312409,0.6005677956,133.4595101,2.477841154,0.01856623894,Sasanka Gylcerol and Oil 2,G_80% 37mm
glycerol,80,46,37,4.5,25,320.17,320,1,0.74,0.774,33.51032164,0.6199409503,137.7646556,2.61287337,0.01896620986,Sasanka Gylcerol and Oil 2,G_80% 37mm
glycerol,80,46,37,4.5,25,320.17,320,2,0.76,0.774,33.51032164,0.6199409503,137.7646556,2.61287337,0.01896620986,Sasanka Gylcerol and Oil 2,G_80% 37mm
glycerol,80,46,37,4.5,25,320.17,320,3,0.77,0.774,33.51032164,0.6199409503,137.7646556,2.61287337,0.01896620986,Sasanka Gylcerol and Oil 2,G_80% 37mm
glycerol,80,46,37,4.5,25,320.17,320,4,0.78,0.774,33.51032164,0.6199409503,137.7646556,2.61287337,0.01896620986,Sasanka Gylcerol and Oil 2,G_80% 37mm
glycerol,80,46,37,4.5,25,320.17,320,5,0.78,0.774,33.51032164,0.6199409503,137.7646556,2.61287337,0.01896620986,Sasanka Gylcerol and Oil 2,G_80% 37mm
glycerol,80,46,37,4.5,25,320.17,320,6,0.78,0.774,33.51032164,0.6199409503,137.7646556,2.61287337,0.01896620986,Sasanka Gylcerol and Oil 2,G_80% 37mm
glycerol,80,46,37,4.5,25,320.17,320,7,0.77,0.774,33.51032164,0.6199409503,137.7646556,2.61287337,0.01896620986,Sasanka Gylcerol and Oil 2,G_80% 37mm
glycerol,80,46,37,4.5,25,320.17,320,8,0.77,0.774,33.51032164,0.6199409503,137.7646556,2.61287337,0.01896620986,Sasanka Gylcerol and Oil 2,G_80% 37mm
glycerol,80,46,37,4.5,25,320.17,320,9,0.77,0.774,33.51032164,0.6199409503,137.7646556,2.61287337,0.01896620986,Sasanka Gylcerol and Oil 2,G_80% 37mm
glycerol,80,46,37,4.5,25,320.17,320,10,0.78,0.774,33.51032164,0.6199409503,137.7646556,2.61287337,0.01896620986,Sasanka Gylcerol and Oil 2,G_80% 37mm
glycerol,80,46,37,4.5,25,320.17,320,11,0.77,0.774,33.51032164,0.6199409503,137.7646556,2.61287337,0.01896620986,Sasanka Gylcerol and Oil 2,G_80% 37mm
glycerol,80,46,37,4.5,25,320.17,320,12,0.77,0.774,33.51032164,0.6199409503,137.7646556,2.61287337,0.01896620986,Sasanka Gylcerol and Oil 2,G_80% 37mm
glycerol,80,46,37,4.5,25,320.17,320,13,0.78,0.774,33.51032164,0.6199409503,137.7646556,2.61287337,0.01896620986,Sasanka Gylcerol and Oil 2,G_80% 37mm
glycerol,80,46,37,4.5,25,320.17,320,14,0.78,0.774,33.51032164,0.6199409503,137.7646556,2.61287337,0.01896620986,Sasanka Gylcerol and Oil 2,G_80% 37mm
glycerol,80,46,37,4.5,25,320.17,320,15,0.78,0.774,33.51032164,0.6199409503,137.7646556,2.61287337,0.01896620986,Sasanka Gylcerol and Oil 2,G_80% 37mm
glycerol,80,46,37,4.5,25,320.17,320,16,0.78,0.774,33.51032164,0.6199409503,137.7646556,2.61287337,0.01896620986,Sasanka Gylcerol and Oil 2,G_80% 37mm
glycerol,80,46,37,4.5,25,320.17,320,17,0.78,0.774,33.51032164,0.6199409503,137.7646556,2.61287337,0.01896620986,Sasanka Gylcerol and Oil 2,G_80% 37mm
glycerol,80,46,37,4.5,25,320.17,320,18,0.78,0.774,33.51032164,0.6199409503,137.7646556,2.61287337,0.01896620986,Sasanka Gylcerol and Oil 2,G_80% 37mm
glycerol,80,46,37,4.5,25,320.17,320,19,0.78,0.774,33.51032164,0.6199409503,137.7646556,2.61287337,0.01896620986,Sasanka Gylcerol and Oil 2,G_80% 37mm
glycerol,80,46,37,4.5,25,320.17,320,20,0.78,0.774,33.51032164,0.6199409503,137.7646556,2.61287337,0.01896620986,Sasanka Gylcerol and Oil 2,G_80% 37mm
glycerol,80,46,37,4.5,25,330.03,330,1,0.78,0.793,34.55751919,0.639314105,142.0698011,2.677013672,0.01884294658,Sasanka Gylcerol and Oil 2,G_80% 37mm
glycerol,80,46,37,4.5,25,330.03,330,2,0.79,0.793,34.55751919,0.639314105,142.0698011,2.677013672,0.01884294658,Sasanka Gylcerol and Oil 2,G_80% 37mm
glycerol,80,46,37,4.5,25,330.03,330,3,0.79,0.793,34.55751919,0.639314105,142.0698011,2.677013672,0.01884294658,Sasanka Gylcerol and Oil 2,G_80% 37mm
glycerol,80,46,37,4.5,25,330.03,330,4,0.78,0.793,34.55751919,0.639314105,142.0698011,2.677013672,0.01884294658,Sasanka Gylcerol and Oil 2,G_80% 37mm
glycerol,80,46,37,4.5,25,330.03,330,5,0.79,0.793,34.55751919,0.639314105,142.0698011,2.677013672,0.01884294658,Sasanka Gylcerol and Oil 2,G_80% 37mm
glycerol,80,46,37,4.5,25,330.03,330,6,0.8,0.793,34.55751919,0.639314105,142.0698011,2.677013672,0.01884294658,Sasanka Gylcerol and Oil 2,G_80% 37mm
glycerol,80,46,37,4.5,25,330.03,330,7,0.81,0.793,34.55751919,0.639314105,142.0698011,2.677013672,0.01884294658,Sasanka Gylcerol and Oil 2,G_80% 37mm
glycerol,80,46,37,4.5,25,330.03,330,8,0.8,0.793,34.55751919,0.639314105,142.0698011,2.677013672,0.01884294658,Sasanka Gylcerol and Oil 2,G_80% 37mm
glycerol,80,46,37,4.5,25,330.03,330,9,0.8,0.793,34.55751919,0.639314105,142.0698011,2.677013672,0.01884294658,Sasanka Gylcerol and Oil 2,G_80% 37mm
glycerol,80,46,37,4.5,25,330.03,330,10,0.8,0.793,34.55751919,0.639314105,142.0698011,2.677013672,0.01884294658,Sasanka Gylcerol and Oil 2,G_80% 37mm
glycerol,80,46,37,4.5,25,330.03,330,11,0.8,0.793,34.55751919,0.639314105,142.0698011,2.677013672,0.01884294658,Sasanka Gylcerol and Oil 2,G_80% 37mm
glycerol,80,46,37,4.5,25,330.03,330,12,0.79,0.793,34.55751919,0.639314105,142.0698011,2.677013672,0.01884294658,Sasanka Gylcerol and Oil 2,G_80% 37mm
glycerol,80,46,37,4.5,25,330.03,330,13,0.79,0.793,34.55751919,0.639314105,142.0698011,2.677013672,0.01884294658,Sasanka Gylcerol and Oil 2,G_80% 37mm
glycerol,80,46,37,4.5,25,330.03,330,14,0.8,0.793,34.55751919,0.639314105,142.0698011,2.677013672,0.01884294658,Sasanka Gylcerol and Oil 2,G_80% 37mm
glycerol,80,46,37,4.5,25,330.03,330,15,0.8,0.793,34.55751919,0.639314105,142.0698011,2.677013672,0.01884294658,Sasanka Gylcerol and Oil 2,G_80% 37mm
glycerol,80,46,37,4.5,25,330.03,330,16,0.79,0.793,34.55751919,0.639314105,142.0698011,2.677013672,0.01884294658,Sasanka Gylcerol and Oil 2,G_80% 37mm
glycerol,80,46,37,4.5,25,330.03,330,17,0.78,0.793,34.55751919,0.639314105,142.0698011,2.677013672,0.01884294658,Sasanka Gylcerol and Oil 2,G_80% 37mm
glycerol,80,46,37,4.5,25,330.03,330,18,0.78,0.793,34.55751919,0.639314105,142.0698011,2.677013672,0.01884294658,Sasanka Gylcerol and Oil 2,G_80% 37mm
glycerol,80,46,37,4.5,25,330.03,330,19,0.79,0.793,34.55751919,0.639314105,142.0698011,2.677013672,0.01884294658,Sasanka Gylcerol and Oil 2,G_80% 37mm
glycerol,80,46,37,4.5,25,330.03,330,20,0.8,0.793,34.55751919,0.639314105,142.0698011,2.677013672,0.01884294658,Sasanka Gylcerol and Oil 2,G_80% 37mm
glycerol,80,46,37,4.5,25,340.14,340,1,0.8,0.8065,35.60471674,0.6586872597,146.3749466,2.722587045,0.01860008907,Sasanka Gylcerol and Oil 2,G_80% 37mm
glycerol,80,46,37,4.5,25,340.14,340,2,0.8,0.8065,35.60471674,0.6586872597,146.3749466,2.722587045,0.01860008907,Sasanka Gylcerol and Oil 2,G_80% 37mm
glycerol,80,46,37,4.5,25,340.14,340,3,0.8,0.8065,35.60471674,0.6586872597,146.3749466,2.722587045,0.01860008907,Sasanka Gylcerol and Oil 2,G_80% 37mm
glycerol,80,46,37,4.5,25,340.14,340,4,0.8,0.8065,35.60471674,0.6586872597,146.3749466,2.722587045,0.01860008907,Sasanka Gylcerol and Oil 2,G_80% 37mm
glycerol,80,46,37,4.5,25,340.14,340,5,0.8,0.8065,35.60471674,0.6586872597,146.3749466,2.722587045,0.01860008907,Sasanka Gylcerol and Oil 2,G_80% 37mm
glycerol,80,46,37,4.5,25,340.14,340,6,0.81,0.8065,35.60471674,0.6586872597,146.3749466,2.722587045,0.01860008907,Sasanka Gylcerol and Oil 2,G_80% 37mm
glycerol,80,46,37,4.5,25,340.14,340,7,0.81,0.8065,35.60471674,0.6586872597,146.3749466,2.722587045,0.01860008907,Sasanka Gylcerol and Oil 2,G_80% 37mm
glycerol,80,46,37,4.5,25,340.14,340,8,0.81,0.8065,35.60471674,0.6586872597,146.3749466,2.722587045,0.01860008907,Sasanka Gylcerol and Oil 2,G_80% 37mm
glycerol,80,46,37,4.5,25,340.14,340,9,0.81,0.8065,35.60471674,0.6586872597,146.3749466,2.722587045,0.01860008907,Sasanka Gylcerol and Oil 2,G_80% 37mm
glycerol,80,46,37,4.5,25,340.14,340,10,0.81,0.8065,35.60471674,0.6586872597,146.3749466,2.722587045,0.01860008907,Sasanka Gylcerol and Oil 2,G_80% 37mm
glycerol,80,46,37,4.5,25,340.14,340,11,0.81,0.8065,35.60471674,0.6586872597,146.3749466,2.722587045,0.01860008907,Sasanka Gylcerol and Oil 2,G_80% 37mm
glycerol,80,46,37,4.5,25,340.14,340,12,0.81,0.8065,35.60471674,0.6586872597,146.3749466,2.722587045,0.01860008907,Sasanka Gylcerol and Oil 2,G_80% 37mm
glycerol,80,46,37,4.5,25,340.14,340,13,0.81,0.8065,35.60471674,0.6586872597,146.3749466,2.722587045,0.01860008907,Sasanka Gylcerol and Oil 2,G_80% 37mm
glycerol,80,46,37,4.5,25,340.14,340,14,0.81,0.8065,35.60471674,0.6586872597,146.3749466,2.722587045,0.01860008907,Sasanka Gylcerol and Oil 2,G_80% 37mm
glycerol,80,46,37,4.5,25,340.14,340,15,0.81,0.8065,35.60471674,0.6586872597,146.3749466,2.722587045,0.01860008907,Sasanka Gylcerol and Oil 2,G_80% 37mm
glycerol,80,46,37,4.5,25,340.14,340,16,0.81,0.8065,35.60471674,0.6586872597,146.3749466,2.722587045,0.01860008907,Sasanka Gylcerol and Oil 2,G_80% 37mm
glycerol,80,46,37,4.5,25,340.14,340,17,0.81,0.8065,35.60471674,0.6586872597,146.3749466,2.722587045,0.01860008907,Sasanka Gylcerol and Oil 2,G_80% 37mm
glycerol,80,46,37,4.5,25,340.14,340,18,0.81,0.8065,35.60471674,0.6586872597,146.3749466,2.722587045,0.01860008907,Sasanka Gylcerol and Oil 2,G_80% 37mm
glycerol,80,46,37,4.5,25,340.14,340,19,0.8,0.8065,35.60471674,0.6586872597,146.3749466,2.722587045,0.01860008907,Sasanka Gylcerol and Oil 2,G_80% 37mm
glycerol,80,46,37,4.5,25,340.14,340,20,0.8,0.8065,35.60471674,0.6586872597,146.3749466,2.722587045,0.01860008907,Sasanka Gylcerol and Oil 2,G_80% 37mm
glycerol,80,46,37,4.5,25,350.06,350,1,0.81,0.8355,36.65191429,0.6780604144,150.6800921,2.820485401,0.01871836792,Sasanka Gylcerol and Oil 2,G_80% 37mm
glycerol,80,46,37,4.5,25,350.06,350,2,0.82,0.8355,36.65191429,0.6780604144,150.6800921,2.820485401,0.01871836792,Sasanka Gylcerol and Oil 2,G_80% 37mm
glycerol,80,46,37,4.5,25,350.06,350,3,0.83,0.8355,36.65191429,0.6780604144,150.6800921,2.820485401,0.01871836792,Sasanka Gylcerol and Oil 2,G_80% 37mm
glycerol,80,46,37,4.5,25,350.06,350,4,0.83,0.8355,36.65191429,0.6780604144,150.6800921,2.820485401,0.01871836792,Sasanka Gylcerol and Oil 2,G_80% 37mm
glycerol,80,46,37,4.5,25,350.06,350,5,0.83,0.8355,36.65191429,0.6780604144,150.6800921,2.820485401,0.01871836792,Sasanka Gylcerol and Oil 2,G_80% 37mm
glycerol,80,46,37,4.5,25,350.06,350,6,0.84,0.8355,36.65191429,0.6780604144,150.6800921,2.820485401,0.01871836792,Sasanka Gylcerol and Oil 2,G_80% 37mm
glycerol,80,46,37,4.5,25,350.06,350,7,0.84,0.8355,36.65191429,0.6780604144,150.6800921,2.820485401,0.01871836792,Sasanka Gylcerol and Oil 2,G_80% 37mm
glycerol,80,46,37,4.5,25,350.06,350,8,0.84,0.8355,36.65191429,0.6780604144,150.6800921,2.820485401,0.01871836792,Sasanka Gylcerol and Oil 2,G_80% 37mm
glycerol,80,46,37,4.5,25,350.06,350,9,0.84,0.8355,36.65191429,0.6780604144,150.6800921,2.820485401,0.01871836792,Sasanka Gylcerol and Oil 2,G_80% 37mm
glycerol,80,46,37,4.5,25,350.06,350,10,0.84,0.8355,36.65191429,0.6780604144,150.6800921,2.820485401,0.01871836792,Sasanka Gylcerol and Oil 2,G_80% 37mm
glycerol,80,46,37,4.5,25,350.06,350,11,0.84,0.8355,36.65191429,0.6780604144,150.6800921,2.820485401,0.01871836792,Sasanka Gylcerol and Oil 2,G_80% 37mm
glycerol,80,46,37,4.5,25,350.06,350,12,0.84,0.8355,36.65191429,0.6780604144,150.6800921,2.820485401,0.01871836792,Sasanka Gylcerol and Oil 2,G_80% 37mm
glycerol,80,46,37,4.5,25,350.06,350,13,0.84,0.8355,36.65191429,0.6780604144,150.6800921,2.820485401,0.01871836792,Sasanka Gylcerol and Oil 2,G_80% 37mm
glycerol,80,46,37,4.5,25,350.06,350,14,0.84,0.8355,36.65191429,0.6780604144,150.6800921,2.820485401,0.01871836792,Sasanka Gylcerol and Oil 2,G_80% 37mm
glycerol,80,46,37,4.5,25,350.06,350,15,0.84,0.8355,36.65191429,0.6780604144,150.6800921,2.820485401,0.01871836792,Sasanka Gylcerol and Oil 2,G_80% 37mm
glycerol,80,46,37,4.5,25,350.06,350,16,0.84,0.8355,36.65191429,0.6780604144,150.6800921,2.820485401,0.01871836792,Sasanka Gylcerol and Oil 2,G_80% 37mm
glycerol,80,46,37,4.5,25,350.06,350,17,0.84,0.8355,36.65191429,0.6780604144,150.6800921,2.820485401,0.01871836792,Sasanka Gylcerol and Oil 2,G_80% 37mm
glycerol,80,46,37,4.5,25,350.06,350,18,0.84,0.8355,36.65191429,0.6780604144,150.6800921,2.820485401,0.01871836792,Sasanka Gylcerol and Oil 2,G_80% 37mm
glycerol,80,46,37,4.5,25,350.06,350,19,0.83,0.8355,36.65191429,0.6780604144,150.6800921,2.820485401,0.01871836792,Sasanka Gylcerol and Oil 2,G_80% 37mm
glycerol,80,46,37,4.5,25,350.06,350,20,0.84,0.8355,36.65191429,0.6780604144,150.6800921,2.820485401,0.01871836792,Sasanka Gylcerol and Oil 2,G_80% 37mm
glycerol,80,46,37,4.5,25,360.14,360,1,0.84,0.8615,37.69911184,0.6974335691,154.9852376,2.908256341,0.01876473132,Sasanka Gylcerol and Oil 2,G_80% 37mm
glycerol,80,46,37,4.5,25,360.14,360,2,0.85,0.8615,37.69911184,0.6974335691,154.9852376,2.908256341,0.01876473132,Sasanka Gylcerol and Oil 2,G_80% 37mm
glycerol,80,46,37,4.5,25,360.14,360,3,0.86,0.8615,37.69911184,0.6974335691,154.9852376,2.908256341,0.01876473132,Sasanka Gylcerol and Oil 2,G_80% 37mm
glycerol,80,46,37,4.5,25,360.14,360,4,0.86,0.8615,37.69911184,0.6974335691,154.9852376,2.908256341,0.01876473132,Sasanka Gylcerol and Oil 2,G_80% 37mm
glycerol,80,46,37,4.5,25,360.14,360,5,0.86,0.8615,37.69911184,0.6974335691,154.9852376,2.908256341,0.01876473132,Sasanka Gylcerol and Oil 2,G_80% 37mm
glycerol,80,46,37,4.5,25,360.14,360,6,0.86,0.8615,37.69911184,0.6974335691,154.9852376,2.908256341,0.01876473132,Sasanka Gylcerol and Oil 2,G_80% 37mm
glycerol,80,46,37,4.5,25,360.14,360,7,0.86,0.8615,37.69911184,0.6974335691,154.9852376,2.908256341,0.01876473132,Sasanka Gylcerol and Oil 2,G_80% 37mm
glycerol,80,46,37,4.5,25,360.14,360,8,0.86,0.8615,37.69911184,0.6974335691,154.9852376,2.908256341,0.01876473132,Sasanka Gylcerol and Oil 2,G_80% 37mm
glycerol,80,46,37,4.5,25,360.14,360,9,0.86,0.8615,37.69911184,0.6974335691,154.9852376,2.908256341,0.01876473132,Sasanka Gylcerol and Oil 2,G_80% 37mm
glycerol,80,46,37,4.5,25,360.14,360,10,0.86,0.8615,37.69911184,0.6974335691,154.9852376,2.908256341,0.01876473132,Sasanka Gylcerol and Oil 2,G_80% 37mm
glycerol,80,46,37,4.5,25,360.14,360,11,0.86,0.8615,37.69911184,0.6974335691,154.9852376,2.908256341,0.01876473132,Sasanka Gylcerol and Oil 2,G_80% 37mm
glycerol,80,46,37,4.5,25,360.14,360,12,0.86,0.8615,37.69911184,0.6974335691,154.9852376,2.908256341,0.01876473132,Sasanka Gylcerol and Oil 2,G_80% 37mm
glycerol,80,46,37,4.5,25,360.14,360,13,0.86,0.8615,37.69911184,0.6974335691,154.9852376,2.908256341,0.01876473132,Sasanka Gylcerol and Oil 2,G_80% 37mm
glycerol,80,46,37,4.5,25,360.14,360,14,0.87,0.8615,37.69911184,0.6974335691,154.9852376,2.908256341,0.01876473132,Sasanka Gylcerol and Oil 2,G_80% 37mm
glycerol,80,46,37,4.5,25,360.14,360,15,0.87,0.8615,37.69911184,0.6974335691,154.9852376,2.908256341,0.01876473132,Sasanka Gylcerol and Oil 2,G_80% 37mm
glycerol,80,46,37,4.5,25,360.14,360,16,0.87,0.8615,37.69911184,0.6974335691,154.9852376,2.908256341,0.01876473132,Sasanka Gylcerol and Oil 2,G_80% 37mm
glycerol,80,46,37,4.5,25,360.14,360,17,0.87,0.8615,37.69911184,0.6974335691,154.9852376,2.908256341,0.01876473132,Sasanka Gylcerol and Oil 2,G_80% 37mm
glycerol,80,46,37,4.5,25,360.14,360,18,0.87,0.8615,37.69911184,0.6974335691,154.9852376,2.908256341,0.01876473132,Sasanka Gylcerol and Oil 2,G_80% 37mm
glycerol,80,46,37,4.5,25,360.14,360,19,0.87,0.8615,37.69911184,0.6974335691,154.9852376,2.908256341,0.01876473132,Sasanka Gylcerol and Oil 2,G_80% 37mm
glycerol,80,46,37,4.5,25,360.14,360,20,0.86,0.8615,37.69911184,0.6974335691,154.9852376,2.908256341,0.01876473132,Sasanka Gylcerol and Oil 2,G_80% 37mm
glycerol,80,46,37,4.5,25,370.37,370,1,0.87,0.886,38.74630939,0.7168067238,159.2903831,2.990963573,0.01877679943,Sasanka Gylcerol and Oil 2,G_80% 37mm
glycerol,80,46,37,4.5,25,370.37,370,2,0.89,0.886,38.74630939,0.7168067238,159.2903831,2.990963573,0.01877679943,Sasanka Gylcerol and Oil 2,G_80% 37mm
glycerol,80,46,37,4.5,25,370.37,370,3,0.89,0.886,38.74630939,0.7168067238,159.2903831,2.990963573,0.01877679943,Sasanka Gylcerol and Oil 2,G_80% 37mm
glycerol,80,46,37,4.5,25,370.37,370,4,0.89,0.886,38.74630939,0.7168067238,159.2903831,2.990963573,0.01877679943,Sasanka Gylcerol and Oil 2,G_80% 37mm
glycerol,80,46,37,4.5,25,370.37,370,5,0.88,0.886,38.74630939,0.7168067238,159.2903831,2.990963573,0.01877679943,Sasanka Gylcerol and Oil 2,G_80% 37mm
glycerol,80,46,37,4.5,25,370.37,370,6,0.89,0.886,38.74630939,0.7168067238,159.2903831,2.990963573,0.01877679943,Sasanka Gylcerol and Oil 2,G_80% 37mm
glycerol,80,46,37,4.5,25,370.37,370,7,0.89,0.886,38.74630939,0.7168067238,159.2903831,2.990963573,0.01877679943,Sasanka Gylcerol and Oil 2,G_80% 37mm
glycerol,80,46,37,4.5,25,370.37,370,8,0.88,0.886,38.74630939,0.7168067238,159.2903831,2.990963573,0.01877679943,Sasanka Gylcerol and Oil 2,G_80% 37mm
glycerol,80,46,37,4.5,25,370.37,370,9,0.88,0.886,38.74630939,0.7168067238,159.2903831,2.990963573,0.01877679943,Sasanka Gylcerol and Oil 2,G_80% 37mm
glycerol,80,46,37,4.5,25,370.37,370,10,0.87,0.886,38.74630939,0.7168067238,159.2903831,2.990963573,0.01877679943,Sasanka Gylcerol and Oil 2,G_80% 37mm
glycerol,80,46,37,4.5,25,370.37,370,11,0.88,0.886,38.74630939,0.7168067238,159.2903831,2.990963573,0.01877679943,Sasanka Gylcerol and Oil 2,G_80% 37mm
glycerol,80,46,37,4.5,25,370.37,370,12,0.89,0.886,38.74630939,0.7168067238,159.2903831,2.990963573,0.01877679943,Sasanka Gylcerol and Oil 2,G_80% 37mm
glycerol,80,46,37,4.5,25,370.37,370,13,0.89,0.886,38.74630939,0.7168067238,159.2903831,2.990963573,0.01877679943,Sasanka Gylcerol and Oil 2,G_80% 37mm
glycerol,80,46,37,4.5,25,370.37,370,14,0.89,0.886,38.74630939,0.7168067238,159.2903831,2.990963573,0.01877679943,Sasanka Gylcerol and Oil 2,G_80% 37mm
glycerol,80,46,37,4.5,25,370.37,370,15,0.89,0.886,38.74630939,0.7168067238,159.2903831,2.990963573,0.01877679943,Sasanka Gylcerol and Oil 2,G_80% 37mm
glycerol,80,46,37,4.5,25,370.37,370,16,0.89,0.886,38.74630939,0.7168067238,159.2903831,2.990963573,0.01877679943,Sasanka Gylcerol and Oil 2,G_80% 37mm
glycerol,80,46,37,4.5,25,370.37,370,17,0.89,0.886,38.74630939,0.7168067238,159.2903831,2.990963573,0.01877679943,Sasanka Gylcerol and Oil 2,G_80% 37mm
glycerol,80,46,37,4.5,25,370.37,370,18,0.89,0.886,38.74630939,0.7168067238,159.2903831,2.990963573,0.01877679943,Sasanka Gylcerol and Oil 2,G_80% 37mm
glycerol,80,46,37,4.5,25,370.37,370,19,0.89,0.886,38.74630939,0.7168067238,159.2903831,2.990963573,0.01877679943,Sasanka Gylcerol and Oil 2,G_80% 37mm
glycerol,80,46,37,4.5,25,370.37,370,20,0.89,0.886,38.74630939,0.7168067238,159.2903831,2.990963573,0.01877679943,Sasanka Gylcerol and Oil 2,G_80% 37mm
glycerol,80,46,37,4.5,25,380.23,380,1,0.9,0.931,39.79350695,0.7361798785,163.5955286,3.142874816,0.01921125133,Sasanka Gylcerol and Oil 2,G_80% 37mm
glycerol,80,46,37,4.5,25,380.23,380,2,0.93,0.931,39.79350695,0.7361798785,163.5955286,3.142874816,0.01921125133,Sasanka Gylcerol and Oil 2,G_80% 37mm
glycerol,80,46,37,4.5,25,380.23,380,3,0.94,0.931,39.79350695,0.7361798785,163.5955286,3.142874816,0.01921125133,Sasanka Gylcerol and Oil 2,G_80% 37mm
glycerol,80,46,37,4.5,25,380.23,380,4,0.93,0.931,39.79350695,0.7361798785,163.5955286,3.142874816,0.01921125133,Sasanka Gylcerol and Oil 2,G_80% 37mm
glycerol,80,46,37,4.5,25,380.23,380,5,0.93,0.931,39.79350695,0.7361798785,163.5955286,3.142874816,0.01921125133,Sasanka Gylcerol and Oil 2,G_80% 37mm
glycerol,80,46,37,4.5,25,380.23,380,6,0.94,0.931,39.79350695,0.7361798785,163.5955286,3.142874816,0.01921125133,Sasanka Gylcerol and Oil 2,G_80% 37mm
glycerol,80,46,37,4.5,25,380.23,380,7,0.94,0.931,39.79350695,0.7361798785,163.5955286,3.142874816,0.01921125133,Sasanka Gylcerol and Oil 2,G_80% 37mm
glycerol,80,46,37,4.5,25,380.23,380,8,0.93,0.931,39.79350695,0.7361798785,163.5955286,3.142874816,0.01921125133,Sasanka Gylcerol and Oil 2,G_80% 37mm
glycerol,80,46,37,4.5,25,380.23,380,9,0.92,0.931,39.79350695,0.7361798785,163.5955286,3.142874816,0.01921125133,Sasanka Gylcerol and Oil 2,G_80% 37mm
glycerol,80,46,37,4.5,25,380.23,380,10,0.92,0.931,39.79350695,0.7361798785,163.5955286,3.142874816,0.01921125133,Sasanka Gylcerol and Oil 2,G_80% 37mm
glycerol,80,46,37,4.5,25,380.23,380,11,0.92,0.931,39.79350695,0.7361798785,163.5955286,3.142874816,0.01921125133,Sasanka Gylcerol and Oil 2,G_80% 37mm
glycerol,80,46,37,4.5,25,380.23,380,12,0.92,0.931,39.79350695,0.7361798785,163.5955286,3.142874816,0.01921125133,Sasanka Gylcerol and Oil 2,G_80% 37mm
glycerol,80,46,37,4.5,25,380.23,380,13,0.93,0.931,39.79350695,0.7361798785,163.5955286,3.142874816,0.01921125133,Sasanka Gylcerol and Oil 2,G_80% 37mm
glycerol,80,46,37,4.5,25,380.23,380,14,0.93,0.931,39.79350695,0.7361798785,163.5955286,3.142874816,0.01921125133,Sasanka Gylcerol and Oil 2,G_80% 37mm
glycerol,80,46,37,4.5,25,380.23,380,15,0.93,0.931,39.79350695,0.7361798785,163.5955286,3.142874816,0.01921125133,Sasanka Gylcerol and Oil 2,G_80% 37mm
glycerol,80,46,37,4.5,25,380.23,380,16,0.93,0.931,39.79350695,0.7361798785,163.5955286,3.142874816,0.01921125133,Sasanka Gylcerol and Oil 2,G_80% 37mm
glycerol,80,46,37,4.5,25,380.23,380,17,0.94,0.931,39.79350695,0.7361798785,163.5955286,3.142874816,0.01921125133,Sasanka Gylcerol and Oil 2,G_80% 37mm
glycerol,80,46,37,4.5,25,380.23,380,18,0.94,0.931,39.79350695,0.7361798785,163.5955286,3.142874816,0.01921125133,Sasanka Gylcerol and Oil 2,G_80% 37mm
glycerol,80,46,37,4.5,25,380.23,380,19,0.95,0.931,39.79350695,0.7361798785,163.5955286,3.142874816,0.01921125133,Sasanka Gylcerol and Oil 2,G_80% 37mm
glycerol,80,46,37,4.5,25,380.23,380,20,0.95,0.931,39.79350695,0.7361798785,163.5955286,3.142874816,0.01921125133,Sasanka Gylcerol and Oil 2,G_80% 37mm
glycerol,80,46,37,4.5,25,390.12,390,1,0.98,0.965,40.8407045,0.7555530332,167.900674,3.257652199,0.01940225802,Sasanka Gylcerol and Oil 2,G_80% 37mm
glycerol,80,46,37,4.5,25,390.12,390,2,1.01,0.965,40.8407045,0.7555530332,167.900674,3.257652199,0.01940225802,Sasanka Gylcerol and Oil 2,G_80% 37mm
glycerol,80,46,37,4.5,25,390.12,390,3,1,0.965,40.8407045,0.7555530332,167.900674,3.257652199,0.01940225802,Sasanka Gylcerol and Oil 2,G_80% 37mm
glycerol,80,46,37,4.5,25,390.12,390,4,0.98,0.965,40.8407045,0.7555530332,167.900674,3.257652199,0.01940225802,Sasanka Gylcerol and Oil 2,G_80% 37mm
glycerol,80,46,37,4.5,25,390.12,390,5,0.94,0.965,40.8407045,0.7555530332,167.900674,3.257652199,0.01940225802,Sasanka Gylcerol and Oil 2,G_80% 37mm
glycerol,80,46,37,4.5,25,390.12,390,6,0.95,0.965,40.8407045,0.7555530332,167.900674,3.257652199,0.01940225802,Sasanka Gylcerol and Oil 2,G_80% 37mm
glycerol,80,46,37,4.5,25,390.12,390,7,0.97,0.965,40.8407045,0.7555530332,167.900674,3.257652199,0.01940225802,Sasanka Gylcerol and Oil 2,G_80% 37mm
glycerol,80,46,37,4.5,25,390.12,390,8,0.97,0.965,40.8407045,0.7555530332,167.900674,3.257652199,0.01940225802,Sasanka Gylcerol and Oil 2,G_80% 37mm
glycerol,80,46,37,4.5,25,390.12,390,9,0.96,0.965,40.8407045,0.7555530332,167.900674,3.257652199,0.01940225802,Sasanka Gylcerol and Oil 2,G_80% 37mm
glycerol,80,46,37,4.5,25,390.12,390,10,0.94,0.965,40.8407045,0.7555530332,167.900674,3.257652199,0.01940225802,Sasanka Gylcerol and Oil 2,G_80% 37mm
glycerol,80,46,37,4.5,25,390.12,390,11,0.94,0.965,40.8407045,0.7555530332,167.900674,3.257652199,0.01940225802,Sasanka Gylcerol and Oil 2,G_80% 37mm
glycerol,80,46,37,4.5,25,390.12,390,12,0.94,0.965,40.8407045,0.7555530332,167.900674,3.257652199,0.01940225802,Sasanka Gylcerol and Oil 2,G_80% 37mm
glycerol,80,46,37,4.5,25,390.12,390,13,0.95,0.965,40.8407045,0.7555530332,167.900674,3.257652199,0.01940225802,Sasanka Gylcerol and Oil 2,G_80% 37mm
glycerol,80,46,37,4.5,25,390.12,390,14,0.96,0.965,40.8407045,0.7555530332,167.900674,3.257652199,0.01940225802,Sasanka Gylcerol and Oil 2,G_80% 37mm
glycerol,80,46,37,4.5,25,390.12,390,15,0.98,0.965,40.8407045,0.7555530332,167.900674,3.257652199,0.01940225802,Sasanka Gylcerol and Oil 2,G_80% 37mm
glycerol,80,46,37,4.5,25,390.12,390,16,0.98,0.965,40.8407045,0.7555530332,167.900674,3.257652199,0.01940225802,Sasanka Gylcerol and Oil 2,G_80% 37mm
glycerol,80,46,37,4.5,25,390.12,390,17,0.97,0.965,40.8407045,0.7555530332,167.900674,3.257652199,0.01940225802,Sasanka Gylcerol and Oil 2,G_80% 37mm
glycerol,80,46,37,4.5,25,390.12,390,18,0.96,0.965,40.8407045,0.7555530332,167.900674,3.257652199,0.01940225802,Sasanka Gylcerol and Oil 2,G_80% 37mm
glycerol,80,46,37,4.5,25,390.12,390,19,0.96,0.965,40.8407045,0.7555530332,167.900674,3.257652199,0.01940225802,Sasanka Gylcerol and Oil 2,G_80% 37mm
glycerol,80,46,37,4.5,25,390.12,390,20,0.96,0.965,40.8407045,0.7555530332,167.900674,3.257652199,0.01940225802,Sasanka Gylcerol and Oil 2,G_80% 37mm
glycerol,80,46,37,4.5,25,400,400,1,0.97,0.981,41.88790205,0.7749261879,172.2058195,3.311665085,0.01923085465,Sasanka Gylcerol and Oil 2,G_80% 37mm
glycerol,80,46,37,4.5,25,400,400,2,0.98,0.981,41.88790205,0.7749261879,172.2058195,3.311665085,0.01923085465,Sasanka Gylcerol and Oil 2,G_80% 37mm
glycerol,80,46,37,4.5,25,400,400,3,0.98,0.981,41.88790205,0.7749261879,172.2058195,3.311665085,0.01923085465,Sasanka Gylcerol and Oil 2,G_80% 37mm
glycerol,80,46,37,4.5,25,400,400,4,0.99,0.981,41.88790205,0.7749261879,172.2058195,3.311665085,0.01923085465,Sasanka Gylcerol and Oil 2,G_80% 37mm
glycerol,80,46,37,4.5,25,400,400,5,0.98,0.981,41.88790205,0.7749261879,172.2058195,3.311665085,0.01923085465,Sasanka Gylcerol and Oil 2,G_80% 37mm
glycerol,80,46,37,4.5,25,400,400,6,0.99,0.981,41.88790205,0.7749261879,172.2058195,3.311665085,0.01923085465,Sasanka Gylcerol and Oil 2,G_80% 37mm
glycerol,80,46,37,4.5,25,400,400,7,0.98,0.981,41.88790205,0.7749261879,172.2058195,3.311665085,0.01923085465,Sasanka Gylcerol and Oil 2,G_80% 37mm
glycerol,80,46,37,4.5,25,400,400,8,0.99,0.981,41.88790205,0.7749261879,172.2058195,3.311665085,0.01923085465,Sasanka Gylcerol and Oil 2,G_80% 37mm
glycerol,80,46,37,4.5,25,400,400,9,0.98,0.981,41.88790205,0.7749261879,172.2058195,3.311665085,0.01923085465,Sasanka Gylcerol and Oil 2,G_80% 37mm
glycerol,80,46,37,4.5,25,400,400,10,0.98,0.981,41.88790205,0.7749261879,172.2058195,3.311665085,0.01923085465,Sasanka Gylcerol and Oil 2,G_80% 37mm
glycerol,80,46,37,4.5,25,400,400,11,0.99,0.981,41.88790205,0.7749261879,172.2058195,3.311665085,0.01923085465,Sasanka Gylcerol and Oil 2,G_80% 37mm
glycerol,80,46,37,4.5,25,400,400,12,0.99,0.981,41.88790205,0.7749261879,172.2058195,3.311665085,0.01923085465,Sasanka Gylcerol and Oil 2,G_80% 37mm
glycerol,80,46,37,4.5,25,400,400,13,0.98,0.981,41.88790205,0.7749261879,172.2058195,3.311665085,0.01923085465,Sasanka Gylcerol and Oil 2,G_80% 37mm
glycerol,80,46,37,4.5,25,400,400,14,0.98,0.981,41.88790205,0.7749261879,172.2058195,3.311665085,0.01923085465,Sasanka Gylcerol and Oil 2,G_80% 37mm
glycerol,80,46,37,4.5,25,400,400,15,0.97,0.981,41.88790205,0.7749261879,172.2058195,3.311665085,0.01923085465,Sasanka Gylcerol and Oil 2,G_80% 37mm
glycerol,80,46,37,4.5,25,400,400,16,0.98,0.981,41.88790205,0.7749261879,172.2058195,3.311665085,0.01923085465,Sasanka Gylcerol and Oil 2,G_80% 37mm
glycerol,80,46,37,4.5,25,400,400,17,0.98,0.981,41.88790205,0.7749261879,172.2058195,3.311665085,0.01923085465,Sasanka Gylcerol and Oil 2,G_80% 37mm
glycerol,80,46,37,4.5,25,400,400,18,0.98,0.981,41.88790205,0.7749261879,172.2058195,3.311665085,0.01923085465,Sasanka Gylcerol and Oil 2,G_80% 37mm
glycerol,80,46,37,4.5,25,400,400,19,0.97,0.981,41.88790205,0.7749261879,172.2058195,3.311665085,0.01923085465,Sasanka Gylcerol and Oil 2,G_80% 37mm
glycerol,80,46,37,4.5,25,400,400,20,0.98,0.981,41.88790205,0.7749261879,172.2058195,3.311665085,0.01923085465,Sasanka Gylcerol and Oil 2,G_80% 37mm
glycerol,80,46,34,6,25,120,120,1,0,0.000625,12.56637061,0.2136283004,35.60471674,0.002296044105,6.448707687e-05,Sasanka Gylcerol and Oil 2,G_80% 34mm
glycerol,80,46,34,6,25,120,120,2,0,0.000625,12.56637061,0.2136283004,35.60471674,0.002296044105,6.448707687e-05,Sasanka Gylcerol and Oil 2,G_80% 34mm
glycerol,80,46,34,6,25,120,120,3,0,0.000625,12.56637061,0.2136283004,35.60471674,0.002296044105,6.448707687e-05,Sasanka Gylcerol and Oil 2,G_80% 34mm
glycerol,80,46,34,6,25,120,120,4,0,0.000625,12.56637061,0.2136283004,35.60471674,0.002296044105,6.448707687e-05,Sasanka Gylcerol and Oil 2,G_80% 34mm
glycerol,80,46,34,6,25,120,120,5,0,0.000625,12.56637061,0.2136283004,35.60471674,0.002296044105,6.448707687e-05,Sasanka Gylcerol and Oil 2,G_80% 34mm
glycerol,80,46,34,6,25,120,120,6,0,0.000625,12.56637061,0.2136283004,35.60471674,0.002296044105,6.448707687e-05,Sasanka Gylcerol and Oil 2,G_80% 34mm
glycerol,80,46,34,6,25,120,120,7,0,0.000625,12.56637061,0.2136283004,35.60471674,0.002296044105,6.448707687e-05,Sasanka Gylcerol and Oil 2,G_80% 34mm
glycerol,80,46,34,6,25,120,120,8,0,0.000625,12.56637061,0.2136283004,35.60471674,0.002296044105,6.448707687e-05,Sasanka Gylcerol and Oil 2,G_80% 34mm
glycerol,80,46,34,6,25,120,120,9,0,0.000625,12.56637061,0.2136283004,35.60471674,0.002296044105,6.448707687e-05,Sasanka Gylcerol and Oil 2,G_80% 34mm
glycerol,80,46,34,6,25,120,120,10,0,0.000625,12.56637061,0.2136283004,35.60471674,0.002296044105,6.448707687e-05,Sasanka Gylcerol and Oil 2,G_80% 34mm
glycerol,80,46,34,6,25,120,120,11,0,0.000625,12.56637061,0.2136283004,35.60471674,0.002296044105,6.448707687e-05,Sasanka Gylcerol and Oil 2,G_80% 34mm
glycerol,80,46,34,6,25,120,120,12,0,0.000625,12.56637061,0.2136283004,35.60471674,0.002296044105,6.448707687e-05,Sasanka Gylcerol and Oil 2,G_80% 34mm
glycerol,80,46,34,6,25,120,120,13,0,0.000625,12.56637061,0.2136283004,35.60471674,0.002296044105,6.448707687e-05,Sasanka Gylcerol and Oil 2,G_80% 34mm
glycerol,80,46,34,6,25,120,120,14,0,0.000625,12.56637061,0.2136283004,35.60471674,0.002296044105,6.448707687e-05,Sasanka Gylcerol and Oil 2,G_80% 34mm
glycerol,80,46,34,6,25,120,120,15,0,0.000625,12.56637061,0.2136283004,35.60471674,0.002296044105,6.448707687e-05,Sasanka Gylcerol and Oil 2,G_80% 34mm
glycerol,80,46,34,6,25,120,120,16,0.01,0.000625,12.56637061,0.2136283004,35.60471674,0.002296044105,6.448707687e-05,Sasanka Gylcerol and Oil 2,G_80% 34mm
glycerol,80,46,34,6,25,130.04,130,1,0.01,0.01,13.61356817,0.2314306588,38.57177647,0.03673670569,0.00095242452,Sasanka Gylcerol and Oil 2,G_80% 34mm
glycerol,80,46,34,6,25,130.04,130,2,0.01,0.01,13.61356817,0.2314306588,38.57177647,0.03673670569,0.00095242452,Sasanka Gylcerol and Oil 2,G_80% 34mm
glycerol,80,46,34,6,25,130.04,130,3,0.01,0.01,13.61356817,0.2314306588,38.57177647,0.03673670569,0.00095242452,Sasanka Gylcerol and Oil 2,G_80% 34mm
glycerol,80,46,34,6,25,130.04,130,4,0.01,0.01,13.61356817,0.2314306588,38.57177647,0.03673670569,0.00095242452,Sasanka Gylcerol and Oil 2,G_80% 34mm
glycerol,80,46,34,6,25,130.04,130,5,0.01,0.01,13.61356817,0.2314306588,38.57177647,0.03673670569,0.00095242452,Sasanka Gylcerol and Oil 2,G_80% 34mm
glycerol,80,46,34,6,25,130.04,130,6,0.01,0.01,13.61356817,0.2314306588,38.57177647,0.03673670569,0.00095242452,Sasanka Gylcerol and Oil 2,G_80% 34mm
glycerol,80,46,34,6,25,130.04,130,7,0.01,0.01,13.61356817,0.2314306588,38.57177647,0.03673670569,0.00095242452,Sasanka Gylcerol and Oil 2,G_80% 34mm
glycerol,80,46,34,6,25,130.04,130,8,0.01,0.01,13.61356817,0.2314306588,38.57177647,0.03673670569,0.00095242452,Sasanka Gylcerol and Oil 2,G_80% 34mm
glycerol,80,46,34,6,25,130.04,130,9,0.01,0.01,13.61356817,0.2314306588,38.57177647,0.03673670569,0.00095242452,Sasanka Gylcerol and Oil 2,G_80% 34mm
glycerol,80,46,34,6,25,130.04,130,10,0.01,0.01,13.61356817,0.2314306588,38.57177647,0.03673670569,0.00095242452,Sasanka Gylcerol and Oil 2,G_80% 34mm
glycerol,80,46,34,6,25,130.04,130,11,0.01,0.01,13.61356817,0.2314306588,38.57177647,0.03673670569,0.00095242452,Sasanka Gylcerol and Oil 2,G_80% 34mm
glycerol,80,46,34,6,25,130.04,130,12,0.01,0.01,13.61356817,0.2314306588,38.57177647,0.03673670569,0.00095242452,Sasanka Gylcerol and Oil 2,G_80% 34mm
glycerol,80,46,34,6,25,130.04,130,13,0.01,0.01,13.61356817,0.2314306588,38.57177647,0.03673670569,0.00095242452,Sasanka Gylcerol and Oil 2,G_80% 34mm
glycerol,80,46,34,6,25,130.04,130,14,0.01,0.01,13.61356817,0.2314306588,38.57177647,0.03673670569,0.00095242452,Sasanka Gylcerol and Oil 2,G_80% 34mm
glycerol,80,46,34,6,25,130.04,130,15,0.01,0.01,13.61356817,0.2314306588,38.57177647,0.03673670569,0.00095242452,Sasanka Gylcerol and Oil 2,G_80% 34mm
glycerol,80,46,34,6,25,130.04,130,16,0.01,0.01,13.61356817,0.2314306588,38.57177647,0.03673670569,0.00095242452,Sasanka Gylcerol and Oil 2,G_80% 34mm
glycerol,80,46,34,6,25,130.04,130,17,0.01,0.01,13.61356817,0.2314306588,38.57177647,0.03673670569,0.00095242452,Sasanka Gylcerol and Oil 2,G_80% 34mm
glycerol,80,46,34,6,25,130.04,130,18,0.01,0.01,13.61356817,0.2314306588,38.57177647,0.03673670569,0.00095242452,Sasanka Gylcerol and Oil 2,G_80% 34mm
glycerol,80,46,34,6,25,130.04,130,19,0.01,0.01,13.61356817,0.2314306588,38.57177647,0.03673670569,0.00095242452,Sasanka Gylcerol and Oil 2,G_80% 34mm
glycerol,80,46,34,6,25,130.04,130,20,0.01,0.01,13.61356817,0.2314306588,38.57177647,0.03673670569,0.00095242452,Sasanka Gylcerol and Oil 2,G_80% 34mm
glycerol,80,46,34,6,25,140.06,140,1,0.01,0.01,14.66076572,0.2492330172,41.5388362,0.03673670569,0.0008843941971,Sasanka Gylcerol and Oil 2,G_80% 34mm
glycerol,80,46,34,6,25,140.06,140,2,0.01,0.01,14.66076572,0.2492330172,41.5388362,0.03673670569,0.0008843941971,Sasanka Gylcerol and Oil 2,G_80% 34mm
glycerol,80,46,34,6,25,140.06,140,3,0.01,0.01,14.66076572,0.2492330172,41.5388362,0.03673670569,0.0008843941971,Sasanka Gylcerol and Oil 2,G_80% 34mm
glycerol,80,46,34,6,25,140.06,140,4,0.01,0.01,14.66076572,0.2492330172,41.5388362,0.03673670569,0.0008843941971,Sasanka Gylcerol and Oil 2,G_80% 34mm
glycerol,80,46,34,6,25,140.06,140,5,0.01,0.01,14.66076572,0.2492330172,41.5388362,0.03673670569,0.0008843941971,Sasanka Gylcerol and Oil 2,G_80% 34mm
glycerol,80,46,34,6,25,140.06,140,6,0.01,0.01,14.66076572,0.2492330172,41.5388362,0.03673670569,0.0008843941971,Sasanka Gylcerol and Oil 2,G_80% 34mm
glycerol,80,46,34,6,25,140.06,140,7,0.01,0.01,14.66076572,0.2492330172,41.5388362,0.03673670569,0.0008843941971,Sasanka Gylcerol and Oil 2,G_80% 34mm
glycerol,80,46,34,6,25,140.06,140,8,0.01,0.01,14.66076572,0.2492330172,41.5388362,0.03673670569,0.0008843941971,Sasanka Gylcerol and Oil 2,G_80% 34mm
glycerol,80,46,34,6,25,140.06,140,9,0.01,0.01,14.66076572,0.2492330172,41.5388362,0.03673670569,0.0008843941971,Sasanka Gylcerol and Oil 2,G_80% 34mm
glycerol,80,46,34,6,25,140.06,140,10,0.01,0.01,14.66076572,0.2492330172,41.5388362,0.03673670569,0.0008843941971,Sasanka Gylcerol and Oil 2,G_80% 34mm
glycerol,80,46,34,6,25,140.06,140,11,0.01,0.01,14.66076572,0.2492330172,41.5388362,0.03673670569,0.0008843941971,Sasanka Gylcerol and Oil 2,G_80% 34mm
glycerol,80,46,34,6,25,140.06,140,12,0.01,0.01,14.66076572,0.2492330172,41.5388362,0.03673670569,0.0008843941971,Sasanka Gylcerol and Oil 2,G_80% 34mm
glycerol,80,46,34,6,25,140.06,140,13,0.01,0.01,14.66076572,0.2492330172,41.5388362,0.03673670569,0.0008843941971,Sasanka Gylcerol and Oil 2,G_80% 34mm
glycerol,80,46,34,6,25,140.06,140,14,0.01,0.01,14.66076572,0.2492330172,41.5388362,0.03673670569,0.0008843941971,Sasanka Gylcerol and Oil 2,G_80% 34mm
glycerol,80,46,34,6,25,140.06,140,15,0.01,0.01,14.66076572,0.2492330172,41.5388362,0.03673670569,0.0008843941971,Sasanka Gylcerol and Oil 2,G_80% 34mm
glycerol,80,46,34,6,25,140.06,140,16,0.01,0.01,14.66076572,0.2492330172,41.5388362,0.03673670569,0.0008843941971,Sasanka Gylcerol and Oil 2,G_80% 34mm
glycerol,80,46,34,6,25,140.06,140,17,0.01,0.01,14.66076572,0.2492330172,41.5388362,0.03673670569,0.0008843941971,Sasanka Gylcerol and Oil 2,G_80% 34mm
glycerol,80,46,34,6,25,140.06,140,18,0.01,0.01,14.66076572,0.2492330172,41.5388362,0.03673670569,0.0008843941971,Sasanka Gylcerol and Oil 2,G_80% 34mm
glycerol,80,46,34,6,25,140.06,140,19,0.01,0.01,14.66076572,0.2492330172,41.5388362,0.03673670569,0.0008843941971,Sasanka Gylcerol and Oil 2,G_80% 34mm
glycerol,80,46,34,6,25,140.06,140,20,0.01,0.01,14.66076572,0.2492330172,41.5388362,0.03673670569,0.0008843941971,Sasanka Gylcerol and Oil 2,G_80% 34mm
glycerol,80,46,34,6,25,150,150,1,0.01,0.01,15.70796327,0.2670353756,44.50589593,0.03673670569,0.000825434584,Sasanka Gylcerol and Oil 2,G_80% 34mm
glycerol,80,46,34,6,25,150,150,2,0.01,0.01,15.70796327,0.2670353756,44.50589593,0.03673670569,0.000825434584,Sasanka Gylcerol and Oil 2,G_80% 34mm
glycerol,80,46,34,6,25,150,150,3,0.01,0.01,15.70796327,0.2670353756,44.50589593,0.03673670569,0.000825434584,Sasanka Gylcerol and Oil 2,G_80% 34mm
glycerol,80,46,34,6,25,150,150,4,0.01,0.01,15.70796327,0.2670353756,44.50589593,0.03673670569,0.000825434584,Sasanka Gylcerol and Oil 2,G_80% 34mm
glycerol,80,46,34,6,25,150,150,5,0.01,0.01,15.70796327,0.2670353756,44.50589593,0.03673670569,0.000825434584,Sasanka Gylcerol and Oil 2,G_80% 34mm
glycerol,80,46,34,6,25,150,150,6,0.01,0.01,15.70796327,0.2670353756,44.50589593,0.03673670569,0.000825434584,Sasanka Gylcerol and Oil 2,G_80% 34mm
glycerol,80,46,34,6,25,150,150,7,0.01,0.01,15.70796327,0.2670353756,44.50589593,0.03673670569,0.000825434584,Sasanka Gylcerol and Oil 2,G_80% 34mm
glycerol,80,46,34,6,25,150,150,8,0.01,0.01,15.70796327,0.2670353756,44.50589593,0.03673670569,0.000825434584,Sasanka Gylcerol and Oil 2,G_80% 34mm
glycerol,80,46,34,6,25,150,150,9,0.01,0.01,15.70796327,0.2670353756,44.50589593,0.03673670569,0.000825434584,Sasanka Gylcerol and Oil 2,G_80% 34mm
glycerol,80,46,34,6,25,150,150,10,0.01,0.01,15.70796327,0.2670353756,44.50589593,0.03673670569,0.000825434584,Sasanka Gylcerol and Oil 2,G_80% 34mm
glycerol,80,46,34,6,25,150,150,11,0.01,0.01,15.70796327,0.2670353756,44.50589593,0.03673670569,0.000825434584,Sasanka Gylcerol and Oil 2,G_80% 34mm
glycerol,80,46,34,6,25,150,150,12,0.01,0.01,15.70796327,0.2670353756,44.50589593,0.03673670569,0.000825434584,Sasanka Gylcerol and Oil 2,G_80% 34mm
glycerol,80,46,34,6,25,150,150,13,0.01,0.01,15.70796327,0.2670353756,44.50589593,0.03673670569,0.000825434584,Sasanka Gylcerol and Oil 2,G_80% 34mm
glycerol,80,46,34,6,25,150,150,14,0.01,0.01,15.70796327,0.2670353756,44.50589593,0.03673670569,0.000825434584,Sasanka Gylcerol and Oil 2,G_80% 34mm
glycerol,80,46,34,6,25,150,150,15,0.01,0.01,15.70796327,0.2670353756,44.50589593,0.03673670569,0.000825434584,Sasanka Gylcerol and Oil 2,G_80% 34mm
glycerol,80,46,34,6,25,150,150,16,0.01,0.01,15.70796327,0.2670353756,44.50589593,0.03673670569,0.000825434584,Sasanka Gylcerol and Oil 2,G_80% 34mm
glycerol,80,46,34,6,25,150,150,17,0.01,0.01,15.70796327,0.2670353756,44.50589593,0.03673670569,0.000825434584,Sasanka Gylcerol and Oil 2,G_80% 34mm
glycerol,80,46,34,6,25,150,150,18,0.01,0.01,15.70796327,0.2670353756,44.50589593,0.03673670569,0.000825434584,Sasanka Gylcerol and Oil 2,G_80% 34mm
glycerol,80,46,34,6,25,150,150,19,0.01,0.01,15.70796327,0.2670353756,44.50589593,0.03673670569,0.000825434584,Sasanka Gylcerol and Oil 2,G_80% 34mm
glycerol,80,46,34,6,25,150,150,20,0.01,0.01,15.70796327,0.2670353756,44.50589593,0.03673670569,0.000825434584,Sasanka Gylcerol and Oil 2,G_80% 34mm
glycerol,80,46,34,6,25,160,160,1,0.01,0.01,16.75516082,0.2848377339,47.47295565,0.03673670569,0.0007738449225,Sasanka Gylcerol and Oil 2,G_80% 34mm
glycerol,80,46,34,6,25,160,160,2,0.01,0.01,16.75516082,0.2848377339,47.47295565,0.03673670569,0.0007738449225,Sasanka Gylcerol and Oil 2,G_80% 34mm
glycerol,80,46,34,6,25,160,160,3,0.01,0.01,16.75516082,0.2848377339,47.47295565,0.03673670569,0.0007738449225,Sasanka Gylcerol and Oil 2,G_80% 34mm
glycerol,80,46,34,6,25,160,160,4,0.01,0.01,16.75516082,0.2848377339,47.47295565,0.03673670569,0.0007738449225,Sasanka Gylcerol and Oil 2,G_80% 34mm
glycerol,80,46,34,6,25,160,160,5,0.01,0.01,16.75516082,0.2848377339,47.47295565,0.03673670569,0.0007738449225,Sasanka Gylcerol and Oil 2,G_80% 34mm
glycerol,80,46,34,6,25,160,160,6,0.01,0.01,16.75516082,0.2848377339,47.47295565,0.03673670569,0.0007738449225,Sasanka Gylcerol and Oil 2,G_80% 34mm
glycerol,80,46,34,6,25,160,160,7,0.01,0.01,16.75516082,0.2848377339,47.47295565,0.03673670569,0.0007738449225,Sasanka Gylcerol and Oil 2,G_80% 34mm
glycerol,80,46,34,6,25,160,160,8,0.01,0.01,16.75516082,0.2848377339,47.47295565,0.03673670569,0.0007738449225,Sasanka Gylcerol and Oil 2,G_80% 34mm
glycerol,80,46,34,6,25,160,160,9,0.01,0.01,16.75516082,0.2848377339,47.47295565,0.03673670569,0.0007738449225,Sasanka Gylcerol and Oil 2,G_80% 34mm
glycerol,80,46,34,6,25,160,160,10,0.01,0.01,16.75516082,0.2848377339,47.47295565,0.03673670569,0.0007738449225,Sasanka Gylcerol and Oil 2,G_80% 34mm
glycerol,80,46,34,6,25,160,160,11,0.01,0.01,16.75516082,0.2848377339,47.47295565,0.03673670569,0.0007738449225,Sasanka Gylcerol and Oil 2,G_80% 34mm
glycerol,80,46,34,6,25,160,160,12,0.01,0.01,16.75516082,0.2848377339,47.47295565,0.03673670569,0.0007738449225,Sasanka Gylcerol and Oil 2,G_80% 34mm
glycerol,80,46,34,6,25,160,160,13,0.01,0.01,16.75516082,0.2848377339,47.47295565,0.03673670569,0.0007738449225,Sasanka Gylcerol and Oil 2,G_80% 34mm
glycerol,80,46,34,6,25,160,160,14,0.01,0.01,16.75516082,0.2848377339,47.47295565,0.03673670569,0.0007738449225,Sasanka Gylcerol and Oil 2,G_80% 34mm
glycerol,80,46,34,6,25,160,160,15,0.01,0.01,16.75516082,0.2848377339,47.47295565,0.03673670569,0.0007738449225,Sasanka Gylcerol and Oil 2,G_80% 34mm
glycerol,80,46,34,6,25,160,160,16,0.01,0.01,16.75516082,0.2848377339,47.47295565,0.03673670569,0.0007738449225,Sasanka Gylcerol and Oil 2,G_80% 34mm
glycerol,80,46,34,6,25,160,160,17,0.01,0.01,16.75516082,0.2848377339,47.47295565,0.03673670569,0.0007738449225,Sasanka Gylcerol and Oil 2,G_80% 34mm
glycerol,80,46,34,6,25,160,160,18,0.01,0.01,16.75516082,0.2848377339,47.47295565,0.03673670569,0.0007738449225,Sasanka Gylcerol and Oil 2,G_80% 34mm
glycerol,80,46,34,6,25,160,160,19,0.01,0.01,16.75516082,0.2848377339,47.47295565,0.03673670569,0.0007738449225,Sasanka Gylcerol and Oil 2,G_80% 34mm
glycerol,80,46,34,6,25,160,160,20,0.01,0.01,16.75516082,0.2848377339,47.47295565,0.03673670569,0.0007738449225,Sasanka Gylcerol and Oil 2,G_80% 34mm
glycerol,80,46,34,6,25,170.07,170,1,0.01,0.01,17.80235837,0.3026400923,50.44001538,0.03673670569,0.0007283246329,Sasanka Gylcerol and Oil 2,G_80% 34mm
glycerol,80,46,34,6,25,170.07,170,2,0.01,0.01,17.80235837,0.3026400923,50.44001538,0.03673670569,0.0007283246329,Sasanka Gylcerol and Oil 2,G_80% 34mm
glycerol,80,46,34,6,25,170.07,170,3,0.01,0.01,17.80235837,0.3026400923,50.44001538,0.03673670569,0.0007283246329,Sasanka Gylcerol and Oil 2,G_80% 34mm
glycerol,80,46,34,6,25,170.07,170,4,0.01,0.01,17.80235837,0.3026400923,50.44001538,0.03673670569,0.0007283246329,Sasanka Gylcerol and Oil 2,G_80% 34mm
glycerol,80,46,34,6,25,170.07,170,5,0.01,0.01,17.80235837,0.3026400923,50.44001538,0.03673670569,0.0007283246329,Sasanka Gylcerol and Oil 2,G_80% 34mm
glycerol,80,46,34,6,25,170.07,170,6,0.01,0.01,17.80235837,0.3026400923,50.44001538,0.03673670569,0.0007283246329,Sasanka Gylcerol and Oil 2,G_80% 34mm
glycerol,80,46,34,6,25,170.07,170,7,0.01,0.01,17.80235837,0.3026400923,50.44001538,0.03673670569,0.0007283246329,Sasanka Gylcerol and Oil 2,G_80% 34mm
glycerol,80,46,34,6,25,170.07,170,8,0.01,0.01,17.80235837,0.3026400923,50.44001538,0.03673670569,0.0007283246329,Sasanka Gylcerol and Oil 2,G_80% 34mm
glycerol,80,46,34,6,25,170.07,170,9,0.01,0.01,17.80235837,0.3026400923,50.44001538,0.03673670569,0.0007283246329,Sasanka Gylcerol and Oil 2,G_80% 34mm
glycerol,80,46,34,6,25,170.07,170,10,0.01,0.01,17.80235837,0.3026400923,50.44001538,0.03673670569,0.0007283246329,Sasanka Gylcerol and Oil 2,G_80% 34mm
glycerol,80,46,34,6,25,170.07,170,11,0.01,0.01,17.80235837,0.3026400923,50.44001538,0.03673670569,0.0007283246329,Sasanka Gylcerol and Oil 2,G_80% 34mm
glycerol,80,46,34,6,25,170.07,170,12,0.01,0.01,17.80235837,0.3026400923,50.44001538,0.03673670569,0.0007283246329,Sasanka Gylcerol and Oil 2,G_80% 34mm
glycerol,80,46,34,6,25,170.07,170,13,0.01,0.01,17.80235837,0.3026400923,50.44001538,0.03673670569,0.0007283246329,Sasanka Gylcerol and Oil 2,G_80% 34mm
glycerol,80,46,34,6,25,170.07,170,14,0.01,0.01,17.80235837,0.3026400923,50.44001538,0.03673670569,0.0007283246329,Sasanka Gylcerol and Oil 2,G_80% 34mm
glycerol,80,46,34,6,25,170.07,170,15,0.01,0.01,17.80235837,0.3026400923,50.44001538,0.03673670569,0.0007283246329,Sasanka Gylcerol and Oil 2,G_80% 34mm
glycerol,80,46,34,6,25,170.07,170,16,0.01,0.01,17.80235837,0.3026400923,50.44001538,0.03673670569,0.0007283246329,Sasanka Gylcerol and Oil 2,G_80% 34mm
glycerol,80,46,34,6,25,170.07,170,17,0.01,0.01,17.80235837,0.3026400923,50.44001538,0.03673670569,0.0007283246329,Sasanka Gylcerol and Oil 2,G_80% 34mm
glycerol,80,46,34,6,25,170.07,170,18,0.01,0.01,17.80235837,0.3026400923,50.44001538,0.03673670569,0.0007283246329,Sasanka Gylcerol and Oil 2,G_80% 34mm
glycerol,80,46,34,6,25,170.07,170,19,0.01,0.01,17.80235837,0.3026400923,50.44001538,0.03673670569,0.0007283246329,Sasanka Gylcerol and Oil 2,G_80% 34mm
glycerol,80,46,34,6,25,170.07,170,20,0.01,0.01,17.80235837,0.3026400923,50.44001538,0.03673670569,0.0007283246329,Sasanka Gylcerol and Oil 2,G_80% 34mm
glycerol,80,46,34,6,25,180.07,180,1,0.01,0.0035,18.84955592,0.3204424507,53.40707511,0.01285784699,0.0002407517537,Sasanka Gylcerol and Oil 2,G_80% 34mm
glycerol,80,46,34,6,25,180.07,180,2,0.01,0.0035,18.84955592,0.3204424507,53.40707511,0.01285784699,0.0002407517537,Sasanka Gylcerol and Oil 2,G_80% 34mm
glycerol,80,46,34,6,25,180.07,180,3,0.01,0.0035,18.84955592,0.3204424507,53.40707511,0.01285784699,0.0002407517537,Sasanka Gylcerol and Oil 2,G_80% 34mm
glycerol,80,46,34,6,25,180.07,180,4,0.01,0.0035,18.84955592,0.3204424507,53.40707511,0.01285784699,0.0002407517537,Sasanka Gylcerol and Oil 2,G_80% 34mm
glycerol,80,46,34,6,25,180.07,180,5,0.01,0.0035,18.84955592,0.3204424507,53.40707511,0.01285784699,0.0002407517537,Sasanka Gylcerol and Oil 2,G_80% 34mm
glycerol,80,46,34,6,25,180.07,180,6,0.01,0.0035,18.84955592,0.3204424507,53.40707511,0.01285784699,0.0002407517537,Sasanka Gylcerol and Oil 2,G_80% 34mm
glycerol,80,46,34,6,25,180.07,180,7,0,0.0035,18.84955592,0.3204424507,53.40707511,0.01285784699,0.0002407517537,Sasanka Gylcerol and Oil 2,G_80% 34mm
glycerol,80,46,34,6,25,180.07,180,8,-0.01,0.0035,18.84955592,0.3204424507,53.40707511,0.01285784699,0.0002407517537,Sasanka Gylcerol and Oil 2,G_80% 34mm
glycerol,80,46,34,6,25,180.07,180,9,-0.01,0.0035,18.84955592,0.3204424507,53.40707511,0.01285784699,0.0002407517537,Sasanka Gylcerol and Oil 2,G_80% 34mm
glycerol,80,46,34,6,25,180.07,180,10,0,0.0035,18.84955592,0.3204424507,53.40707511,0.01285784699,0.0002407517537,Sasanka Gylcerol and Oil 2,G_80% 34mm
glycerol,80,46,34,6,25,180.07,180,11,0.01,0.0035,18.84955592,0.3204424507,53.40707511,0.01285784699,0.0002407517537,Sasanka Gylcerol and Oil 2,G_80% 34mm
glycerol,80,46,34,6,25,180.07,180,12,0.01,0.0035,18.84955592,0.3204424507,53.40707511,0.01285784699,0.0002407517537,Sasanka Gylcerol and Oil 2,G_80% 34mm
glycerol,80,46,34,6,25,180.07,180,13,0,0.0035,18.84955592,0.3204424507,53.40707511,0.01285784699,0.0002407517537,Sasanka Gylcerol and Oil 2,G_80% 34mm
glycerol,80,46,34,6,25,180.07,180,14,-0.01,0.0035,18.84955592,0.3204424507,53.40707511,0.01285784699,0.0002407517537,Sasanka Gylcerol and Oil 2,G_80% 34mm
glycerol,80,46,34,6,25,180.07,180,15,-0.01,0.0035,18.84955592,0.3204424507,53.40707511,0.01285784699,0.0002407517537,Sasanka Gylcerol and Oil 2,G_80% 34mm
glycerol,80,46,34,6,25,180.07,180,16,-0.01,0.0035,18.84955592,0.3204424507,53.40707511,0.01285784699,0.0002407517537,Sasanka Gylcerol and Oil 2,G_80% 34mm
glycerol,80,46,34,6,25,180.07,180,17,0.01,0.0035,18.84955592,0.3204424507,53.40707511,0.01285784699,0.0002407517537,Sasanka Gylcerol and Oil 2,G_80% 34mm
glycerol,80,46,34,6,25,180.07,180,18,0.01,0.0035,18.84955592,0.3204424507,53.40707511,0.01285784699,0.0002407517537,Sasanka Gylcerol and Oil 2,G_80% 34mm
glycerol,80,46,34,6,25,180.07,180,19,0.01,0.0035,18.84955592,0.3204424507,53.40707511,0.01285784699,0.0002407517537,Sasanka Gylcerol and Oil 2,G_80% 34mm
glycerol,80,46,34,6,25,180.07,180,20,0.01,0.0035,18.84955592,0.3204424507,53.40707511,0.01285784699,0.0002407517537,Sasanka Gylcerol and Oil 2,G_80% 34mm
glycerol,80,46,34,6,25,190.11,190,1,0.01,0.019,19.89675347,0.338244809,56.37413484,0.06979974081,0.001238151876,Sasanka Gylcerol and Oil 2,G_80% 34mm
glycerol,80,46,34,6,25,190.11,190,2,0.01,0.019,19.89675347,0.338244809,56.37413484,0.06979974081,0.001238151876,Sasanka Gylcerol and Oil 2,G_80% 34mm
glycerol,80,46,34,6,25,190.11,190,3,0.02,0.019,19.89675347,0.338244809,56.37413484,0.06979974081,0.001238151876,Sasanka Gylcerol and Oil 2,G_80% 34mm
glycerol,80,46,34,6,25,190.11,190,4,0.02,0.019,19.89675347,0.338244809,56.37413484,0.06979974081,0.001238151876,Sasanka Gylcerol and Oil 2,G_80% 34mm
glycerol,80,46,34,6,25,190.11,190,5,0.02,0.019,19.89675347,0.338244809,56.37413484,0.06979974081,0.001238151876,Sasanka Gylcerol and Oil 2,G_80% 34mm
glycerol,80,46,34,6,25,190.11,190,6,0.02,0.019,19.89675347,0.338244809,56.37413484,0.06979974081,0.001238151876,Sasanka Gylcerol and Oil 2,G_80% 34mm
glycerol,80,46,34,6,25,190.11,190,7,0.02,0.019,19.89675347,0.338244809,56.37413484,0.06979974081,0.001238151876,Sasanka Gylcerol and Oil 2,G_80% 34mm
glycerol,80,46,34,6,25,190.11,190,8,0.02,0.019,19.89675347,0.338244809,56.37413484,0.06979974081,0.001238151876,Sasanka Gylcerol and Oil 2,G_80% 34mm
glycerol,80,46,34,6,25,190.11,190,9,0.02,0.019,19.89675347,0.338244809,56.37413484,0.06979974081,0.001238151876,Sasanka Gylcerol and Oil 2,G_80% 34mm
glycerol,80,46,34,6,25,190.11,190,10,0.02,0.019,19.89675347,0.338244809,56.37413484,0.06979974081,0.001238151876,Sasanka Gylcerol and Oil 2,G_80% 34mm
glycerol,80,46,34,6,25,190.11,190,11,0.02,0.019,19.89675347,0.338244809,56.37413484,0.06979974081,0.001238151876,Sasanka Gylcerol and Oil 2,G_80% 34mm
glycerol,80,46,34,6,25,190.11,190,12,0.02,0.019,19.89675347,0.338244809,56.37413484,0.06979974081,0.001238151876,Sasanka Gylcerol and Oil 2,G_80% 34mm
glycerol,80,46,34,6,25,190.11,190,13,0.02,0.019,19.89675347,0.338244809,56.37413484,0.06979974081,0.001238151876,Sasanka Gylcerol and Oil 2,G_80% 34mm
glycerol,80,46,34,6,25,190.11,190,14,0.02,0.019,19.89675347,0.338244809,56.37413484,0.06979974081,0.001238151876,Sasanka Gylcerol and Oil 2,G_80% 34mm
glycerol,80,46,34,6,25,190.11,190,15,0.02,0.019,19.89675347,0.338244809,56.37413484,0.06979974081,0.001238151876,Sasanka Gylcerol and Oil 2,G_80% 34mm
glycerol,80,46,34,6,25,190.11,190,16,0.02,0.019,19.89675347,0.338244809,56.37413484,0.06979974081,0.001238151876,Sasanka Gylcerol and Oil 2,G_80% 34mm
glycerol,80,46,34,6,25,190.11,190,17,0.02,0.019,19.89675347,0.338244809,56.37413484,0.06979974081,0.001238151876,Sasanka Gylcerol and Oil 2,G_80% 34mm
glycerol,80,46,34,6,25,190.11,190,18,0.02,0.019,19.89675347,0.338244809,56.37413484,0.06979974081,0.001238151876,Sasanka Gylcerol and Oil 2,G_80% 34mm
glycerol,80,46,34,6,25,190.11,190,19,0.02,0.019,19.89675347,0.338244809,56.37413484,0.06979974081,0.001238151876,Sasanka Gylcerol and Oil 2,G_80% 34mm
glycerol,80,46,34,6,25,190.11,190,20,0.02,0.019,19.89675347,0.338244809,56.37413484,0.06979974081,0.001238151876,Sasanka Gylcerol and Oil 2,G_80% 34mm
glycerol,80,46,34,6,25,200,200,1,0.02,0.02,20.94395102,0.3560471674,59.34119457,0.07347341138,0.001238151876,Sasanka Gylcerol and Oil 2,G_80% 34mm
glycerol,80,46,34,6,25,200,200,2,0.02,0.02,20.94395102,0.3560471674,59.34119457,0.07347341138,0.001238151876,Sasanka Gylcerol and Oil 2,G_80% 34mm
glycerol,80,46,34,6,25,200,200,3,0.02,0.02,20.94395102,0.3560471674,59.34119457,0.07347341138,0.001238151876,Sasanka Gylcerol and Oil 2,G_80% 34mm
glycerol,80,46,34,6,25,200,200,4,0.02,0.02,20.94395102,0.3560471674,59.34119457,0.07347341138,0.001238151876,Sasanka Gylcerol and Oil 2,G_80% 34mm
glycerol,80,46,34,6,25,200,200,5,0.02,0.02,20.94395102,0.3560471674,59.34119457,0.07347341138,0.001238151876,Sasanka Gylcerol and Oil 2,G_80% 34mm
glycerol,80,46,34,6,25,200,200,6,0.02,0.02,20.94395102,0.3560471674,59.34119457,0.07347341138,0.001238151876,Sasanka Gylcerol and Oil 2,G_80% 34mm
glycerol,80,46,34,6,25,200,200,7,0.02,0.02,20.94395102,0.3560471674,59.34119457,0.07347341138,0.001238151876,Sasanka Gylcerol and Oil 2,G_80% 34mm
glycerol,80,46,34,6,25,200,200,8,0.02,0.02,20.94395102,0.3560471674,59.34119457,0.07347341138,0.001238151876,Sasanka Gylcerol and Oil 2,G_80% 34mm
glycerol,80,46,34,6,25,200,200,9,0.02,0.02,20.94395102,0.3560471674,59.34119457,0.07347341138,0.001238151876,Sasanka Gylcerol and Oil 2,G_80% 34mm
glycerol,80,46,34,6,25,200,200,10,0.02,0.02,20.94395102,0.3560471674,59.34119457,0.07347341138,0.001238151876,Sasanka Gylcerol and Oil 2,G_80% 34mm
glycerol,80,46,34,6,25,200,200,11,0.02,0.02,20.94395102,0.3560471674,59.34119457,0.07347341138,0.001238151876,Sasanka Gylcerol and Oil 2,G_80% 34mm
glycerol,80,46,34,6,25,200,200,12,0.02,0.02,20.94395102,0.3560471674,59.34119457,0.07347341138,0.001238151876,Sasanka Gylcerol and Oil 2,G_80% 34mm
glycerol,80,46,34,6,25,200,200,13,0.02,0.02,20.94395102,0.3560471674,59.34119457,0.07347341138,0.001238151876,Sasanka Gylcerol and Oil 2,G_80% 34mm
glycerol,80,46,34,6,25,200,200,14,0.02,0.02,20.94395102,0.3560471674,59.34119457,0.07347341138,0.001238151876,Sasanka Gylcerol and Oil 2,G_80% 34mm
glycerol,80,46,34,6,25,200,200,15,0.02,0.02,20.94395102,0.3560471674,59.34119457,0.07347341138,0.001238151876,Sasanka Gylcerol and Oil 2,G_80% 34mm
glycerol,80,46,34,6,25,200,200,16,0.02,0.02,20.94395102,0.3560471674,59.34119457,0.07347341138,0.001238151876,Sasanka Gylcerol and Oil 2,G_80% 34mm
glycerol,80,46,34,6,25,200,200,17,0.02,0.02,20.94395102,0.3560471674,59.34119457,0.07347341138,0.001238151876,Sasanka Gylcerol and Oil 2,G_80% 34mm
glycerol,80,46,34,6,25,200,200,18,0.02,0.02,20.94395102,0.3560471674,59.34119457,0.07347341138,0.001238151876,Sasanka Gylcerol and Oil 2,G_80% 34mm
glycerol,80,46,34,6,25,200,200,19,0.02,0.02,20.94395102,0.3560471674,59.34119457,0.07347341138,0.001238151876,Sasanka Gylcerol and Oil 2,G_80% 34mm
glycerol,80,46,34,6,25,200,200,20,0.02,0.02,20.94395102,0.3560471674,59.34119457,0.07347341138,0.001238151876,Sasanka Gylcerol and Oil 2,G_80% 34mm
glycerol,80,46,34,6,25,210.08,210,1,0.02,0.02,21.99114858,0.3738495258,62.3082543,0.07347341138,0.001179192263,Sasanka Gylcerol and Oil 2,G_80% 34mm
glycerol,80,46,34,6,25,210.08,210,2,0.02,0.02,21.99114858,0.3738495258,62.3082543,0.07347341138,0.001179192263,Sasanka Gylcerol and Oil 2,G_80% 34mm
glycerol,80,46,34,6,25,210.08,210,3,0.02,0.02,21.99114858,0.3738495258,62.3082543,0.07347341138,0.001179192263,Sasanka Gylcerol and Oil 2,G_80% 34mm
glycerol,80,46,34,6,25,210.08,210,4,0.02,0.02,21.99114858,0.3738495258,62.3082543,0.07347341138,0.001179192263,Sasanka Gylcerol and Oil 2,G_80% 34mm
glycerol,80,46,34,6,25,210.08,210,5,0.02,0.02,21.99114858,0.3738495258,62.3082543,0.07347341138,0.001179192263,Sasanka Gylcerol and Oil 2,G_80% 34mm
glycerol,80,46,34,6,25,210.08,210,6,0.02,0.02,21.99114858,0.3738495258,62.3082543,0.07347341138,0.001179192263,Sasanka Gylcerol and Oil 2,G_80% 34mm
glycerol,80,46,34,6,25,210.08,210,7,0.02,0.02,21.99114858,0.3738495258,62.3082543,0.07347341138,0.001179192263,Sasanka Gylcerol and Oil 2,G_80% 34mm
glycerol,80,46,34,6,25,210.08,210,8,0.02,0.02,21.99114858,0.3738495258,62.3082543,0.07347341138,0.001179192263,Sasanka Gylcerol and Oil 2,G_80% 34mm
glycerol,80,46,34,6,25,210.08,210,9,0.02,0.02,21.99114858,0.3738495258,62.3082543,0.07347341138,0.001179192263,Sasanka Gylcerol and Oil 2,G_80% 34mm
glycerol,80,46,34,6,25,210.08,210,10,0.02,0.02,21.99114858,0.3738495258,62.3082543,0.07347341138,0.001179192263,Sasanka Gylcerol and Oil 2,G_80% 34mm
glycerol,80,46,34,6,25,210.08,210,11,0.02,0.02,21.99114858,0.3738495258,62.3082543,0.07347341138,0.001179192263,Sasanka Gylcerol and Oil 2,G_80% 34mm
glycerol,80,46,34,6,25,210.08,210,12,0.02,0.02,21.99114858,0.3738495258,62.3082543,0.07347341138,0.001179192263,Sasanka Gylcerol and Oil 2,G_80% 34mm
glycerol,80,46,34,6,25,210.08,210,13,0.02,0.02,21.99114858,0.3738495258,62.3082543,0.07347341138,0.001179192263,Sasanka Gylcerol and Oil 2,G_80% 34mm
glycerol,80,46,34,6,25,210.08,210,14,0.02,0.02,21.99114858,0.3738495258,62.3082543,0.07347341138,0.001179192263,Sasanka Gylcerol and Oil 2,G_80% 34mm
glycerol,80,46,34,6,25,210.08,210,15,0.02,0.02,21.99114858,0.3738495258,62.3082543,0.07347341138,0.001179192263,Sasanka Gylcerol and Oil 2,G_80% 34mm
glycerol,80,46,34,6,25,210.08,210,16,0.02,0.02,21.99114858,0.3738495258,62.3082543,0.07347341138,0.001179192263,Sasanka Gylcerol and Oil 2,G_80% 34mm
glycerol,80,46,34,6,25,210.08,210,17,0.02,0.02,21.99114858,0.3738495258,62.3082543,0.07347341138,0.001179192263,Sasanka Gylcerol and Oil 2,G_80% 34mm
glycerol,80,46,34,6,25,210.08,210,18,0.02,0.02,21.99114858,0.3738495258,62.3082543,0.07347341138,0.001179192263,Sasanka Gylcerol and Oil 2,G_80% 34mm
glycerol,80,46,34,6,25,210.08,210,19,0.02,0.02,21.99114858,0.3738495258,62.3082543,0.07347341138,0.001179192263,Sasanka Gylcerol and Oil 2,G_80% 34mm
glycerol,80,46,34,6,25,210.08,210,20,0.02,0.02,21.99114858,0.3738495258,62.3082543,0.07347341138,0.001179192263,Sasanka Gylcerol and Oil 2,G_80% 34mm
glycerol,80,46,34,6,25,220.1,220,1,0.02,0.02,23.03834613,0.3916518841,65.27531402,0.07347341138,0.001125592615,Sasanka Gylcerol and Oil 2,G_80% 34mm
glycerol,80,46,34,6,25,220.1,220,2,0.02,0.02,23.03834613,0.3916518841,65.27531402,0.07347341138,0.001125592615,Sasanka Gylcerol and Oil 2,G_80% 34mm
glycerol,80,46,34,6,25,220.1,220,3,0.02,0.02,23.03834613,0.3916518841,65.27531402,0.07347341138,0.001125592615,Sasanka Gylcerol and Oil 2,G_80% 34mm
glycerol,80,46,34,6,25,220.1,220,4,0.02,0.02,23.03834613,0.3916518841,65.27531402,0.07347341138,0.001125592615,Sasanka Gylcerol and Oil 2,G_80% 34mm
glycerol,80,46,34,6,25,220.1,220,5,0.02,0.02,23.03834613,0.3916518841,65.27531402,0.07347341138,0.001125592615,Sasanka Gylcerol and Oil 2,G_80% 34mm
glycerol,80,46,34,6,25,220.1,220,6,0.02,0.02,23.03834613,0.3916518841,65.27531402,0.07347341138,0.001125592615,Sasanka Gylcerol and Oil 2,G_80% 34mm
glycerol,80,46,34,6,25,220.1,220,7,0.02,0.02,23.03834613,0.3916518841,65.27531402,0.07347341138,0.001125592615,Sasanka Gylcerol and Oil 2,G_80% 34mm
glycerol,80,46,34,6,25,220.1,220,8,0.02,0.02,23.03834613,0.3916518841,65.27531402,0.07347341138,0.001125592615,Sasanka Gylcerol and Oil 2,G_80% 34mm
glycerol,80,46,34,6,25,220.1,220,9,0.02,0.02,23.03834613,0.3916518841,65.27531402,0.07347341138,0.001125592615,Sasanka Gylcerol and Oil 2,G_80% 34mm
glycerol,80,46,34,6,25,220.1,220,10,0.02,0.02,23.03834613,0.3916518841,65.27531402,0.07347341138,0.001125592615,Sasanka Gylcerol and Oil 2,G_80% 34mm
glycerol,80,46,34,6,25,220.1,220,11,0.02,0.02,23.03834613,0.3916518841,65.27531402,0.07347341138,0.001125592615,Sasanka Gylcerol and Oil 2,G_80% 34mm
glycerol,80,46,34,6,25,220.1,220,12,0.02,0.02,23.03834613,0.3916518841,65.27531402,0.07347341138,0.001125592615,Sasanka Gylcerol and Oil 2,G_80% 34mm
glycerol,80,46,34,6,25,220.1,220,13,0.02,0.02,23.03834613,0.3916518841,65.27531402,0.07347341138,0.001125592615,Sasanka Gylcerol and Oil 2,G_80% 34mm
glycerol,80,46,34,6,25,220.1,220,14,0.02,0.02,23.03834613,0.3916518841,65.27531402,0.07347341138,0.001125592615,Sasanka Gylcerol and Oil 2,G_80% 34mm
glycerol,80,46,34,6,25,220.1,220,15,0.02,0.02,23.03834613,0.3916518841,65.27531402,0.07347341138,0.001125592615,Sasanka Gylcerol and Oil 2,G_80% 34mm
glycerol,80,46,34,6,25,220.1,220,16,0.02,0.02,23.03834613,0.3916518841,65.27531402,0.07347341138,0.001125592615,Sasanka Gylcerol and Oil 2,G_80% 34mm
glycerol,80,46,34,6,25,220.1,220,17,0.02,0.02,23.03834613,0.3916518841,65.27531402,0.07347341138,0.001125592615,Sasanka Gylcerol and Oil 2,G_80% 34mm
glycerol,80,46,34,6,25,220.1,220,18,0.02,0.02,23.03834613,0.3916518841,65.27531402,0.07347341138,0.001125592615,Sasanka Gylcerol and Oil 2,G_80% 34mm
glycerol,80,46,34,6,25,220.1,220,19,0.02,0.02,23.03834613,0.3916518841,65.27531402,0.07347341138,0.001125592615,Sasanka Gylcerol and Oil 2,G_80% 34mm
glycerol,80,46,34,6,25,220.1,220,20,0.02,0.02,23.03834613,0.3916518841,65.27531402,0.07347341138,0.001125592615,Sasanka Gylcerol and Oil 2,G_80% 34mm
glycerol,80,46,34,6,25,230.06,230,1,0.02,0.02,24.08554368,0.4094542425,68.24237375,0.07347341138,0.001076653805,Sasanka Gylcerol and Oil 2,G_80% 34mm
glycerol,80,46,34,6,25,230.06,230,2,0.02,0.02,24.08554368,0.4094542425,68.24237375,0.07347341138,0.001076653805,Sasanka Gylcerol and Oil 2,G_80% 34mm
glycerol,80,46,34,6,25,230.06,230,3,0.02,0.02,24.08554368,0.4094542425,68.24237375,0.07347341138,0.001076653805,Sasanka Gylcerol and Oil 2,G_80% 34mm
glycerol,80,46,34,6,25,230.06,230,4,0.02,0.02,24.08554368,0.4094542425,68.24237375,0.07347341138,0.001076653805,Sasanka Gylcerol and Oil 2,G_80% 34mm
glycerol,80,46,34,6,25,230.06,230,5,0.02,0.02,24.08554368,0.4094542425,68.24237375,0.07347341138,0.001076653805,Sasanka Gylcerol and Oil 2,G_80% 34mm
glycerol,80,46,34,6,25,230.06,230,6,0.02,0.02,24.08554368,0.4094542425,68.24237375,0.07347341138,0.001076653805,Sasanka Gylcerol and Oil 2,G_80% 34mm
glycerol,80,46,34,6,25,230.06,230,7,0.02,0.02,24.08554368,0.4094542425,68.24237375,0.07347341138,0.001076653805,Sasanka Gylcerol and Oil 2,G_80% 34mm
glycerol,80,46,34,6,25,230.06,230,8,0.02,0.02,24.08554368,0.4094542425,68.24237375,0.07347341138,0.001076653805,Sasanka Gylcerol and Oil 2,G_80% 34mm
glycerol,80,46,34,6,25,230.06,230,9,0.02,0.02,24.08554368,0.4094542425,68.24237375,0.07347341138,0.001076653805,Sasanka Gylcerol and Oil 2,G_80% 34mm
glycerol,80,46,34,6,25,230.06,230,10,0.02,0.02,24.08554368,0.4094542425,68.24237375,0.07347341138,0.001076653805,Sasanka Gylcerol and Oil 2,G_80% 34mm
glycerol,80,46,34,6,25,230.06,230,11,0.02,0.02,24.08554368,0.4094542425,68.24237375,0.07347341138,0.001076653805,Sasanka Gylcerol and Oil 2,G_80% 34mm
glycerol,80,46,34,6,25,230.06,230,12,0.02,0.02,24.08554368,0.4094542425,68.24237375,0.07347341138,0.001076653805,Sasanka Gylcerol and Oil 2,G_80% 34mm
glycerol,80,46,34,6,25,230.06,230,13,0.02,0.02,24.08554368,0.4094542425,68.24237375,0.07347341138,0.001076653805,Sasanka Gylcerol and Oil 2,G_80% 34mm
glycerol,80,46,34,6,25,230.06,230,14,0.02,0.02,24.08554368,0.4094542425,68.24237375,0.07347341138,0.001076653805,Sasanka Gylcerol and Oil 2,G_80% 34mm
glycerol,80,46,34,6,25,230.06,230,15,0.02,0.02,24.08554368,0.4094542425,68.24237375,0.07347341138,0.001076653805,Sasanka Gylcerol and Oil 2,G_80% 34mm
glycerol,80,46,34,6,25,230.06,230,16,0.02,0.02,24.08554368,0.4094542425,68.24237375,0.07347341138,0.001076653805,Sasanka Gylcerol and Oil 2,G_80% 34mm
glycerol,80,46,34,6,25,230.06,230,17,0.02,0.02,24.08554368,0.4094542425,68.24237375,0.07347341138,0.001076653805,Sasanka Gylcerol and Oil 2,G_80% 34mm
glycerol,80,46,34,6,25,230.06,230,18,0.02,0.02,24.08554368,0.4094542425,68.24237375,0.07347341138,0.001076653805,Sasanka Gylcerol and Oil 2,G_80% 34mm
glycerol,80,46,34,6,25,230.06,230,19,0.02,0.02,24.08554368,0.4094542425,68.24237375,0.07347341138,0.001076653805,Sasanka Gylcerol and Oil 2,G_80% 34mm
glycerol,80,46,34,6,25,230.06,230,20,0.02,0.02,24.08554368,0.4094542425,68.24237375,0.07347341138,0.001076653805,Sasanka Gylcerol and Oil 2,G_80% 34mm
glycerol,80,46,34,6,25,240,240,1,0.02,0.033,25.13274123,0.4272566009,71.20943348,0.1212311288,0.001702458829,Sasanka Gylcerol and Oil 2,G_80% 34mm
glycerol,80,46,34,6,25,240,240,2,0.02,0.033,25.13274123,0.4272566009,71.20943348,0.1212311288,0.001702458829,Sasanka Gylcerol and Oil 2,G_80% 34mm
glycerol,80,46,34,6,25,240,240,3,0.02,0.033,25.13274123,0.4272566009,71.20943348,0.1212311288,0.001702458829,Sasanka Gylcerol and Oil 2,G_80% 34mm
glycerol,80,46,34,6,25,240,240,4,0.02,0.033,25.13274123,0.4272566009,71.20943348,0.1212311288,0.001702458829,Sasanka Gylcerol and Oil 2,G_80% 34mm
glycerol,80,46,34,6,25,240,240,5,0.02,0.033,25.13274123,0.4272566009,71.20943348,0.1212311288,0.001702458829,Sasanka Gylcerol and Oil 2,G_80% 34mm
glycerol,80,46,34,6,25,240,240,6,0.02,0.033,25.13274123,0.4272566009,71.20943348,0.1212311288,0.001702458829,Sasanka Gylcerol and Oil 2,G_80% 34mm
glycerol,80,46,34,6,25,240,240,7,0.02,0.033,25.13274123,0.4272566009,71.20943348,0.1212311288,0.001702458829,Sasanka Gylcerol and Oil 2,G_80% 34mm
glycerol,80,46,34,6,25,240,240,8,0.02,0.033,25.13274123,0.4272566009,71.20943348,0.1212311288,0.001702458829,Sasanka Gylcerol and Oil 2,G_80% 34mm
glycerol,80,46,34,6,25,240,240,9,0.02,0.033,25.13274123,0.4272566009,71.20943348,0.1212311288,0.001702458829,Sasanka Gylcerol and Oil 2,G_80% 34mm
glycerol,80,46,34,6,25,240,240,10,0.02,0.033,25.13274123,0.4272566009,71.20943348,0.1212311288,0.001702458829,Sasanka Gylcerol and Oil 2,G_80% 34mm
glycerol,80,46,34,6,25,240,240,11,0.02,0.033,25.13274123,0.4272566009,71.20943348,0.1212311288,0.001702458829,Sasanka Gylcerol and Oil 2,G_80% 34mm
glycerol,80,46,34,6,25,240,240,12,0.02,0.033,25.13274123,0.4272566009,71.20943348,0.1212311288,0.001702458829,Sasanka Gylcerol and Oil 2,G_80% 34mm
glycerol,80,46,34,6,25,240,240,13,0.02,0.033,25.13274123,0.4272566009,71.20943348,0.1212311288,0.001702458829,Sasanka Gylcerol and Oil 2,G_80% 34mm
glycerol,80,46,34,6,25,240,240,14,0.02,0.033,25.13274123,0.4272566009,71.20943348,0.1212311288,0.001702458829,Sasanka Gylcerol and Oil 2,G_80% 34mm
glycerol,80,46,34,6,25,240,240,15,0.02,0.033,25.13274123,0.4272566009,71.20943348,0.1212311288,0.001702458829,Sasanka Gylcerol and Oil 2,G_80% 34mm
glycerol,80,46,34,6,25,240,240,16,0.02,0.033,25.13274123,0.4272566009,71.20943348,0.1212311288,0.001702458829,Sasanka Gylcerol and Oil 2,G_80% 34mm
glycerol,80,46,34,6,25,240,240,17,0.02,0.033,25.13274123,0.4272566009,71.20943348,0.1212311288,0.001702458829,Sasanka Gylcerol and Oil 2,G_80% 34mm
glycerol,80,46,34,6,25,240,240,18,0.08,0.033,25.13274123,0.4272566009,71.20943348,0.1212311288,0.001702458829,Sasanka Gylcerol and Oil 2,G_80% 34mm
glycerol,80,46,34,6,25,240,240,19,0.12,0.033,25.13274123,0.4272566009,71.20943348,0.1212311288,0.001702458829,Sasanka Gylcerol and Oil 2,G_80% 34mm
glycerol,80,46,34,6,25,240,240,20,0.12,0.033,25.13274123,0.4272566009,71.20943348,0.1212311288,0.001702458829,Sasanka Gylcerol and Oil 2,G_80% 34mm
glycerol,80,46,34,6,25,250,250,1,0.12,0.1385,26.17993878,0.4450589593,74.17649321,0.5088033738,0.006859361393,Sasanka Gylcerol and Oil 2,G_80% 34mm
glycerol,80,46,34,6,25,250,250,2,0.11,0.1385,26.17993878,0.4450589593,74.17649321,0.5088033738,0.006859361393,Sasanka Gylcerol and Oil 2,G_80% 34mm
glycerol,80,46,34,6,25,250,250,3,0.12,0.1385,26.17993878,0.4450589593,74.17649321,0.5088033738,0.006859361393,Sasanka Gylcerol and Oil 2,G_80% 34mm
glycerol,80,46,34,6,25,250,250,4,0.13,0.1385,26.17993878,0.4450589593,74.17649321,0.5088033738,0.006859361393,Sasanka Gylcerol and Oil 2,G_80% 34mm
glycerol,80,46,34,6,25,250,250,5,0.13,0.1385,26.17993878,0.4450589593,74.17649321,0.5088033738,0.006859361393,Sasanka Gylcerol and Oil 2,G_80% 34mm
glycerol,80,46,34,6,25,250,250,6,0.14,0.1385,26.17993878,0.4450589593,74.17649321,0.5088033738,0.006859361393,Sasanka Gylcerol and Oil 2,G_80% 34mm
glycerol,80,46,34,6,25,250,250,7,0.14,0.1385,26.17993878,0.4450589593,74.17649321,0.5088033738,0.006859361393,Sasanka Gylcerol and Oil 2,G_80% 34mm
glycerol,80,46,34,6,25,250,250,8,0.14,0.1385,26.17993878,0.4450589593,74.17649321,0.5088033738,0.006859361393,Sasanka Gylcerol and Oil 2,G_80% 34mm
glycerol,80,46,34,6,25,250,250,9,0.14,0.1385,26.17993878,0.4450589593,74.17649321,0.5088033738,0.006859361393,Sasanka Gylcerol and Oil 2,G_80% 34mm
glycerol,80,46,34,6,25,250,250,10,0.14,0.1385,26.17993878,0.4450589593,74.17649321,0.5088033738,0.006859361393,Sasanka Gylcerol and Oil 2,G_80% 34mm
glycerol,80,46,34,6,25,250,250,11,0.14,0.1385,26.17993878,0.4450589593,74.17649321,0.5088033738,0.006859361393,Sasanka Gylcerol and Oil 2,G_80% 34mm
glycerol,80,46,34,6,25,250,250,12,0.14,0.1385,26.17993878,0.4450589593,74.17649321,0.5088033738,0.006859361393,Sasanka Gylcerol and Oil 2,G_80% 34mm
glycerol,80,46,34,6,25,250,250,13,0.14,0.1385,26.17993878,0.4450589593,74.17649321,0.5088033738,0.006859361393,Sasanka Gylcerol and Oil 2,G_80% 34mm
glycerol,80,46,34,6,25,250,250,14,0.15,0.1385,26.17993878,0.4450589593,74.17649321,0.5088033738,0.006859361393,Sasanka Gylcerol and Oil 2,G_80% 34mm
glycerol,80,46,34,6,25,250,250,15,0.14,0.1385,26.17993878,0.4450589593,74.17649321,0.5088033738,0.006859361393,Sasanka Gylcerol and Oil 2,G_80% 34mm
glycerol,80,46,34,6,25,250,250,16,0.15,0.1385,26.17993878,0.4450589593,74.17649321,0.5088033738,0.006859361393,Sasanka Gylcerol and Oil 2,G_80% 34mm
glycerol,80,46,34,6,25,250,250,17,0.15,0.1385,26.17993878,0.4450589593,74.17649321,0.5088033738,0.006859361393,Sasanka Gylcerol and Oil 2,G_80% 34mm
glycerol,80,46,34,6,25,250,250,18,0.15,0.1385,26.17993878,0.4450589593,74.17649321,0.5088033738,0.006859361393,Sasanka Gylcerol and Oil 2,G_80% 34mm
glycerol,80,46,34,6,25,250,250,19,0.15,0.1385,26.17993878,0.4450589593,74.17649321,0.5088033738,0.006859361393,Sasanka Gylcerol and Oil 2,G_80% 34mm
glycerol,80,46,34,6,25,250,250,20,0.15,0.1385,26.17993878,0.4450589593,74.17649321,0.5088033738,0.006859361393,Sasanka Gylcerol and Oil 2,G_80% 34mm
glycerol,80,46,34,6,25,260.19,260,1,0.15,0.1555,27.22713633,0.4628613176,77.14355294,0.5712557734,0.007405100643,Sasanka Gylcerol and Oil 2,G_80% 34mm
glycerol,80,46,34,6,25,260.19,260,2,0.15,0.1555,27.22713633,0.4628613176,77.14355294,0.5712557734,0.007405100643,Sasanka Gylcerol and Oil 2,G_80% 34mm
glycerol,80,46,34,6,25,260.19,260,3,0.15,0.1555,27.22713633,0.4628613176,77.14355294,0.5712557734,0.007405100643,Sasanka Gylcerol and Oil 2,G_80% 34mm
glycerol,80,46,34,6,25,260.19,260,4,0.15,0.1555,27.22713633,0.4628613176,77.14355294,0.5712557734,0.007405100643,Sasanka Gylcerol and Oil 2,G_80% 34mm
glycerol,80,46,34,6,25,260.19,260,5,0.15,0.1555,27.22713633,0.4628613176,77.14355294,0.5712557734,0.007405100643,Sasanka Gylcerol and Oil 2,G_80% 34mm
glycerol,80,46,34,6,25,260.19,260,6,0.15,0.1555,27.22713633,0.4628613176,77.14355294,0.5712557734,0.007405100643,Sasanka Gylcerol and Oil 2,G_80% 34mm
glycerol,80,46,34,6,25,260.19,260,7,0.15,0.1555,27.22713633,0.4628613176,77.14355294,0.5712557734,0.007405100643,Sasanka Gylcerol and Oil 2,G_80% 34mm
glycerol,80,46,34,6,25,260.19,260,8,0.15,0.1555,27.22713633,0.4628613176,77.14355294,0.5712557734,0.007405100643,Sasanka Gylcerol and Oil 2,G_80% 34mm
glycerol,80,46,34,6,25,260.19,260,9,0.15,0.1555,27.22713633,0.4628613176,77.14355294,0.5712557734,0.007405100643,Sasanka Gylcerol and Oil 2,G_80% 34mm
glycerol,80,46,34,6,25,260.19,260,10,0.16,0.1555,27.22713633,0.4628613176,77.14355294,0.5712557734,0.007405100643,Sasanka Gylcerol and Oil 2,G_80% 34mm
glycerol,80,46,34,6,25,260.19,260,11,0.16,0.1555,27.22713633,0.4628613176,77.14355294,0.5712557734,0.007405100643,Sasanka Gylcerol and Oil 2,G_80% 34mm
glycerol,80,46,34,6,25,260.19,260,12,0.16,0.1555,27.22713633,0.4628613176,77.14355294,0.5712557734,0.007405100643,Sasanka Gylcerol and Oil 2,G_80% 34mm
glycerol,80,46,34,6,25,260.19,260,13,0.16,0.1555,27.22713633,0.4628613176,77.14355294,0.5712557734,0.007405100643,Sasanka Gylcerol and Oil 2,G_80% 34mm
glycerol,80,46,34,6,25,260.19,260,14,0.16,0.1555,27.22713633,0.4628613176,77.14355294,0.5712557734,0.007405100643,Sasanka Gylcerol and Oil 2,G_80% 34mm
glycerol,80,46,34,6,25,260.19,260,15,0.16,0.1555,27.22713633,0.4628613176,77.14355294,0.5712557734,0.007405100643,Sasanka Gylcerol and Oil 2,G_80% 34mm
glycerol,80,46,34,6,25,260.19,260,16,0.16,0.1555,27.22713633,0.4628613176,77.14355294,0.5712557734,0.007405100643,Sasanka Gylcerol and Oil 2,G_80% 34mm
glycerol,80,46,34,6,25,260.19,260,17,0.16,0.1555,27.22713633,0.4628613176,77.14355294,0.5712557734,0.007405100643,Sasanka Gylcerol and Oil 2,G_80% 34mm
glycerol,80,46,34,6,25,260.19,260,18,0.16,0.1555,27.22713633,0.4628613176,77.14355294,0.5712557734,0.007405100643,Sasanka Gylcerol and Oil 2,G_80% 34mm
glycerol,80,46,34,6,25,260.19,260,19,0.16,0.1555,27.22713633,0.4628613176,77.14355294,0.5712557734,0.007405100643,Sasanka Gylcerol and Oil 2,G_80% 34mm
glycerol,80,46,34,6,25,260.19,260,20,0.16,0.1555,27.22713633,0.4628613176,77.14355294,0.5712557734,0.007405100643,Sasanka Gylcerol and Oil 2,G_80% 34mm
glycerol,80,46,34,6,25,270.03,270,1,0.16,0.175,28.27433388,0.480663676,80.11061267,0.6428923495,0.008025058455,Sasanka Gylcerol and Oil 2,G_80% 34mm
glycerol,80,46,34,6,25,270.03,270,2,0.17,0.175,28.27433388,0.480663676,80.11061267,0.6428923495,0.008025058455,Sasanka Gylcerol and Oil 2,G_80% 34mm
glycerol,80,46,34,6,25,270.03,270,3,0.18,0.175,28.27433388,0.480663676,80.11061267,0.6428923495,0.008025058455,Sasanka Gylcerol and Oil 2,G_80% 34mm
glycerol,80,46,34,6,25,270.03,270,4,0.17,0.175,28.27433388,0.480663676,80.11061267,0.6428923495,0.008025058455,Sasanka Gylcerol and Oil 2,G_80% 34mm
glycerol,80,46,34,6,25,270.03,270,5,0.17,0.175,28.27433388,0.480663676,80.11061267,0.6428923495,0.008025058455,Sasanka Gylcerol and Oil 2,G_80% 34mm
glycerol,80,46,34,6,25,270.03,270,6,0.17,0.175,28.27433388,0.480663676,80.11061267,0.6428923495,0.008025058455,Sasanka Gylcerol and Oil 2,G_80% 34mm
glycerol,80,46,34,6,25,270.03,270,7,0.17,0.175,28.27433388,0.480663676,80.11061267,0.6428923495,0.008025058455,Sasanka Gylcerol and Oil 2,G_80% 34mm
glycerol,80,46,34,6,25,270.03,270,8,0.17,0.175,28.27433388,0.480663676,80.11061267,0.6428923495,0.008025058455,Sasanka Gylcerol and Oil 2,G_80% 34mm
glycerol,80,46,34,6,25,270.03,270,9,0.17,0.175,28.27433388,0.480663676,80.11061267,0.6428923495,0.008025058455,Sasanka Gylcerol and Oil 2,G_80% 34mm
glycerol,80,46,34,6,25,270.03,270,10,0.18,0.175,28.27433388,0.480663676,80.11061267,0.6428923495,0.008025058455,Sasanka Gylcerol and Oil 2,G_80% 34mm
glycerol,80,46,34,6,25,270.03,270,11,0.18,0.175,28.27433388,0.480663676,80.11061267,0.6428923495,0.008025058455,Sasanka Gylcerol and Oil 2,G_80% 34mm
glycerol,80,46,34,6,25,270.03,270,12,0.18,0.175,28.27433388,0.480663676,80.11061267,0.6428923495,0.008025058455,Sasanka Gylcerol and Oil 2,G_80% 34mm
glycerol,80,46,34,6,25,270.03,270,13,0.18,0.175,28.27433388,0.480663676,80.11061267,0.6428923495,0.008025058455,Sasanka Gylcerol and Oil 2,G_80% 34mm
glycerol,80,46,34,6,25,270.03,270,14,0.18,0.175,28.27433388,0.480663676,80.11061267,0.6428923495,0.008025058455,Sasanka Gylcerol and Oil 2,G_80% 34mm
glycerol,80,46,34,6,25,270.03,270,15,0.18,0.175,28.27433388,0.480663676,80.11061267,0.6428923495,0.008025058455,Sasanka Gylcerol and Oil 2,G_80% 34mm
glycerol,80,46,34,6,25,270.03,270,16,0.17,0.175,28.27433388,0.480663676,80.11061267,0.6428923495,0.008025058455,Sasanka Gylcerol and Oil 2,G_80% 34mm
glycerol,80,46,34,6,25,270.03,270,17,0.18,0.175,28.27433388,0.480663676,80.11061267,0.6428923495,0.008025058455,Sasanka Gylcerol and Oil 2,G_80% 34mm
glycerol,80,46,34,6,25,270.03,270,18,0.18,0.175,28.27433388,0.480663676,80.11061267,0.6428923495,0.008025058455,Sasanka Gylcerol and Oil 2,G_80% 34mm
glycerol,80,46,34,6,25,270.03,270,19,0.18,0.175,28.27433388,0.480663676,80.11061267,0.6428923495,0.008025058455,Sasanka Gylcerol and Oil 2,G_80% 34mm
glycerol,80,46,34,6,25,270.03,270,20,0.18,0.175,28.27433388,0.480663676,80.11061267,0.6428923495,0.008025058455,Sasanka Gylcerol and Oil 2,G_80% 34mm
glycerol,80,46,34,6,25,280.11,280,1,0.18,0.197,29.32153143,0.4984660344,83.07767239,0.723713102,0.008711282842,Sasanka Gylcerol and Oil 2,G_80% 34mm
glycerol,80,46,34,6,25,280.11,280,2,0.19,0.197,29.32153143,0.4984660344,83.07767239,0.723713102,0.008711282842,Sasanka Gylcerol and Oil 2,G_80% 34mm
glycerol,80,46,34,6,25,280.11,280,3,0.2,0.197,29.32153143,0.4984660344,83.07767239,0.723713102,0.008711282842,Sasanka Gylcerol and Oil 2,G_80% 34mm
glycerol,80,46,34,6,25,280.11,280,4,0.2,0.197,29.32153143,0.4984660344,83.07767239,0.723713102,0.008711282842,Sasanka Gylcerol and Oil 2,G_80% 34mm
glycerol,80,46,34,6,25,280.11,280,5,0.2,0.197,29.32153143,0.4984660344,83.07767239,0.723713102,0.008711282842,Sasanka Gylcerol and Oil 2,G_80% 34mm
glycerol,80,46,34,6,25,280.11,280,6,0.19,0.197,29.32153143,0.4984660344,83.07767239,0.723713102,0.008711282842,Sasanka Gylcerol and Oil 2,G_80% 34mm
glycerol,80,46,34,6,25,280.11,280,7,0.19,0.197,29.32153143,0.4984660344,83.07767239,0.723713102,0.008711282842,Sasanka Gylcerol and Oil 2,G_80% 34mm
glycerol,80,46,34,6,25,280.11,280,8,0.2,0.197,29.32153143,0.4984660344,83.07767239,0.723713102,0.008711282842,Sasanka Gylcerol and Oil 2,G_80% 34mm
glycerol,80,46,34,6,25,280.11,280,9,0.2,0.197,29.32153143,0.4984660344,83.07767239,0.723713102,0.008711282842,Sasanka Gylcerol and Oil 2,G_80% 34mm
glycerol,80,46,34,6,25,280.11,280,10,0.2,0.197,29.32153143,0.4984660344,83.07767239,0.723713102,0.008711282842,Sasanka Gylcerol and Oil 2,G_80% 34mm
glycerol,80,46,34,6,25,280.11,280,11,0.2,0.197,29.32153143,0.4984660344,83.07767239,0.723713102,0.008711282842,Sasanka Gylcerol and Oil 2,G_80% 34mm
glycerol,80,46,34,6,25,280.11,280,12,0.2,0.197,29.32153143,0.4984660344,83.07767239,0.723713102,0.008711282842,Sasanka Gylcerol and Oil 2,G_80% 34mm
glycerol,80,46,34,6,25,280.11,280,13,0.2,0.197,29.32153143,0.4984660344,83.07767239,0.723713102,0.008711282842,Sasanka Gylcerol and Oil 2,G_80% 34mm
glycerol,80,46,34,6,25,280.11,280,14,0.2,0.197,29.32153143,0.4984660344,83.07767239,0.723713102,0.008711282842,Sasanka Gylcerol and Oil 2,G_80% 34mm
glycerol,80,46,34,6,25,280.11,280,15,0.19,0.197,29.32153143,0.4984660344,83.07767239,0.723713102,0.008711282842,Sasanka Gylcerol and Oil 2,G_80% 34mm
glycerol,80,46,34,6,25,280.11,280,16,0.2,0.197,29.32153143,0.4984660344,83.07767239,0.723713102,0.008711282842,Sasanka Gylcerol and Oil 2,G_80% 34mm
glycerol,80,46,34,6,25,280.11,280,17,0.2,0.197,29.32153143,0.4984660344,83.07767239,0.723713102,0.008711282842,Sasanka Gylcerol and Oil 2,G_80% 34mm
glycerol,80,46,34,6,25,280.11,280,18,0.2,0.197,29.32153143,0.4984660344,83.07767239,0.723713102,0.008711282842,Sasanka Gylcerol and Oil 2,G_80% 34mm
glycerol,80,46,34,6,25,280.11,280,19,0.2,0.197,29.32153143,0.4984660344,83.07767239,0.723713102,0.008711282842,Sasanka Gylcerol and Oil 2,G_80% 34mm
glycerol,80,46,34,6,25,280.11,280,20,0.2,0.197,29.32153143,0.4984660344,83.07767239,0.723713102,0.008711282842,Sasanka Gylcerol and Oil 2,G_80% 34mm
glycerol,80,46,34,6,25,290.14,290,1,0.2,0.1875,30.36872898,0.5162683927,86.04473212,0.6888132316,0.008005292301,Sasanka Gylcerol and Oil 2,G_80% 34mm
glycerol,80,46,34,6,25,290.14,290,2,0.2,0.1875,30.36872898,0.5162683927,86.04473212,0.6888132316,0.008005292301,Sasanka Gylcerol and Oil 2,G_80% 34mm
glycerol,80,46,34,6,25,290.14,290,3,0.2,0.1875,30.36872898,0.5162683927,86.04473212,0.6888132316,0.008005292301,Sasanka Gylcerol and Oil 2,G_80% 34mm
glycerol,80,46,34,6,25,290.14,290,4,0.2,0.1875,30.36872898,0.5162683927,86.04473212,0.6888132316,0.008005292301,Sasanka Gylcerol and Oil 2,G_80% 34mm
glycerol,80,46,34,6,25,290.14,290,5,0.2,0.1875,30.36872898,0.5162683927,86.04473212,0.6888132316,0.008005292301,Sasanka Gylcerol and Oil 2,G_80% 34mm
glycerol,80,46,34,6,25,290.14,290,6,0.2,0.1875,30.36872898,0.5162683927,86.04473212,0.6888132316,0.008005292301,Sasanka Gylcerol and Oil 2,G_80% 34mm
glycerol,80,46,34,6,25,290.14,290,7,0.2,0.1875,30.36872898,0.5162683927,86.04473212,0.6888132316,0.008005292301,Sasanka Gylcerol and Oil 2,G_80% 34mm
glycerol,80,46,34,6,25,290.14,290,8,0.2,0.1875,30.36872898,0.5162683927,86.04473212,0.6888132316,0.008005292301,Sasanka Gylcerol and Oil 2,G_80% 34mm
glycerol,80,46,34,6,25,290.14,290,9,0.18,0.1875,30.36872898,0.5162683927,86.04473212,0.6888132316,0.008005292301,Sasanka Gylcerol and Oil 2,G_80% 34mm
glycerol,80,46,34,6,25,290.14,290,10,0.17,0.1875,30.36872898,0.5162683927,86.04473212,0.6888132316,0.008005292301,Sasanka Gylcerol and Oil 2,G_80% 34mm
glycerol,80,46,34,6,25,290.14,290,11,0.18,0.1875,30.36872898,0.5162683927,86.04473212,0.6888132316,0.008005292301,Sasanka Gylcerol and Oil 2,G_80% 34mm
glycerol,80,46,34,6,25,290.14,290,12,0.17,0.1875,30.36872898,0.5162683927,86.04473212,0.6888132316,0.008005292301,Sasanka Gylcerol and Oil 2,G_80% 34mm
glycerol,80,46,34,6,25,290.14,290,13,0.18,0.1875,30.36872898,0.5162683927,86.04473212,0.6888132316,0.008005292301,Sasanka Gylcerol and Oil 2,G_80% 34mm
glycerol,80,46,34,6,25,290.14,290,14,0.18,0.1875,30.36872898,0.5162683927,86.04473212,0.6888132316,0.008005292301,Sasanka Gylcerol and Oil 2,G_80% 34mm
glycerol,80,46,34,6,25,290.14,290,15,0.18,0.1875,30.36872898,0.5162683927,86.04473212,0.6888132316,0.008005292301,Sasanka Gylcerol and Oil 2,G_80% 34mm
glycerol,80,46,34,6,25,290.14,290,16,0.18,0.1875,30.36872898,0.5162683927,86.04473212,0.6888132316,0.008005292301,Sasanka Gylcerol and Oil 2,G_80% 34mm
glycerol,80,46,34,6,25,290.14,290,17,0.18,0.1875,30.36872898,0.5162683927,86.04473212,0.6888132316,0.008005292301,Sasanka Gylcerol and Oil 2,G_80% 34mm
glycerol,80,46,34,6,25,290.14,290,18,0.18,0.1875,30.36872898,0.5162683927,86.04473212,0.6888132316,0.008005292301,Sasanka Gylcerol and Oil 2,G_80% 34mm
glycerol,80,46,34,6,25,290.14,290,19,0.18,0.1875,30.36872898,0.5162683927,86.04473212,0.6888132316,0.008005292301,Sasanka Gylcerol and Oil 2,G_80% 34mm
glycerol,80,46,34,6,25,290.14,290,20,0.19,0.1875,30.36872898,0.5162683927,86.04473212,0.6888132316,0.008005292301,Sasanka Gylcerol and Oil 2,G_80% 34mm
glycerol,80,46,34,6,25,300,300,1,0.19,0.1875,31.41592654,0.5340707511,89.01179185,0.6888132316,0.007738449225,Sasanka Gylcerol and Oil 2,G_80% 34mm
glycerol,80,46,34,6,25,300,300,2,0.18,0.1875,31.41592654,0.5340707511,89.01179185,0.6888132316,0.007738449225,Sasanka Gylcerol and Oil 2,G_80% 34mm
glycerol,80,46,34,6,25,300,300,3,0.18,0.1875,31.41592654,0.5340707511,89.01179185,0.6888132316,0.007738449225,Sasanka Gylcerol and Oil 2,G_80% 34mm
glycerol,80,46,34,6,25,300,300,4,0.18,0.1875,31.41592654,0.5340707511,89.01179185,0.6888132316,0.007738449225,Sasanka Gylcerol and Oil 2,G_80% 34mm
glycerol,80,46,34,6,25,300,300,5,0.19,0.1875,31.41592654,0.5340707511,89.01179185,0.6888132316,0.007738449225,Sasanka Gylcerol and Oil 2,G_80% 34mm
glycerol,80,46,34,6,25,300,300,6,0.19,0.1875,31.41592654,0.5340707511,89.01179185,0.6888132316,0.007738449225,Sasanka Gylcerol and Oil 2,G_80% 34mm
glycerol,80,46,34,6,25,300,300,7,0.19,0.1875,31.41592654,0.5340707511,89.01179185,0.6888132316,0.007738449225,Sasanka Gylcerol and Oil 2,G_80% 34mm
glycerol,80,46,34,6,25,300,300,8,0.19,0.1875,31.41592654,0.5340707511,89.01179185,0.6888132316,0.007738449225,Sasanka Gylcerol and Oil 2,G_80% 34mm
glycerol,80,46,34,6,25,300,300,9,0.19,0.1875,31.41592654,0.5340707511,89.01179185,0.6888132316,0.007738449225,Sasanka Gylcerol and Oil 2,G_80% 34mm
glycerol,80,46,34,6,25,300,300,10,0.19,0.1875,31.41592654,0.5340707511,89.01179185,0.6888132316,0.007738449225,Sasanka Gylcerol and Oil 2,G_80% 34mm
glycerol,80,46,34,6,25,300,300,11,0.19,0.1875,31.41592654,0.5340707511,89.01179185,0.6888132316,0.007738449225,Sasanka Gylcerol and Oil 2,G_80% 34mm
glycerol,80,46,34,6,25,300,300,12,0.18,0.1875,31.41592654,0.5340707511,89.01179185,0.6888132316,0.007738449225,Sasanka Gylcerol and Oil 2,G_80% 34mm
glycerol,80,46,34,6,25,300,300,13,0.18,0.1875,31.41592654,0.5340707511,89.01179185,0.6888132316,0.007738449225,Sasanka Gylcerol and Oil 2,G_80% 34mm
glycerol,80,46,34,6,25,300,300,14,0.19,0.1875,31.41592654,0.5340707511,89.01179185,0.6888132316,0.007738449225,Sasanka Gylcerol and Oil 2,G_80% 34mm
glycerol,80,46,34,6,25,300,300,15,0.19,0.1875,31.41592654,0.5340707511,89.01179185,0.6888132316,0.007738449225,Sasanka Gylcerol and Oil 2,G_80% 34mm
glycerol,80,46,34,6,25,300,300,16,0.19,0.1875,31.41592654,0.5340707511,89.01179185,0.6888132316,0.007738449225,Sasanka Gylcerol and Oil 2,G_80% 34mm
glycerol,80,46,34,6,25,300,300,17,0.19,0.1875,31.41592654,0.5340707511,89.01179185,0.6888132316,0.007738449225,Sasanka Gylcerol and Oil 2,G_80% 34mm
glycerol,80,46,34,6,25,300,300,18,0.19,0.1875,31.41592654,0.5340707511,89.01179185,0.6888132316,0.007738449225,Sasanka Gylcerol and Oil 2,G_80% 34mm
glycerol,80,46,34,6,25,300,300,19,0.19,0.1875,31.41592654,0.5340707511,89.01179185,0.6888132316,0.007738449225,Sasanka Gylcerol and Oil 2,G_80% 34mm
glycerol,80,46,34,6,25,300,300,20,0.19,0.1875,31.41592654,0.5340707511,89.01179185,0.6888132316,0.007738449225,Sasanka Gylcerol and Oil 2,G_80% 34mm
glycerol,80,46,34,6,25,310.24,310,1,0.19,0.2105,32.46312409,0.5518731095,91.97885158,0.7733076547,0.008407450642,Sasanka Gylcerol and Oil 2,G_80% 34mm
glycerol,80,46,34,6,25,310.24,310,2,0.2,0.2105,32.46312409,0.5518731095,91.97885158,0.7733076547,0.008407450642,Sasanka Gylcerol and Oil 2,G_80% 34mm
glycerol,80,46,34,6,25,310.24,310,3,0.21,0.2105,32.46312409,0.5518731095,91.97885158,0.7733076547,0.008407450642,Sasanka Gylcerol and Oil 2,G_80% 34mm
glycerol,80,46,34,6,25,310.24,310,4,0.21,0.2105,32.46312409,0.5518731095,91.97885158,0.7733076547,0.008407450642,Sasanka Gylcerol and Oil 2,G_80% 34mm
glycerol,80,46,34,6,25,310.24,310,5,0.21,0.2105,32.46312409,0.5518731095,91.97885158,0.7733076547,0.008407450642,Sasanka Gylcerol and Oil 2,G_80% 34mm
glycerol,80,46,34,6,25,310.24,310,6,0.21,0.2105,32.46312409,0.5518731095,91.97885158,0.7733076547,0.008407450642,Sasanka Gylcerol and Oil 2,G_80% 34mm
glycerol,80,46,34,6,25,310.24,310,7,0.21,0.2105,32.46312409,0.5518731095,91.97885158,0.7733076547,0.008407450642,Sasanka Gylcerol and Oil 2,G_80% 34mm
glycerol,80,46,34,6,25,310.24,310,8,0.21,0.2105,32.46312409,0.5518731095,91.97885158,0.7733076547,0.008407450642,Sasanka Gylcerol and Oil 2,G_80% 34mm
glycerol,80,46,34,6,25,310.24,310,9,0.21,0.2105,32.46312409,0.5518731095,91.97885158,0.7733076547,0.008407450642,Sasanka Gylcerol and Oil 2,G_80% 34mm
glycerol,80,46,34,6,25,310.24,310,10,0.21,0.2105,32.46312409,0.5518731095,91.97885158,0.7733076547,0.008407450642,Sasanka Gylcerol and Oil 2,G_80% 34mm
glycerol,80,46,34,6,25,310.24,310,11,0.21,0.2105,32.46312409,0.5518731095,91.97885158,0.7733076547,0.008407450642,Sasanka Gylcerol and Oil 2,G_80% 34mm
glycerol,80,46,34,6,25,310.24,310,12,0.21,0.2105,32.46312409,0.5518731095,91.97885158,0.7733076547,0.008407450642,Sasanka Gylcerol and Oil 2,G_80% 34mm
glycerol,80,46,34,6,25,310.24,310,13,0.21,0.2105,32.46312409,0.5518731095,91.97885158,0.7733076547,0.008407450642,Sasanka Gylcerol and Oil 2,G_80% 34mm
glycerol,80,46,34,6,25,310.24,310,14,0.21,0.2105,32.46312409,0.5518731095,91.97885158,0.7733076547,0.008407450642,Sasanka Gylcerol and Oil 2,G_80% 34mm
glycerol,80,46,34,6,25,310.24,310,15,0.21,0.2105,32.46312409,0.5518731095,91.97885158,0.7733076547,0.008407450642,Sasanka Gylcerol and Oil 2,G_80% 34mm
glycerol,80,46,34,6,25,310.24,310,16,0.21,0.2105,32.46312409,0.5518731095,91.97885158,0.7733076547,0.008407450642,Sasanka Gylcerol and Oil 2,G_80% 34mm
glycerol,80,46,34,6,25,310.24,310,17,0.22,0.2105,32.46312409,0.5518731095,91.97885158,0.7733076547,0.008407450642,Sasanka Gylcerol and Oil 2,G_80% 34mm
glycerol,80,46,34,6,25,310.24,310,18,0.22,0.2105,32.46312409,0.5518731095,91.97885158,0.7733076547,0.008407450642,Sasanka Gylcerol and Oil 2,G_80% 34mm
glycerol,80,46,34,6,25,310.24,310,19,0.22,0.2105,32.46312409,0.5518731095,91.97885158,0.7733076547,0.008407450642,Sasanka Gylcerol and Oil 2,G_80% 34mm
glycerol,80,46,34,6,25,310.24,310,20,0.22,0.2105,32.46312409,0.5518731095,91.97885158,0.7733076547,0.008407450642,Sasanka Gylcerol and Oil 2,G_80% 34mm
glycerol,80,46,34,6,25,320.17,320,1,0.22,0.2485,33.51032164,0.5696754679,94.94591131,0.9129071363,0.009615023162,Sasanka Gylcerol and Oil 2,G_80% 34mm
glycerol,80,46,34,6,25,320.17,320,2,0.25,0.2485,33.51032164,0.5696754679,94.94591131,0.9129071363,0.009615023162,Sasanka Gylcerol and Oil 2,G_80% 34mm
glycerol,80,46,34,6,25,320.17,320,3,0.25,0.2485,33.51032164,0.5696754679,94.94591131,0.9129071363,0.009615023162,Sasanka Gylcerol and Oil 2,G_80% 34mm
glycerol,80,46,34,6,25,320.17,320,4,0.25,0.2485,33.51032164,0.5696754679,94.94591131,0.9129071363,0.009615023162,Sasanka Gylcerol and Oil 2,G_80% 34mm
glycerol,80,46,34,6,25,320.17,320,5,0.25,0.2485,33.51032164,0.5696754679,94.94591131,0.9129071363,0.009615023162,Sasanka Gylcerol and Oil 2,G_80% 34mm
glycerol,80,46,34,6,25,320.17,320,6,0.25,0.2485,33.51032164,0.5696754679,94.94591131,0.9129071363,0.009615023162,Sasanka Gylcerol and Oil 2,G_80% 34mm
glycerol,80,46,34,6,25,320.17,320,7,0.25,0.2485,33.51032164,0.5696754679,94.94591131,0.9129071363,0.009615023162,Sasanka Gylcerol and Oil 2,G_80% 34mm
glycerol,80,46,34,6,25,320.17,320,8,0.25,0.2485,33.51032164,0.5696754679,94.94591131,0.9129071363,0.009615023162,Sasanka Gylcerol and Oil 2,G_80% 34mm
glycerol,80,46,34,6,25,320.17,320,9,0.25,0.2485,33.51032164,0.5696754679,94.94591131,0.9129071363,0.009615023162,Sasanka Gylcerol and Oil 2,G_80% 34mm
glycerol,80,46,34,6,25,320.17,320,10,0.25,0.2485,33.51032164,0.5696754679,94.94591131,0.9129071363,0.009615023162,Sasanka Gylcerol and Oil 2,G_80% 34mm
glycerol,80,46,34,6,25,320.17,320,11,0.25,0.2485,33.51032164,0.5696754679,94.94591131,0.9129071363,0.009615023162,Sasanka Gylcerol and Oil 2,G_80% 34mm
glycerol,80,46,34,6,25,320.17,320,12,0.25,0.2485,33.51032164,0.5696754679,94.94591131,0.9129071363,0.009615023162,Sasanka Gylcerol and Oil 2,G_80% 34mm
glycerol,80,46,34,6,25,320.17,320,13,0.25,0.2485,33.51032164,0.5696754679,94.94591131,0.9129071363,0.009615023162,Sasanka Gylcerol and Oil 2,G_80% 34mm
glycerol,80,46,34,6,25,320.17,320,14,0.25,0.2485,33.51032164,0.5696754679,94.94591131,0.9129071363,0.009615023162,Sasanka Gylcerol and Oil 2,G_80% 34mm
glycerol,80,46,34,6,25,320.17,320,15,0.25,0.2485,33.51032164,0.5696754679,94.94591131,0.9129071363,0.009615023162,Sasanka Gylcerol and Oil 2,G_80% 34mm
glycerol,80,46,34,6,25,320.17,320,16,0.25,0.2485,33.51032164,0.5696754679,94.94591131,0.9129071363,0.009615023162,Sasanka Gylcerol and Oil 2,G_80% 34mm
glycerol,80,46,34,6,25,320.17,320,17,0.25,0.2485,33.51032164,0.5696754679,94.94591131,0.9129071363,0.009615023162,Sasanka Gylcerol and Oil 2,G_80% 34mm
glycerol,80,46,34,6,25,320.17,320,18,0.25,0.2485,33.51032164,0.5696754679,94.94591131,0.9129071363,0.009615023162,Sasanka Gylcerol and Oil 2,G_80% 34mm
glycerol,80,46,34,6,25,320.17,320,19,0.25,0.2485,33.51032164,0.5696754679,94.94591131,0.9129071363,0.009615023162,Sasanka Gylcerol and Oil 2,G_80% 34mm
glycerol,80,46,34,6,25,320.17,320,20,0.25,0.2485,33.51032164,0.5696754679,94.94591131,0.9129071363,0.009615023162,Sasanka Gylcerol and Oil 2,G_80% 34mm
glycerol,80,46,34,6,25,330.03,330,1,0.25,0.2285,34.55751919,0.5874778262,97.91297104,0.839433725,0.008573263747,Sasanka Gylcerol and Oil 2,G_80% 34mm
glycerol,80,46,34,6,25,330.03,330,2,0.25,0.2285,34.55751919,0.5874778262,97.91297104,0.839433725,0.008573263747,Sasanka Gylcerol and Oil 2,G_80% 34mm
glycerol,80,46,34,6,25,330.03,330,3,0.24,0.2285,34.55751919,0.5874778262,97.91297104,0.839433725,0.008573263747,Sasanka Gylcerol and Oil 2,G_80% 34mm
glycerol,80,46,34,6,25,330.03,330,4,0.24,0.2285,34.55751919,0.5874778262,97.91297104,0.839433725,0.008573263747,Sasanka Gylcerol and Oil 2,G_80% 34mm
glycerol,80,46,34,6,25,330.03,330,5,0.24,0.2285,34.55751919,0.5874778262,97.91297104,0.839433725,0.008573263747,Sasanka Gylcerol and Oil 2,G_80% 34mm
glycerol,80,46,34,6,25,330.03,330,6,0.24,0.2285,34.55751919,0.5874778262,97.91297104,0.839433725,0.008573263747,Sasanka Gylcerol and Oil 2,G_80% 34mm
glycerol,80,46,34,6,25,330.03,330,7,0.24,0.2285,34.55751919,0.5874778262,97.91297104,0.839433725,0.008573263747,Sasanka Gylcerol and Oil 2,G_80% 34mm
glycerol,80,46,34,6,25,330.03,330,8,0.24,0.2285,34.55751919,0.5874778262,97.91297104,0.839433725,0.008573263747,Sasanka Gylcerol and Oil 2,G_80% 34mm
glycerol,80,46,34,6,25,330.03,330,9,0.24,0.2285,34.55751919,0.5874778262,97.91297104,0.839433725,0.008573263747,Sasanka Gylcerol and Oil 2,G_80% 34mm
glycerol,80,46,34,6,25,330.03,330,10,0.23,0.2285,34.55751919,0.5874778262,97.91297104,0.839433725,0.008573263747,Sasanka Gylcerol and Oil 2,G_80% 34mm
glycerol,80,46,34,6,25,330.03,330,11,0.23,0.2285,34.55751919,0.5874778262,97.91297104,0.839433725,0.008573263747,Sasanka Gylcerol and Oil 2,G_80% 34mm
glycerol,80,46,34,6,25,330.03,330,12,0.23,0.2285,34.55751919,0.5874778262,97.91297104,0.839433725,0.008573263747,Sasanka Gylcerol and Oil 2,G_80% 34mm
glycerol,80,46,34,6,25,330.03,330,13,0.22,0.2285,34.55751919,0.5874778262,97.91297104,0.839433725,0.008573263747,Sasanka Gylcerol and Oil 2,G_80% 34mm
glycerol,80,46,34,6,25,330.03,330,14,0.22,0.2285,34.55751919,0.5874778262,97.91297104,0.839433725,0.008573263747,Sasanka Gylcerol and Oil 2,G_80% 34mm
glycerol,80,46,34,6,25,330.03,330,15,0.22,0.2285,34.55751919,0.5874778262,97.91297104,0.839433725,0.008573263747,Sasanka Gylcerol and Oil 2,G_80% 34mm
glycerol,80,46,34,6,25,330.03,330,16,0.23,0.2285,34.55751919,0.5874778262,97.91297104,0.839433725,0.008573263747,Sasanka Gylcerol and Oil 2,G_80% 34mm
glycerol,80,46,34,6,25,330.03,330,17,0.22,0.2285,34.55751919,0.5874778262,97.91297104,0.839433725,0.008573263747,Sasanka Gylcerol and Oil 2,G_80% 34mm
glycerol,80,46,34,6,25,330.03,330,18,0.2,0.2285,34.55751919,0.5874778262,97.91297104,0.839433725,0.008573263747,Sasanka Gylcerol and Oil 2,G_80% 34mm
glycerol,80,46,34,6,25,330.03,330,19,0.19,0.2285,34.55751919,0.5874778262,97.91297104,0.839433725,0.008573263747,Sasanka Gylcerol and Oil 2,G_80% 34mm
glycerol,80,46,34,6,25,330.03,330,20,0.2,0.2285,34.55751919,0.5874778262,97.91297104,0.839433725,0.008573263747,Sasanka Gylcerol and Oil 2,G_80% 34mm
glycerol,80,46,34,6,25,340.14,340,1,0.2,0.2375,35.60471674,0.6052801846,100.8800308,0.8724967601,0.008648855016,Sasanka Gylcerol and Oil 2,G_80% 34mm
glycerol,80,46,34,6,25,340.14,340,2,0.21,0.2375,35.60471674,0.6052801846,100.8800308,0.8724967601,0.008648855016,Sasanka Gylcerol and Oil 2,G_80% 34mm
glycerol,80,46,34,6,25,340.14,340,3,0.21,0.2375,35.60471674,0.6052801846,100.8800308,0.8724967601,0.008648855016,Sasanka Gylcerol and Oil 2,G_80% 34mm
glycerol,80,46,34,6,25,340.14,340,4,0.2,0.2375,35.60471674,0.6052801846,100.8800308,0.8724967601,0.008648855016,Sasanka Gylcerol and Oil 2,G_80% 34mm
glycerol,80,46,34,6,25,340.14,340,5,0.2,0.2375,35.60471674,0.6052801846,100.8800308,0.8724967601,0.008648855016,Sasanka Gylcerol and Oil 2,G_80% 34mm
glycerol,80,46,34,6,25,340.14,340,6,0.2,0.2375,35.60471674,0.6052801846,100.8800308,0.8724967601,0.008648855016,Sasanka Gylcerol and Oil 2,G_80% 34mm
glycerol,80,46,34,6,25,340.14,340,7,0.21,0.2375,35.60471674,0.6052801846,100.8800308,0.8724967601,0.008648855016,Sasanka Gylcerol and Oil 2,G_80% 34mm
glycerol,80,46,34,6,25,340.14,340,8,0.23,0.2375,35.60471674,0.6052801846,100.8800308,0.8724967601,0.008648855016,Sasanka Gylcerol and Oil 2,G_80% 34mm
glycerol,80,46,34,6,25,340.14,340,9,0.25,0.2375,35.60471674,0.6052801846,100.8800308,0.8724967601,0.008648855016,Sasanka Gylcerol and Oil 2,G_80% 34mm
glycerol,80,46,34,6,25,340.14,340,10,0.25,0.2375,35.60471674,0.6052801846,100.8800308,0.8724967601,0.008648855016,Sasanka Gylcerol and Oil 2,G_80% 34mm
glycerol,80,46,34,6,25,340.14,340,11,0.25,0.2375,35.60471674,0.6052801846,100.8800308,0.8724967601,0.008648855016,Sasanka Gylcerol and Oil 2,G_80% 34mm
glycerol,80,46,34,6,25,340.14,340,12,0.26,0.2375,35.60471674,0.6052801846,100.8800308,0.8724967601,0.008648855016,Sasanka Gylcerol and Oil 2,G_80% 34mm
glycerol,80,46,34,6,25,340.14,340,13,0.26,0.2375,35.60471674,0.6052801846,100.8800308,0.8724967601,0.008648855016,Sasanka Gylcerol and Oil 2,G_80% 34mm
glycerol,80,46,34,6,25,340.14,340,14,0.26,0.2375,35.60471674,0.6052801846,100.8800308,0.8724967601,0.008648855016,Sasanka Gylcerol and Oil 2,G_80% 34mm
glycerol,80,46,34,6,25,340.14,340,15,0.26,0.2375,35.60471674,0.6052801846,100.8800308,0.8724967601,0.008648855016,Sasanka Gylcerol and Oil 2,G_80% 34mm
glycerol,80,46,34,6,25,340.14,340,16,0.26,0.2375,35.60471674,0.6052801846,100.8800308,0.8724967601,0.008648855016,Sasanka Gylcerol and Oil 2,G_80% 34mm
glycerol,80,46,34,6,25,340.14,340,17,0.26,0.2375,35.60471674,0.6052801846,100.8800308,0.8724967601,0.008648855016,Sasanka Gylcerol and Oil 2,G_80% 34mm
glycerol,80,46,34,6,25,340.14,340,18,0.26,0.2375,35.60471674,0.6052801846,100.8800308,0.8724967601,0.008648855016,Sasanka Gylcerol and Oil 2,G_80% 34mm
glycerol,80,46,34,6,25,340.14,340,19,0.26,0.2375,35.60471674,0.6052801846,100.8800308,0.8724967601,0.008648855016,Sasanka Gylcerol and Oil 2,G_80% 34mm
glycerol,80,46,34,6,25,340.14,340,20,0.26,0.2375,35.60471674,0.6052801846,100.8800308,0.8724967601,0.008648855016,Sasanka Gylcerol and Oil 2,G_80% 34mm
glycerol,80,46,34,6,25,350.06,350,1,0.25,0.265,36.65191429,0.623082543,103.8470905,0.9735227007,0.009374578489,Sasanka Gylcerol and Oil 2,G_80% 34mm
glycerol,80,46,34,6,25,350.06,350,2,0.26,0.265,36.65191429,0.623082543,103.8470905,0.9735227007,0.009374578489,Sasanka Gylcerol and Oil 2,G_80% 34mm
glycerol,80,46,34,6,25,350.06,350,3,0.26,0.265,36.65191429,0.623082543,103.8470905,0.9735227007,0.009374578489,Sasanka Gylcerol and Oil 2,G_80% 34mm
glycerol,80,46,34,6,25,350.06,350,4,0.26,0.265,36.65191429,0.623082543,103.8470905,0.9735227007,0.009374578489,Sasanka Gylcerol and Oil 2,G_80% 34mm
glycerol,80,46,34,6,25,350.06,350,5,0.26,0.265,36.65191429,0.623082543,103.8470905,0.9735227007,0.009374578489,Sasanka Gylcerol and Oil 2,G_80% 34mm
glycerol,80,46,34,6,25,350.06,350,6,0.26,0.265,36.65191429,0.623082543,103.8470905,0.9735227007,0.009374578489,Sasanka Gylcerol and Oil 2,G_80% 34mm
glycerol,80,46,34,6,25,350.06,350,7,0.26,0.265,36.65191429,0.623082543,103.8470905,0.9735227007,0.009374578489,Sasanka Gylcerol and Oil 2,G_80% 34mm
glycerol,80,46,34,6,25,350.06,350,8,0.27,0.265,36.65191429,0.623082543,103.8470905,0.9735227007,0.009374578489,Sasanka Gylcerol and Oil 2,G_80% 34mm
glycerol,80,46,34,6,25,350.06,350,9,0.26,0.265,36.65191429,0.623082543,103.8470905,0.9735227007,0.009374578489,Sasanka Gylcerol and Oil 2,G_80% 34mm
glycerol,80,46,34,6,25,350.06,350,10,0.26,0.265,36.65191429,0.623082543,103.8470905,0.9735227007,0.009374578489,Sasanka Gylcerol and Oil 2,G_80% 34mm
glycerol,80,46,34,6,25,350.06,350,11,0.27,0.265,36.65191429,0.623082543,103.8470905,0.9735227007,0.009374578489,Sasanka Gylcerol and Oil 2,G_80% 34mm
glycerol,80,46,34,6,25,350.06,350,12,0.27,0.265,36.65191429,0.623082543,103.8470905,0.9735227007,0.009374578489,Sasanka Gylcerol and Oil 2,G_80% 34mm
glycerol,80,46,34,6,25,350.06,350,13,0.27,0.265,36.65191429,0.623082543,103.8470905,0.9735227007,0.009374578489,Sasanka Gylcerol and Oil 2,G_80% 34mm
glycerol,80,46,34,6,25,350.06,350,14,0.27,0.265,36.65191429,0.623082543,103.8470905,0.9735227007,0.009374578489,Sasanka Gylcerol and Oil 2,G_80% 34mm
glycerol,80,46,34,6,25,350.06,350,15,0.27,0.265,36.65191429,0.623082543,103.8470905,0.9735227007,0.009374578489,Sasanka Gylcerol and Oil 2,G_80% 34mm
glycerol,80,46,34,6,25,350.06,350,16,0.27,0.265,36.65191429,0.623082543,103.8470905,0.9735227007,0.009374578489,Sasanka Gylcerol and Oil 2,G_80% 34mm
glycerol,80,46,34,6,25,350.06,350,17,0.27,0.265,36.65191429,0.623082543,103.8470905,0.9735227007,0.009374578489,Sasanka Gylcerol and Oil 2,G_80% 34mm
glycerol,80,46,34,6,25,350.06,350,18,0.27,0.265,36.65191429,0.623082543,103.8470905,0.9735227007,0.009374578489,Sasanka Gylcerol and Oil 2,G_80% 34mm
glycerol,80,46,34,6,25,350.06,350,19,0.27,0.265,36.65191429,0.623082543,103.8470905,0.9735227007,0.009374578489,Sasanka Gylcerol and Oil 2,G_80% 34mm
glycerol,80,46,34,6,25,350.06,350,20,0.27,0.265,36.65191429,0.623082543,103.8470905,0.9735227007,0.009374578489,Sasanka Gylcerol and Oil 2,G_80% 34mm
glycerol,80,46,34,6,25,360.14,360,1,0.27,0.2865,37.69911184,0.6408849013,106.8141502,1.052506618,0.009853625346,Sasanka Gylcerol and Oil 2,G_80% 34mm
glycerol,80,46,34,6,25,360.14,360,2,0.28,0.2865,37.69911184,0.6408849013,106.8141502,1.052506618,0.009853625346,Sasanka Gylcerol and Oil 2,G_80% 34mm
glycerol,80,46,34,6,25,360.14,360,3,0.29,0.2865,37.69911184,0.6408849013,106.8141502,1.052506618,0.009853625346,Sasanka Gylcerol and Oil 2,G_80% 34mm
glycerol,80,46,34,6,25,360.14,360,4,0.28,0.2865,37.69911184,0.6408849013,106.8141502,1.052506618,0.009853625346,Sasanka Gylcerol and Oil 2,G_80% 34mm
glycerol,80,46,34,6,25,360.14,360,5,0.28,0.2865,37.69911184,0.6408849013,106.8141502,1.052506618,0.009853625346,Sasanka Gylcerol and Oil 2,G_80% 34mm
glycerol,80,46,34,6,25,360.14,360,6,0.29,0.2865,37.69911184,0.6408849013,106.8141502,1.052506618,0.009853625346,Sasanka Gylcerol and Oil 2,G_80% 34mm
glycerol,80,46,34,6,25,360.14,360,7,0.29,0.2865,37.69911184,0.6408849013,106.8141502,1.052506618,0.009853625346,Sasanka Gylcerol and Oil 2,G_80% 34mm
glycerol,80,46,34,6,25,360.14,360,8,0.29,0.2865,37.69911184,0.6408849013,106.8141502,1.052506618,0.009853625346,Sasanka Gylcerol and Oil 2,G_80% 34mm
glycerol,80,46,34,6,25,360.14,360,9,0.29,0.2865,37.69911184,0.6408849013,106.8141502,1.052506618,0.009853625346,Sasanka Gylcerol and Oil 2,G_80% 34mm
glycerol,80,46,34,6,25,360.14,360,10,0.29,0.2865,37.69911184,0.6408849013,106.8141502,1.052506618,0.009853625346,Sasanka Gylcerol and Oil 2,G_80% 34mm
glycerol,80,46,34,6,25,360.14,360,11,0.29,0.2865,37.69911184,0.6408849013,106.8141502,1.052506618,0.009853625346,Sasanka Gylcerol and Oil 2,G_80% 34mm
glycerol,80,46,34,6,25,360.14,360,12,0.29,0.2865,37.69911184,0.6408849013,106.8141502,1.052506618,0.009853625346,Sasanka Gylcerol and Oil 2,G_80% 34mm
glycerol,80,46,34,6,25,360.14,360,13,0.28,0.2865,37.69911184,0.6408849013,106.8141502,1.052506618,0.009853625346,Sasanka Gylcerol and Oil 2,G_80% 34mm
glycerol,80,46,34,6,25,360.14,360,14,0.28,0.2865,37.69911184,0.6408849013,106.8141502,1.052506618,0.009853625346,Sasanka Gylcerol and Oil 2,G_80% 34mm
glycerol,80,46,34,6,25,360.14,360,15,0.29,0.2865,37.69911184,0.6408849013,106.8141502,1.052506618,0.009853625346,Sasanka Gylcerol and Oil 2,G_80% 34mm
glycerol,80,46,34,6,25,360.14,360,16,0.29,0.2865,37.69911184,0.6408849013,106.8141502,1.052506618,0.009853625346,Sasanka Gylcerol and Oil 2,G_80% 34mm
glycerol,80,46,34,6,25,360.14,360,17,0.29,0.2865,37.69911184,0.6408849013,106.8141502,1.052506618,0.009853625346,Sasanka Gylcerol and Oil 2,G_80% 34mm
glycerol,80,46,34,6,25,360.14,360,18,0.29,0.2865,37.69911184,0.6408849013,106.8141502,1.052506618,0.009853625346,Sasanka Gylcerol and Oil 2,G_80% 34mm
glycerol,80,46,34,6,25,360.14,360,19,0.29,0.2865,37.69911184,0.6408849013,106.8141502,1.052506618,0.009853625346,Sasanka Gylcerol and Oil 2,G_80% 34mm
glycerol,80,46,34,6,25,360.14,360,20,0.29,0.2865,37.69911184,0.6408849013,106.8141502,1.052506618,0.009853625346,Sasanka Gylcerol and Oil 2,G_80% 34mm
glycerol,80,46,34,6,25,370.37,370,1,0.29,0.3165,38.74630939,0.6586872597,109.78121,1.162716735,0.01059121807,Sasanka Gylcerol and Oil 2,G_80% 34mm
glycerol,80,46,34,6,25,370.37,370,2,0.3,0.3165,38.74630939,0.6586872597,109.78121,1.162716735,0.01059121807,Sasanka Gylcerol and Oil 2,G_80% 34mm
glycerol,80,46,34,6,25,370.37,370,3,0.31,0.3165,38.74630939,0.6586872597,109.78121,1.162716735,0.01059121807,Sasanka Gylcerol and Oil 2,G_80% 34mm
glycerol,80,46,34,6,25,370.37,370,4,0.31,0.3165,38.74630939,0.6586872597,109.78121,1.162716735,0.01059121807,Sasanka Gylcerol and Oil 2,G_80% 34mm
glycerol,80,46,34,6,25,370.37,370,5,0.32,0.3165,38.74630939,0.6586872597,109.78121,1.162716735,0.01059121807,Sasanka Gylcerol and Oil 2,G_80% 34mm
glycerol,80,46,34,6,25,370.37,370,6,0.32,0.3165,38.74630939,0.6586872597,109.78121,1.162716735,0.01059121807,Sasanka Gylcerol and Oil 2,G_80% 34mm
glycerol,80,46,34,6,25,370.37,370,7,0.32,0.3165,38.74630939,0.6586872597,109.78121,1.162716735,0.01059121807,Sasanka Gylcerol and Oil 2,G_80% 34mm
glycerol,80,46,34,6,25,370.37,370,8,0.32,0.3165,38.74630939,0.6586872597,109.78121,1.162716735,0.01059121807,Sasanka Gylcerol and Oil 2,G_80% 34mm
glycerol,80,46,34,6,25,370.37,370,9,0.32,0.3165,38.74630939,0.6586872597,109.78121,1.162716735,0.01059121807,Sasanka Gylcerol and Oil 2,G_80% 34mm
glycerol,80,46,34,6,25,370.37,370,10,0.32,0.3165,38.74630939,0.6586872597,109.78121,1.162716735,0.01059121807,Sasanka Gylcerol and Oil 2,G_80% 34mm
glycerol,80,46,34,6,25,370.37,370,11,0.32,0.3165,38.74630939,0.6586872597,109.78121,1.162716735,0.01059121807,Sasanka Gylcerol and Oil 2,G_80% 34mm
glycerol,80,46,34,6,25,370.37,370,12,0.32,0.3165,38.74630939,0.6586872597,109.78121,1.162716735,0.01059121807,Sasanka Gylcerol and Oil 2,G_80% 34mm
glycerol,80,46,34,6,25,370.37,370,13,0.32,0.3165,38.74630939,0.6586872597,109.78121,1.162716735,0.01059121807,Sasanka Gylcerol and Oil 2,G_80% 34mm
glycerol,80,46,34,6,25,370.37,370,14,0.32,0.3165,38.74630939,0.6586872597,109.78121,1.162716735,0.01059121807,Sasanka Gylcerol and Oil 2,G_80% 34mm
glycerol,80,46,34,6,25,370.37,370,15,0.32,0.3165,38.74630939,0.6586872597,109.78121,1.162716735,0.01059121807,Sasanka Gylcerol and Oil 2,G_80% 34mm
glycerol,80,46,34,6,25,370.37,370,16,0.32,0.3165,38.74630939,0.6586872597,109.78121,1.162716735,0.01059121807,Sasanka Gylcerol and Oil 2,G_80% 34mm
glycerol,80,46,34,6,25,370.37,370,17,0.32,0.3165,38.74630939,0.6586872597,109.78121,1.162716735,0.01059121807,Sasanka Gylcerol and Oil 2,G_80% 34mm
glycerol,80,46,34,6,25,370.37,370,18,0.32,0.3165,38.74630939,0.6586872597,109.78121,1.162716735,0.01059121807,Sasanka Gylcerol and Oil 2,G_80% 34mm
glycerol,80,46,34,6,25,370.37,370,19,0.32,0.3165,38.74630939,0.6586872597,109.78121,1.162716735,0.01059121807,Sasanka Gylcerol and Oil 2,G_80% 34mm
glycerol,80,46,34,6,25,370.37,370,20,0.32,0.3165,38.74630939,0.6586872597,109.78121,1.162716735,0.01059121807,Sasanka Gylcerol and Oil 2,G_80% 34mm
glycerol,80,46,34,6,25,380.23,380,1,0.32,0.3295,39.79350695,0.6764896181,112.7482697,1.210474452,0.01073608008,Sasanka Gylcerol and Oil 2,G_80% 34mm
glycerol,80,46,34,6,25,380.23,380,2,0.33,0.3295,39.79350695,0.6764896181,112.7482697,1.210474452,0.01073608008,Sasanka Gylcerol and Oil 2,G_80% 34mm
glycerol,80,46,34,6,25,380.23,380,3,0.33,0.3295,39.79350695,0.6764896181,112.7482697,1.210474452,0.01073608008,Sasanka Gylcerol and Oil 2,G_80% 34mm
glycerol,80,46,34,6,25,380.23,380,4,0.33,0.3295,39.79350695,0.6764896181,112.7482697,1.210474452,0.01073608008,Sasanka Gylcerol and Oil 2,G_80% 34mm
glycerol,80,46,34,6,25,380.23,380,5,0.33,0.3295,39.79350695,0.6764896181,112.7482697,1.210474452,0.01073608008,Sasanka Gylcerol and Oil 2,G_80% 34mm
glycerol,80,46,34,6,25,380.23,380,6,0.33,0.3295,39.79350695,0.6764896181,112.7482697,1.210474452,0.01073608008,Sasanka Gylcerol and Oil 2,G_80% 34mm
glycerol,80,46,34,6,25,380.23,380,7,0.33,0.3295,39.79350695,0.6764896181,112.7482697,1.210474452,0.01073608008,Sasanka Gylcerol and Oil 2,G_80% 34mm
glycerol,80,46,34,6,25,380.23,380,8,0.33,0.3295,39.79350695,0.6764896181,112.7482697,1.210474452,0.01073608008,Sasanka Gylcerol and Oil 2,G_80% 34mm
glycerol,80,46,34,6,25,380.23,380,9,0.33,0.3295,39.79350695,0.6764896181,112.7482697,1.210474452,0.01073608008,Sasanka Gylcerol and Oil 2,G_80% 34mm
glycerol,80,46,34,6,25,380.23,380,10,0.33,0.3295,39.79350695,0.6764896181,112.7482697,1.210474452,0.01073608008,Sasanka Gylcerol and Oil 2,G_80% 34mm
glycerol,80,46,34,6,25,380.23,380,11,0.33,0.3295,39.79350695,0.6764896181,112.7482697,1.210474452,0.01073608008,Sasanka Gylcerol and Oil 2,G_80% 34mm
glycerol,80,46,34,6,25,380.23,380,12,0.33,0.3295,39.79350695,0.6764896181,112.7482697,1.210474452,0.01073608008,Sasanka Gylcerol and Oil 2,G_80% 34mm
glycerol,80,46,34,6,25,380.23,380,13,0.33,0.3295,39.79350695,0.6764896181,112.7482697,1.210474452,0.01073608008,Sasanka Gylcerol and Oil 2,G_80% 34mm
glycerol,80,46,34,6,25,380.23,380,14,0.33,0.3295,39.79350695,0.6764896181,112.7482697,1.210474452,0.01073608008,Sasanka Gylcerol and Oil 2,G_80% 34mm
glycerol,80,46,34,6,25,380.23,380,15,0.33,0.3295,39.79350695,0.6764896181,112.7482697,1.210474452,0.01073608008,Sasanka Gylcerol and Oil 2,G_80% 34mm
glycerol,80,46,34,6,25,380.23,380,16,0.33,0.3295,39.79350695,0.6764896181,112.7482697,1.210474452,0.01073608008,Sasanka Gylcerol and Oil 2,G_80% 34mm
glycerol,80,46,34,6,25,380.23,380,17,0.33,0.3295,39.79350695,0.6764896181,112.7482697,1.210474452,0.01073608008,Sasanka Gylcerol and Oil 2,G_80% 34mm
glycerol,80,46,34,6,25,380.23,380,18,0.33,0.3295,39.79350695,0.6764896181,112.7482697,1.210474452,0.01073608008,Sasanka Gylcerol and Oil 2,G_80% 34mm
glycerol,80,46,34,6,25,380.23,380,19,0.33,0.3295,39.79350695,0.6764896181,112.7482697,1.210474452,0.01073608008,Sasanka Gylcerol and Oil 2,G_80% 34mm
glycerol,80,46,34,6,25,380.23,380,20,0.33,0.3295,39.79350695,0.6764896181,112.7482697,1.210474452,0.01073608008,Sasanka Gylcerol and Oil 2,G_80% 34mm
glycerol,80,46,34,6,25,390.12,390,1,0.33,0.343,40.8407045,0.6942919764,115.7153294,1.260069005,0.01088938701,Sasanka Gylcerol and Oil 2,G_80% 34mm
glycerol,80,46,34,6,25,390.12,390,2,0.34,0.343,40.8407045,0.6942919764,115.7153294,1.260069005,0.01088938701,Sasanka Gylcerol and Oil 2,G_80% 34mm
glycerol,80,46,34,6,25,390.12,390,3,0.34,0.343,40.8407045,0.6942919764,115.7153294,1.260069005,0.01088938701,Sasanka Gylcerol and Oil 2,G_80% 34mm
glycerol,80,46,34,6,25,390.12,390,4,0.34,0.343,40.8407045,0.6942919764,115.7153294,1.260069005,0.01088938701,Sasanka Gylcerol and Oil 2,G_80% 34mm
glycerol,80,46,34,6,25,390.12,390,5,0.35,0.343,40.8407045,0.6942919764,115.7153294,1.260069005,0.01088938701,Sasanka Gylcerol and Oil 2,G_80% 34mm
glycerol,80,46,34,6,25,390.12,390,6,0.35,0.343,40.8407045,0.6942919764,115.7153294,1.260069005,0.01088938701,Sasanka Gylcerol and Oil 2,G_80% 34mm
glycerol,80,46,34,6,25,390.12,390,7,0.35,0.343,40.8407045,0.6942919764,115.7153294,1.260069005,0.01088938701,Sasanka Gylcerol and Oil 2,G_80% 34mm
glycerol,80,46,34,6,25,390.12,390,8,0.35,0.343,40.8407045,0.6942919764,115.7153294,1.260069005,0.01088938701,Sasanka Gylcerol and Oil 2,G_80% 34mm
glycerol,80,46,34,6,25,390.12,390,9,0.34,0.343,40.8407045,0.6942919764,115.7153294,1.260069005,0.01088938701,Sasanka Gylcerol and Oil 2,G_80% 34mm
glycerol,80,46,34,6,25,390.12,390,10,0.35,0.343,40.8407045,0.6942919764,115.7153294,1.260069005,0.01088938701,Sasanka Gylcerol and Oil 2,G_80% 34mm
glycerol,80,46,34,6,25,390.12,390,11,0.35,0.343,40.8407045,0.6942919764,115.7153294,1.260069005,0.01088938701,Sasanka Gylcerol and Oil 2,G_80% 34mm
glycerol,80,46,34,6,25,390.12,390,12,0.34,0.343,40.8407045,0.6942919764,115.7153294,1.260069005,0.01088938701,Sasanka Gylcerol and Oil 2,G_80% 34mm
glycerol,80,46,34,6,25,390.12,390,13,0.34,0.343,40.8407045,0.6942919764,115.7153294,1.260069005,0.01088938701,Sasanka Gylcerol and Oil 2,G_80% 34mm
glycerol,80,46,34,6,25,390.12,390,14,0.34,0.343,40.8407045,0.6942919764,115.7153294,1.260069005,0.01088938701,Sasanka Gylcerol and Oil 2,G_80% 34mm
glycerol,80,46,34,6,25,390.12,390,15,0.34,0.343,40.8407045,0.6942919764,115.7153294,1.260069005,0.01088938701,Sasanka Gylcerol and Oil 2,G_80% 34mm
glycerol,80,46,34,6,25,390.12,390,16,0.34,0.343,40.8407045,0.6942919764,115.7153294,1.260069005,0.01088938701,Sasanka Gylcerol and Oil 2,G_80% 34mm
glycerol,80,46,34,6,25,390.12,390,17,0.34,0.343,40.8407045,0.6942919764,115.7153294,1.260069005,0.01088938701,Sasanka Gylcerol and Oil 2,G_80% 34mm
glycerol,80,46,34,6,25,390.12,390,18,0.34,0.343,40.8407045,0.6942919764,115.7153294,1.260069005,0.01088938701,Sasanka Gylcerol and Oil 2,G_80% 34mm
glycerol,80,46,34,6,25,390.12,390,19,0.34,0.343,40.8407045,0.6942919764,115.7153294,1.260069005,0.01088938701,Sasanka Gylcerol and Oil 2,G_80% 34mm
glycerol,80,46,34,6,25,390.12,390,20,0.35,0.343,40.8407045,0.6942919764,115.7153294,1.260069005,0.01088938701,Sasanka Gylcerol and Oil 2,G_80% 34mm
glycerol,80,46,34,6,25,400,400,1,0.35,0.356,41.88790205,0.7120943348,118.6823891,1.307826722,0.0110195517,Sasanka Gylcerol and Oil 2,G_80% 34mm
glycerol,80,46,34,6,25,400,400,2,0.35,0.356,41.88790205,0.7120943348,118.6823891,1.307826722,0.0110195517,Sasanka Gylcerol and Oil 2,G_80% 34mm
glycerol,80,46,34,6,25,400,400,3,0.36,0.356,41.88790205,0.7120943348,118.6823891,1.307826722,0.0110195517,Sasanka Gylcerol and Oil 2,G_80% 34mm
glycerol,80,46,34,6,25,400,400,4,0.36,0.356,41.88790205,0.7120943348,118.6823891,1.307826722,0.0110195517,Sasanka Gylcerol and Oil 2,G_80% 34mm
glycerol,80,46,34,6,25,400,400,5,0.36,0.356,41.88790205,0.7120943348,118.6823891,1.307826722,0.0110195517,Sasanka Gylcerol and Oil 2,G_80% 34mm
glycerol,80,46,34,6,25,400,400,6,0.36,0.356,41.88790205,0.7120943348,118.6823891,1.307826722,0.0110195517,Sasanka Gylcerol and Oil 2,G_80% 34mm
glycerol,80,46,34,6,25,400,400,7,0.36,0.356,41.88790205,0.7120943348,118.6823891,1.307826722,0.0110195517,Sasanka Gylcerol and Oil 2,G_80% 34mm
glycerol,80,46,34,6,25,400,400,8,0.35,0.356,41.88790205,0.7120943348,118.6823891,1.307826722,0.0110195517,Sasanka Gylcerol and Oil 2,G_80% 34mm
glycerol,80,46,34,6,25,400,400,9,0.35,0.356,41.88790205,0.7120943348,118.6823891,1.307826722,0.0110195517,Sasanka Gylcerol and Oil 2,G_80% 34mm
glycerol,80,46,34,6,25,400,400,10,0.35,0.356,41.88790205,0.7120943348,118.6823891,1.307826722,0.0110195517,Sasanka Gylcerol and Oil 2,G_80% 34mm
glycerol,80,46,34,6,25,400,400,11,0.36,0.356,41.88790205,0.7120943348,118.6823891,1.307826722,0.0110195517,Sasanka Gylcerol and Oil 2,G_80% 34mm
glycerol,80,46,34,6,25,400,400,12,0.35,0.356,41.88790205,0.7120943348,118.6823891,1.307826722,0.0110195517,Sasanka Gylcerol and Oil 2,G_80% 34mm
glycerol,80,46,34,6,25,400,400,13,0.35,0.356,41.88790205,0.7120943348,118.6823891,1.307826722,0.0110195517,Sasanka Gylcerol and Oil 2,G_80% 34mm
glycerol,80,46,34,6,25,400,400,14,0.35,0.356,41.88790205,0.7120943348,118.6823891,1.307826722,0.0110195517,Sasanka Gylcerol and Oil 2,G_80% 34mm
glycerol,80,46,34,6,25,400,400,15,0.36,0.356,41.88790205,0.7120943348,118.6823891,1.307826722,0.0110195517,Sasanka Gylcerol and Oil 2,G_80% 34mm
glycerol,80,46,34,6,25,400,400,16,0.36,0.356,41.88790205,0.7120943348,118.6823891,1.307826722,0.0110195517,Sasanka Gylcerol and Oil 2,G_80% 34mm
glycerol,80,46,34,6,25,400,400,17,0.36,0.356,41.88790205,0.7120943348,118.6823891,1.307826722,0.0110195517,Sasanka Gylcerol and Oil 2,G_80% 34mm
glycerol,80,46,34,6,25,400,400,18,0.36,0.356,41.88790205,0.7120943348,118.6823891,1.307826722,0.0110195517,Sasanka Gylcerol and Oil 2,G_80% 34mm
glycerol,80,46,34,6,25,400,400,19,0.36,0.356,41.88790205,0.7120943348,118.6823891,1.307826722,0.0110195517,Sasanka Gylcerol and Oil 2,G_80% 34mm
glycerol,80,46,34,6,25,400,400,20,0.36,0.356,41.88790205,0.7120943348,118.6823891,1.307826722,0.0110195517,Sasanka Gylcerol and Oil 2,G_80% 34mm
