# LC-RV reference data -- mineral oil, annular-gap study.
# Source workbook: 'Rotational Viscometer Data.xlsx', sheet 'Sasanka Gylcerol and Oil' (columns O-39.5mm .. O-42.5mm).
# Instrument geometry for this dataset: cup inner diameter 45.0 mm, wetted bob height 25.0 mm.
# Bobs 39.5 / 40.5 / 41.5 / 42.5 mm give annular gaps 2.75 / 2.25 / 1.75 / 1.25 mm.
# load_cell_g is a single raw replicate reading. Every column prefixed 'wb_' is a value COMPUTED IN THE WORKBOOK for the whole RPM group and is repeated on each replicate row of that group; wb_ values are NOT independent measurements.
# The workbook used the narrow-gap model: wb_shear_rate_1s = omega*R_b/G and wb_shear_stress_Pa = F(N)/(2*pi*R_b*h), with F(N) = load_cell_g * 9.81 / 1000. These are reproduced exactly as published.
# FIGURE MAPPING: this sweep is the mineral-oil companion of the 45 mm cup 80 % glycerol gap sweep behind paper Fig. 3, recorded in the same session. No numbered figure plots it directly -- the paper's mineral-oil panels (Fig. 2) come from the 'Miriam' sheets, published here as stress-strain-summary.csv and load-cell-response-timeseries.csv.
fluid,concentration_pct,cup_id_mm,bob_diameter_mm,gap_mm,wetted_height_mm,rpm,rpm_nominal,replicate,load_cell_g,wb_group_mean_load_cell_g,wb_angular_velocity_rad_s,wb_bob_surface_velocity_m_s,wb_shear_rate_1s,wb_shear_stress_Pa,wb_viscosity_Pas,source_sheet,source_column
mineral oil,,45,39.5,2.75,25,140,140,1,0.6,0.5657142857,14.66076572,0.2895501229,105.2909538,1.788871629,0.01698979413,Sasanka Gylcerol and Oil,O-39.5mm
mineral oil,,45,39.5,2.75,25,140,140,2,0.6,0.5657142857,14.66076572,0.2895501229,105.2909538,1.788871629,0.01698979413,Sasanka Gylcerol and Oil,O-39.5mm
mineral oil,,45,39.5,2.75,25,140,140,3,0.58,0.5657142857,14.66076572,0.2895501229,105.2909538,1.788871629,0.01698979413,Sasanka Gylcerol and Oil,O-39.5mm
mineral oil,,45,39.5,2.75,25,140,140,4,0.56,0.5657142857,14.66076572,0.2895501229,105.2909538,1.788871629,0.01698979413,Sasanka Gylcerol and Oil,O-39.5mm
mineral oil,,45,39.5,2.75,25,140,140,5,0.56,0.5657142857,14.66076572,0.2895501229,105.2909538,1.788871629,0.01698979413,Sasanka Gylcerol and Oil,O-39.5mm
mineral oil,,45,39.5,2.75,25,140,140,6,0.54,0.5657142857,14.66076572,0.2895501229,105.2909538,1.788871629,0.01698979413,Sasanka Gylcerol and Oil,O-39.5mm
mineral oil,,45,39.5,2.75,25,140,140,7,0.52,0.5657142857,14.66076572,0.2895501229,105.2909538,1.788871629,0.01698979413,Sasanka Gylcerol and Oil,O-39.5mm
mineral oil,,45,39.5,2.75,25,160,160,1,0.54,0.6121428571,16.75516082,0.3309144262,120.3325186,1.935685588,0.01608613873,Sasanka Gylcerol and Oil,O-39.5mm
mineral oil,,45,39.5,2.75,25,160,160,2,0.56,0.6121428571,16.75516082,0.3309144262,120.3325186,1.935685588,0.01608613873,Sasanka Gylcerol and Oil,O-39.5mm
mineral oil,,45,39.5,2.75,25,160,160,3,0.59,0.6121428571,16.75516082,0.3309144262,120.3325186,1.935685588,0.01608613873,Sasanka Gylcerol and Oil,O-39.5mm
mineral oil,,45,39.5,2.75,25,160,160,4,0.6,0.6121428571,16.75516082,0.3309144262,120.3325186,1.935685588,0.01608613873,Sasanka Gylcerol and Oil,O-39.5mm
mineral oil,,45,39.5,2.75,25,160,160,5,0.63,0.6121428571,16.75516082,0.3309144262,120.3325186,1.935685588,0.01608613873,Sasanka Gylcerol and Oil,O-39.5mm
mineral oil,,45,39.5,2.75,25,160,160,6,0.64,0.6121428571,16.75516082,0.3309144262,120.3325186,1.935685588,0.01608613873,Sasanka Gylcerol and Oil,O-39.5mm
mineral oil,,45,39.5,2.75,25,160,160,7,0.64,0.6121428571,16.75516082,0.3309144262,120.3325186,1.935685588,0.01608613873,Sasanka Gylcerol and Oil,O-39.5mm
mineral oil,,45,39.5,2.75,25,160,160,8,0.64,0.6121428571,16.75516082,0.3309144262,120.3325186,1.935685588,0.01608613873,Sasanka Gylcerol and Oil,O-39.5mm
mineral oil,,45,39.5,2.75,25,160,160,9,0.65,0.6121428571,16.75516082,0.3309144262,120.3325186,1.935685588,0.01608613873,Sasanka Gylcerol and Oil,O-39.5mm
mineral oil,,45,39.5,2.75,25,160,160,10,0.64,0.6121428571,16.75516082,0.3309144262,120.3325186,1.935685588,0.01608613873,Sasanka Gylcerol and Oil,O-39.5mm
mineral oil,,45,39.5,2.75,25,160,160,11,0.63,0.6121428571,16.75516082,0.3309144262,120.3325186,1.935685588,0.01608613873,Sasanka Gylcerol and Oil,O-39.5mm
mineral oil,,45,39.5,2.75,25,160,160,12,0.61,0.6121428571,16.75516082,0.3309144262,120.3325186,1.935685588,0.01608613873,Sasanka Gylcerol and Oil,O-39.5mm
mineral oil,,45,39.5,2.75,25,160,160,13,0.59,0.6121428571,16.75516082,0.3309144262,120.3325186,1.935685588,0.01608613873,Sasanka Gylcerol and Oil,O-39.5mm
mineral oil,,45,39.5,2.75,25,160,160,14,0.61,0.6121428571,16.75516082,0.3309144262,120.3325186,1.935685588,0.01608613873,Sasanka Gylcerol and Oil,O-39.5mm
mineral oil,,45,39.5,2.75,25,180,180,1,0.61,0.7186666667,18.84955592,0.3722787295,135.3740834,2.272529514,0.01678703527,Sasanka Gylcerol and Oil,O-39.5mm
mineral oil,,45,39.5,2.75,25,180,180,2,0.68,0.7186666667,18.84955592,0.3722787295,135.3740834,2.272529514,0.01678703527,Sasanka Gylcerol and Oil,O-39.5mm
mineral oil,,45,39.5,2.75,25,180,180,3,0.73,0.7186666667,18.84955592,0.3722787295,135.3740834,2.272529514,0.01678703527,Sasanka Gylcerol and Oil,O-39.5mm
mineral oil,,45,39.5,2.75,25,180,180,4,0.73,0.7186666667,18.84955592,0.3722787295,135.3740834,2.272529514,0.01678703527,Sasanka Gylcerol and Oil,O-39.5mm
mineral oil,,45,39.5,2.75,25,180,180,5,0.74,0.7186666667,18.84955592,0.3722787295,135.3740834,2.272529514,0.01678703527,Sasanka Gylcerol and Oil,O-39.5mm
mineral oil,,45,39.5,2.75,25,180,180,6,0.75,0.7186666667,18.84955592,0.3722787295,135.3740834,2.272529514,0.01678703527,Sasanka Gylcerol and Oil,O-39.5mm
mineral oil,,45,39.5,2.75,25,180,180,7,0.73,0.7186666667,18.84955592,0.3722787295,135.3740834,2.272529514,0.01678703527,Sasanka Gylcerol and Oil,O-39.5mm
mineral oil,,45,39.5,2.75,25,180,180,8,0.73,0.7186666667,18.84955592,0.3722787295,135.3740834,2.272529514,0.01678703527,Sasanka Gylcerol and Oil,O-39.5mm
mineral oil,,45,39.5,2.75,25,180,180,9,0.73,0.7186666667,18.84955592,0.3722787295,135.3740834,2.272529514,0.01678703527,Sasanka Gylcerol and Oil,O-39.5mm
mineral oil,,45,39.5,2.75,25,180,180,10,0.74,0.7186666667,18.84955592,0.3722787295,135.3740834,2.272529514,0.01678703527,Sasanka Gylcerol and Oil,O-39.5mm
mineral oil,,45,39.5,2.75,25,180,180,11,0.73,0.7186666667,18.84955592,0.3722787295,135.3740834,2.272529514,0.01678703527,Sasanka Gylcerol and Oil,O-39.5mm
mineral oil,,45,39.5,2.75,25,180,180,12,0.71,0.7186666667,18.84955592,0.3722787295,135.3740834,2.272529514,0.01678703527,Sasanka Gylcerol and Oil,O-39.5mm
mineral oil,,45,39.5,2.75,25,180,180,13,0.74,0.7186666667,18.84955592,0.3722787295,135.3740834,2.272529514,0.01678703527,Sasanka Gylcerol and Oil,O-39.5mm
mineral oil,,45,39.5,2.75,25,180,180,14,0.73,0.7186666667,18.84955592,0.3722787295,135.3740834,2.272529514,0.01678703527,Sasanka Gylcerol and Oil,O-39.5mm
mineral oil,,45,39.5,2.75,25,180,180,15,0.7,0.7186666667,18.84955592,0.3722787295,135.3740834,2.272529514,0.01678703527,Sasanka Gylcerol and Oil,O-39.5mm
mineral oil,,45,39.5,2.75,25,200,200,1,0.78,0.88,20.94395102,0.4136430327,150.4156483,2.7826892,0.01849999806,Sasanka Gylcerol and Oil,O-39.5mm
mineral oil,,45,39.5,2.75,25,200,200,2,0.84,0.88,20.94395102,0.4136430327,150.4156483,2.7826892,0.01849999806,Sasanka Gylcerol and Oil,O-39.5mm
mineral oil,,45,39.5,2.75,25,200,200,3,0.82,0.88,20.94395102,0.4136430327,150.4156483,2.7826892,0.01849999806,Sasanka Gylcerol and Oil,O-39.5mm
mineral oil,,45,39.5,2.75,25,200,200,4,0.84,0.88,20.94395102,0.4136430327,150.4156483,2.7826892,0.01849999806,Sasanka Gylcerol and Oil,O-39.5mm
mineral oil,,45,39.5,2.75,25,200,200,5,0.86,0.88,20.94395102,0.4136430327,150.4156483,2.7826892,0.01849999806,Sasanka Gylcerol and Oil,O-39.5mm
mineral oil,,45,39.5,2.75,25,200,200,6,0.88,0.88,20.94395102,0.4136430327,150.4156483,2.7826892,0.01849999806,Sasanka Gylcerol and Oil,O-39.5mm
mineral oil,,45,39.5,2.75,25,200,200,7,0.88,0.88,20.94395102,0.4136430327,150.4156483,2.7826892,0.01849999806,Sasanka Gylcerol and Oil,O-39.5mm
mineral oil,,45,39.5,2.75,25,200,200,8,0.9,0.88,20.94395102,0.4136430327,150.4156483,2.7826892,0.01849999806,Sasanka Gylcerol and Oil,O-39.5mm
mineral oil,,45,39.5,2.75,25,200,200,9,0.91,0.88,20.94395102,0.4136430327,150.4156483,2.7826892,0.01849999806,Sasanka Gylcerol and Oil,O-39.5mm
mineral oil,,45,39.5,2.75,25,200,200,10,0.91,0.88,20.94395102,0.4136430327,150.4156483,2.7826892,0.01849999806,Sasanka Gylcerol and Oil,O-39.5mm
mineral oil,,45,39.5,2.75,25,200,200,11,0.92,0.88,20.94395102,0.4136430327,150.4156483,2.7826892,0.01849999806,Sasanka Gylcerol and Oil,O-39.5mm
mineral oil,,45,39.5,2.75,25,200,200,12,0.93,0.88,20.94395102,0.4136430327,150.4156483,2.7826892,0.01849999806,Sasanka Gylcerol and Oil,O-39.5mm
mineral oil,,45,39.5,2.75,25,200,200,13,0.93,0.88,20.94395102,0.4136430327,150.4156483,2.7826892,0.01849999806,Sasanka Gylcerol and Oil,O-39.5mm
mineral oil,,45,39.5,2.75,25,200,200,14,0.92,0.88,20.94395102,0.4136430327,150.4156483,2.7826892,0.01849999806,Sasanka Gylcerol and Oil,O-39.5mm
mineral oil,,45,39.5,2.75,25,220,220,1,0.95,1.064285714,23.03834613,0.455007336,165.4572131,3.365427686,0.02034016906,Sasanka Gylcerol and Oil,O-39.5mm
mineral oil,,45,39.5,2.75,25,220,220,2,1.04,1.064285714,23.03834613,0.455007336,165.4572131,3.365427686,0.02034016906,Sasanka Gylcerol and Oil,O-39.5mm
mineral oil,,45,39.5,2.75,25,220,220,3,1.05,1.064285714,23.03834613,0.455007336,165.4572131,3.365427686,0.02034016906,Sasanka Gylcerol and Oil,O-39.5mm
mineral oil,,45,39.5,2.75,25,220,220,4,1.07,1.064285714,23.03834613,0.455007336,165.4572131,3.365427686,0.02034016906,Sasanka Gylcerol and Oil,O-39.5mm
mineral oil,,45,39.5,2.75,25,220,220,5,1.06,1.064285714,23.03834613,0.455007336,165.4572131,3.365427686,0.02034016906,Sasanka Gylcerol and Oil,O-39.5mm
mineral oil,,45,39.5,2.75,25,220,220,6,1.07,1.064285714,23.03834613,0.455007336,165.4572131,3.365427686,0.02034016906,Sasanka Gylcerol and Oil,O-39.5mm
mineral oil,,45,39.5,2.75,25,220,220,7,1.08,1.064285714,23.03834613,0.455007336,165.4572131,3.365427686,0.02034016906,Sasanka Gylcerol and Oil,O-39.5mm
mineral oil,,45,39.5,2.75,25,220,220,8,1.08,1.064285714,23.03834613,0.455007336,165.4572131,3.365427686,0.02034016906,Sasanka Gylcerol and Oil,O-39.5mm
mineral oil,,45,39.5,2.75,25,220,220,9,1.07,1.064285714,23.03834613,0.455007336,165.4572131,3.365427686,0.02034016906,Sasanka Gylcerol and Oil,O-39.5mm
mineral oil,,45,39.5,2.75,25,220,220,10,1.09,1.064285714,23.03834613,0.455007336,165.4572131,3.365427686,0.02034016906,Sasanka Gylcerol and Oil,O-39.5mm
mineral oil,,45,39.5,2.75,25,220,220,11,1.1,1.064285714,23.03834613,0.455007336,165.4572131,3.365427686,0.02034016906,Sasanka Gylcerol and Oil,O-39.5mm
mineral oil,,45,39.5,2.75,25,220,220,12,1.09,1.064285714,23.03834613,0.455007336,165.4572131,3.365427686,0.02034016906,Sasanka Gylcerol and Oil,O-39.5mm
mineral oil,,45,39.5,2.75,25,220,220,13,1.07,1.064285714,23.03834613,0.455007336,165.4572131,3.365427686,0.02034016906,Sasanka Gylcerol and Oil,O-39.5mm
mineral oil,,45,39.5,2.75,25,220,220,14,1.08,1.064285714,23.03834613,0.455007336,165.4572131,3.365427686,0.02034016906,Sasanka Gylcerol and Oil,O-39.5mm
mineral oil,,45,39.5,2.75,25,240,240,1,1.1,1.158571429,25.13274123,0.4963716393,180.4987779,3.663572957,0.02029694051,Sasanka Gylcerol and Oil,O-39.5mm
mineral oil,,45,39.5,2.75,25,240,240,2,1.13,1.158571429,25.13274123,0.4963716393,180.4987779,3.663572957,0.02029694051,Sasanka Gylcerol and Oil,O-39.5mm
mineral oil,,45,39.5,2.75,25,240,240,3,1.16,1.158571429,25.13274123,0.4963716393,180.4987779,3.663572957,0.02029694051,Sasanka Gylcerol and Oil,O-39.5mm
mineral oil,,45,39.5,2.75,25,240,240,4,1.15,1.158571429,25.13274123,0.4963716393,180.4987779,3.663572957,0.02029694051,Sasanka Gylcerol and Oil,O-39.5mm
mineral oil,,45,39.5,2.75,25,240,240,5,1.19,1.158571429,25.13274123,0.4963716393,180.4987779,3.663572957,0.02029694051,Sasanka Gylcerol and Oil,O-39.5mm
mineral oil,,45,39.5,2.75,25,240,240,6,1.19,1.158571429,25.13274123,0.4963716393,180.4987779,3.663572957,0.02029694051,Sasanka Gylcerol and Oil,O-39.5mm
mineral oil,,45,39.5,2.75,25,240,240,7,1.17,1.158571429,25.13274123,0.4963716393,180.4987779,3.663572957,0.02029694051,Sasanka Gylcerol and Oil,O-39.5mm
mineral oil,,45,39.5,2.75,25,240,240,8,1.15,1.158571429,25.13274123,0.4963716393,180.4987779,3.663572957,0.02029694051,Sasanka Gylcerol and Oil,O-39.5mm
mineral oil,,45,39.5,2.75,25,240,240,9,1.16,1.158571429,25.13274123,0.4963716393,180.4987779,3.663572957,0.02029694051,Sasanka Gylcerol and Oil,O-39.5mm
mineral oil,,45,39.5,2.75,25,240,240,10,1.16,1.158571429,25.13274123,0.4963716393,180.4987779,3.663572957,0.02029694051,Sasanka Gylcerol and Oil,O-39.5mm
mineral oil,,45,39.5,2.75,25,240,240,11,1.16,1.158571429,25.13274123,0.4963716393,180.4987779,3.663572957,0.02029694051,Sasanka Gylcerol and Oil,O-39.5mm
mineral oil,,45,39.5,2.75,25,240,240,12,1.16,1.158571429,25.13274123,0.4963716393,180.4987779,3.663572957,0.02029694051,Sasanka Gylcerol and Oil,O-39.5mm
mineral oil,,45,39.5,2.75,25,240,240,13,1.16,1.158571429,25.13274123,0.4963716393,180.4987779,3.663572957,0.02029694051,Sasanka Gylcerol and Oil,O-39.5mm
mineral oil,,45,39.5,2.75,25,240,240,14,1.18,1.158571429,25.13274123,0.4963716393,180.4987779,3.663572957,0.02029694051,Sasanka Gylcerol and Oil,O-39.5mm
mineral oil,,45,39.5,2.75,25,260,260,1,1.17,1.277142857,27.22713633,0.5377359425,195.5403427,4.038513223,0.02065309473,Sasanka Gylcerol and Oil,O-39.5mm
mineral oil,,45,39.5,2.75,25,260,260,2,1.23,1.277142857,27.22713633,0.5377359425,195.5403427,4.038513223,0.02065309473,Sasanka Gylcerol and Oil,O-39.5mm
mineral oil,,45,39.5,2.75,25,260,260,3,1.3,1.277142857,27.22713633,0.5377359425,195.5403427,4.038513223,0.02065309473,Sasanka Gylcerol and Oil,O-39.5mm
mineral oil,,45,39.5,2.75,25,260,260,4,1.29,1.277142857,27.22713633,0.5377359425,195.5403427,4.038513223,0.02065309473,Sasanka Gylcerol and Oil,O-39.5mm
mineral oil,,45,39.5,2.75,25,260,260,5,1.3,1.277142857,27.22713633,0.5377359425,195.5403427,4.038513223,0.02065309473,Sasanka Gylcerol and Oil,O-39.5mm
mineral oil,,45,39.5,2.75,25,260,260,6,1.28,1.277142857,27.22713633,0.5377359425,195.5403427,4.038513223,0.02065309473,Sasanka Gylcerol and Oil,O-39.5mm
mineral oil,,45,39.5,2.75,25,260,260,7,1.3,1.277142857,27.22713633,0.5377359425,195.5403427,4.038513223,0.02065309473,Sasanka Gylcerol and Oil,O-39.5mm
mineral oil,,45,39.5,2.75,25,260,260,8,1.3,1.277142857,27.22713633,0.5377359425,195.5403427,4.038513223,0.02065309473,Sasanka Gylcerol and Oil,O-39.5mm
mineral oil,,45,39.5,2.75,25,260,260,9,1.28,1.277142857,27.22713633,0.5377359425,195.5403427,4.038513223,0.02065309473,Sasanka Gylcerol and Oil,O-39.5mm
mineral oil,,45,39.5,2.75,25,260,260,10,1.28,1.277142857,27.22713633,0.5377359425,195.5403427,4.038513223,0.02065309473,Sasanka Gylcerol and Oil,O-39.5mm
mineral oil,,45,39.5,2.75,25,260,260,11,1.29,1.277142857,27.22713633,0.5377359425,195.5403427,4.038513223,0.02065309473,Sasanka Gylcerol and Oil,O-39.5mm
mineral oil,,45,39.5,2.75,25,260,260,12,1.29,1.277142857,27.22713633,0.5377359425,195.5403427,4.038513223,0.02065309473,Sasanka Gylcerol and Oil,O-39.5mm
mineral oil,,45,39.5,2.75,25,260,260,13,1.29,1.277142857,27.22713633,0.5377359425,195.5403427,4.038513223,0.02065309473,Sasanka Gylcerol and Oil,O-39.5mm
mineral oil,,45,39.5,2.75,25,260,260,14,1.28,1.277142857,27.22713633,0.5377359425,195.5403427,4.038513223,0.02065309473,Sasanka Gylcerol and Oil,O-39.5mm
mineral oil,,45,39.5,2.75,25,280,280,1,1.29,1.355,29.32153143,0.5791002458,210.5819076,4.284708939,0.02034699462,Sasanka Gylcerol and Oil,O-39.5mm
mineral oil,,45,39.5,2.75,25,280,280,2,1.33,1.355,29.32153143,0.5791002458,210.5819076,4.284708939,0.02034699462,Sasanka Gylcerol and Oil,O-39.5mm
mineral oil,,45,39.5,2.75,25,280,280,3,1.38,1.355,29.32153143,0.5791002458,210.5819076,4.284708939,0.02034699462,Sasanka Gylcerol and Oil,O-39.5mm
mineral oil,,45,39.5,2.75,25,280,280,4,1.37,1.355,29.32153143,0.5791002458,210.5819076,4.284708939,0.02034699462,Sasanka Gylcerol and Oil,O-39.5mm
mineral oil,,45,39.5,2.75,25,280,280,5,1.37,1.355,29.32153143,0.5791002458,210.5819076,4.284708939,0.02034699462,Sasanka Gylcerol and Oil,O-39.5mm
mineral oil,,45,39.5,2.75,25,280,280,6,1.36,1.355,29.32153143,0.5791002458,210.5819076,4.284708939,0.02034699462,Sasanka Gylcerol and Oil,O-39.5mm
mineral oil,,45,39.5,2.75,25,280,280,7,1.36,1.355,29.32153143,0.5791002458,210.5819076,4.284708939,0.02034699462,Sasanka Gylcerol and Oil,O-39.5mm
mineral oil,,45,39.5,2.75,25,280,280,8,1.35,1.355,29.32153143,0.5791002458,210.5819076,4.284708939,0.02034699462,Sasanka Gylcerol and Oil,O-39.5mm
mineral oil,,45,39.5,2.75,25,280,280,9,1.35,1.355,29.32153143,0.5791002458,210.5819076,4.284708939,0.02034699462,Sasanka Gylcerol and Oil,O-39.5mm
mineral oil,,45,39.5,2.75,25,280,280,10,1.37,1.355,29.32153143,0.5791002458,210.5819076,4.284708939,0.02034699462,Sasanka Gylcerol and Oil,O-39.5mm
mineral oil,,45,39.5,2.75,25,280,280,11,1.37,1.355,29.32153143,0.5791002458,210.5819076,4.284708939,0.02034699462,Sasanka Gylcerol and Oil,O-39.5mm
mineral oil,,45,39.5,2.75,25,280,280,12,1.35,1.355,29.32153143,0.5791002458,210.5819076,4.284708939,0.02034699462,Sasanka Gylcerol and Oil,O-39.5mm
mineral oil,,45,39.5,2.75,25,280,280,13,1.35,1.355,29.32153143,0.5791002458,210.5819076,4.284708939,0.02034699462,Sasanka Gylcerol and Oil,O-39.5mm
mineral oil,,45,39.5,2.75,25,280,280,14,1.37,1.355,29.32153143,0.5791002458,210.5819076,4.284708939,0.02034699462,Sasanka Gylcerol and Oil,O-39.5mm
mineral oil,,45,39.5,2.75,25,300,300,1,1.37,1.445714286,31.41592654,0.6204645491,225.6234724,4.571560829,0.02026190263,Sasanka Gylcerol and Oil,O-39.5mm
mineral oil,,45,39.5,2.75,25,300,300,2,1.42,1.445714286,31.41592654,0.6204645491,225.6234724,4.571560829,0.02026190263,Sasanka Gylcerol and Oil,O-39.5mm
mineral oil,,45,39.5,2.75,25,300,300,3,1.47,1.445714286,31.41592654,0.6204645491,225.6234724,4.571560829,0.02026190263,Sasanka Gylcerol and Oil,O-39.5mm
mineral oil,,45,39.5,2.75,25,300,300,4,1.46,1.445714286,31.41592654,0.6204645491,225.6234724,4.571560829,0.02026190263,Sasanka Gylcerol and Oil,O-39.5mm
mineral oil,,45,39.5,2.75,25,300,300,5,1.44,1.445714286,31.41592654,0.6204645491,225.6234724,4.571560829,0.02026190263,Sasanka Gylcerol and Oil,O-39.5mm
mineral oil,,45,39.5,2.75,25,300,300,6,1.45,1.445714286,31.41592654,0.6204645491,225.6234724,4.571560829,0.02026190263,Sasanka Gylcerol and Oil,O-39.5mm
mineral oil,,45,39.5,2.75,25,300,300,7,1.44,1.445714286,31.41592654,0.6204645491,225.6234724,4.571560829,0.02026190263,Sasanka Gylcerol and Oil,O-39.5mm
mineral oil,,45,39.5,2.75,25,300,300,8,1.45,1.445714286,31.41592654,0.6204645491,225.6234724,4.571560829,0.02026190263,Sasanka Gylcerol and Oil,O-39.5mm
mineral oil,,45,39.5,2.75,25,300,300,9,1.46,1.445714286,31.41592654,0.6204645491,225.6234724,4.571560829,0.02026190263,Sasanka Gylcerol and Oil,O-39.5mm
mineral oil,,45,39.5,2.75,25,300,300,10,1.45,1.445714286,31.41592654,0.6204645491,225.6234724,4.571560829,0.02026190263,Sasanka Gylcerol and Oil,O-39.5mm
mineral oil,,45,39.5,2.75,25,300,300,11,1.45,1.445714286,31.41592654,0.6204645491,225.6234724,4.571560829,0.02026190263,Sasanka Gylcerol and Oil,O-39.5mm
mineral oil,,45,39.5,2.75,25,300,300,12,1.46,1.445714286,31.41592654,0.6204645491,225.6234724,4.571560829,0.02026190263,Sasanka Gylcerol and Oil,O-39.5mm
mineral oil,,45,39.5,2.75,25,300,300,13,1.46,1.445714286,31.41592654,0.6204645491,225.6234724,4.571560829,0.02026190263,Sasanka Gylcerol and Oil,O-39.5mm
mineral oil,,45,39.5,2.75,25,300,300,14,1.46,1.445714286,31.41592654,0.6204645491,225.6234724,4.571560829,0.02026190263,Sasanka Gylcerol and Oil,O-39.5mm
mineral oil,,45,39.5,2.75,25,320,320,1,1.47,1.528,33.51032164,0.6618288524,240.6650372,4.831760339,0.02007670244,Sasanka Gylcerol and Oil,O-39.5mm
mineral oil,,45,39.5,2.75,25,320,320,2,1.5,1.528,33.51032164,0.6618288524,240.6650372,4.831760339,0.02007670244,Sasanka Gylcerol and Oil,O-39.5mm
mineral oil,,45,39.5,2.75,25,320,320,3,1.54,1.528,33.51032164,0.6618288524,240.6650372,4.831760339,0.02007670244,Sasanka Gylcerol and Oil,O-39.5mm
mineral oil,,45,39.5,2.75,25,320,320,4,1.52,1.528,33.51032164,0.6618288524,240.6650372,4.831760339,0.02007670244,Sasanka Gylcerol and Oil,O-39.5mm
mineral oil,,45,39.5,2.75,25,320,320,5,1.5,1.528,33.51032164,0.6618288524,240.6650372,4.831760339,0.02007670244,Sasanka Gylcerol and Oil,O-39.5mm
mineral oil,,45,39.5,2.75,25,320,320,6,1.52,1.528,33.51032164,0.6618288524,240.6650372,4.831760339,0.02007670244,Sasanka Gylcerol and Oil,O-39.5mm
mineral oil,,45,39.5,2.75,25,320,320,7,1.53,1.528,33.51032164,0.6618288524,240.6650372,4.831760339,0.02007670244,Sasanka Gylcerol and Oil,O-39.5mm
mineral oil,,45,39.5,2.75,25,320,320,8,1.53,1.528,33.51032164,0.6618288524,240.6650372,4.831760339,0.02007670244,Sasanka Gylcerol and Oil,O-39.5mm
mineral oil,,45,39.5,2.75,25,320,320,9,1.53,1.528,33.51032164,0.6618288524,240.6650372,4.831760339,0.02007670244,Sasanka Gylcerol and Oil,O-39.5mm
mineral oil,,45,39.5,2.75,25,320,320,10,1.53,1.528,33.51032164,0.6618288524,240.6650372,4.831760339,0.02007670244,Sasanka Gylcerol and Oil,O-39.5mm
mineral oil,,45,39.5,2.75,25,320,320,11,1.54,1.528,33.51032164,0.6618288524,240.6650372,4.831760339,0.02007670244,Sasanka Gylcerol and Oil,O-39.5mm
mineral oil,,45,39.5,2.75,25,320,320,12,1.55,1.528,33.51032164,0.6618288524,240.6650372,4.831760339,0.02007670244,Sasanka Gylcerol and Oil,O-39.5mm
mineral oil,,45,39.5,2.75,25,320,320,13,1.55,1.528,33.51032164,0.6618288524,240.6650372,4.831760339,0.02007670244,Sasanka Gylcerol and Oil,O-39.5mm
mineral oil,,45,39.5,2.75,25,320,320,14,1.56,1.528,33.51032164,0.6618288524,240.6650372,4.831760339,0.02007670244,Sasanka Gylcerol and Oil,O-39.5mm
mineral oil,,45,39.5,2.75,25,320,320,15,1.55,1.528,33.51032164,0.6618288524,240.6650372,4.831760339,0.02007670244,Sasanka Gylcerol and Oil,O-39.5mm
mineral oil,,45,39.5,2.75,25,340,340,1,1.57,1.654285714,35.60471674,0.7031931556,255.706602,5.231094309,0.02045740809,Sasanka Gylcerol and Oil,O-39.5mm
mineral oil,,45,39.5,2.75,25,340,340,2,1.62,1.654285714,35.60471674,0.7031931556,255.706602,5.231094309,0.02045740809,Sasanka Gylcerol and Oil,O-39.5mm
mineral oil,,45,39.5,2.75,25,340,340,3,1.63,1.654285714,35.60471674,0.7031931556,255.706602,5.231094309,0.02045740809,Sasanka Gylcerol and Oil,O-39.5mm
mineral oil,,45,39.5,2.75,25,340,340,4,1.62,1.654285714,35.60471674,0.7031931556,255.706602,5.231094309,0.02045740809,Sasanka Gylcerol and Oil,O-39.5mm
mineral oil,,45,39.5,2.75,25,340,340,5,1.62,1.654285714,35.60471674,0.7031931556,255.706602,5.231094309,0.02045740809,Sasanka Gylcerol and Oil,O-39.5mm
mineral oil,,45,39.5,2.75,25,340,340,6,1.65,1.654285714,35.60471674,0.7031931556,255.706602,5.231094309,0.02045740809,Sasanka Gylcerol and Oil,O-39.5mm
mineral oil,,45,39.5,2.75,25,340,340,7,1.66,1.654285714,35.60471674,0.7031931556,255.706602,5.231094309,0.02045740809,Sasanka Gylcerol and Oil,O-39.5mm
mineral oil,,45,39.5,2.75,25,340,340,8,1.69,1.654285714,35.60471674,0.7031931556,255.706602,5.231094309,0.02045740809,Sasanka Gylcerol and Oil,O-39.5mm
mineral oil,,45,39.5,2.75,25,340,340,9,1.7,1.654285714,35.60471674,0.7031931556,255.706602,5.231094309,0.02045740809,Sasanka Gylcerol and Oil,O-39.5mm
mineral oil,,45,39.5,2.75,25,340,340,10,1.68,1.654285714,35.60471674,0.7031931556,255.706602,5.231094309,0.02045740809,Sasanka Gylcerol and Oil,O-39.5mm
mineral oil,,45,39.5,2.75,25,340,340,11,1.67,1.654285714,35.60471674,0.7031931556,255.706602,5.231094309,0.02045740809,Sasanka Gylcerol and Oil,O-39.5mm
mineral oil,,45,39.5,2.75,25,340,340,12,1.67,1.654285714,35.60471674,0.7031931556,255.706602,5.231094309,0.02045740809,Sasanka Gylcerol and Oil,O-39.5mm
mineral oil,,45,39.5,2.75,25,340,340,13,1.68,1.654285714,35.60471674,0.7031931556,255.706602,5.231094309,0.02045740809,Sasanka Gylcerol and Oil,O-39.5mm
mineral oil,,45,39.5,2.75,25,340,340,14,1.7,1.654285714,35.60471674,0.7031931556,255.706602,5.231094309,0.02045740809,Sasanka Gylcerol and Oil,O-39.5mm
mineral oil,,45,39.5,2.75,25,360,360,1,1.69,1.766,37.69911184,0.7445574589,270.7481669,5.584351282,0.02062562915,Sasanka Gylcerol and Oil,O-39.5mm
mineral oil,,45,39.5,2.75,25,360,360,2,1.74,1.766,37.69911184,0.7445574589,270.7481669,5.584351282,0.02062562915,Sasanka Gylcerol and Oil,O-39.5mm
mineral oil,,45,39.5,2.75,25,360,360,3,1.78,1.766,37.69911184,0.7445574589,270.7481669,5.584351282,0.02062562915,Sasanka Gylcerol and Oil,O-39.5mm
mineral oil,,45,39.5,2.75,25,360,360,4,1.76,1.766,37.69911184,0.7445574589,270.7481669,5.584351282,0.02062562915,Sasanka Gylcerol and Oil,O-39.5mm
mineral oil,,45,39.5,2.75,25,360,360,5,1.77,1.766,37.69911184,0.7445574589,270.7481669,5.584351282,0.02062562915,Sasanka Gylcerol and Oil,O-39.5mm
mineral oil,,45,39.5,2.75,25,360,360,6,1.78,1.766,37.69911184,0.7445574589,270.7481669,5.584351282,0.02062562915,Sasanka Gylcerol and Oil,O-39.5mm
mineral oil,,45,39.5,2.75,25,360,360,7,1.77,1.766,37.69911184,0.7445574589,270.7481669,5.584351282,0.02062562915,Sasanka Gylcerol and Oil,O-39.5mm
mineral oil,,45,39.5,2.75,25,360,360,8,1.74,1.766,37.69911184,0.7445574589,270.7481669,5.584351282,0.02062562915,Sasanka Gylcerol and Oil,O-39.5mm
mineral oil,,45,39.5,2.75,25,360,360,9,1.77,1.766,37.69911184,0.7445574589,270.7481669,5.584351282,0.02062562915,Sasanka Gylcerol and Oil,O-39.5mm
mineral oil,,45,39.5,2.75,25,360,360,10,1.79,1.766,37.69911184,0.7445574589,270.7481669,5.584351282,0.02062562915,Sasanka Gylcerol and Oil,O-39.5mm
mineral oil,,45,39.5,2.75,25,360,360,11,1.78,1.766,37.69911184,0.7445574589,270.7481669,5.584351282,0.02062562915,Sasanka Gylcerol and Oil,O-39.5mm
mineral oil,,45,39.5,2.75,25,360,360,12,1.78,1.766,37.69911184,0.7445574589,270.7481669,5.584351282,0.02062562915,Sasanka Gylcerol and Oil,O-39.5mm
mineral oil,,45,39.5,2.75,25,360,360,13,1.78,1.766,37.69911184,0.7445574589,270.7481669,5.584351282,0.02062562915,Sasanka Gylcerol and Oil,O-39.5mm
mineral oil,,45,39.5,2.75,25,360,360,14,1.78,1.766,37.69911184,0.7445574589,270.7481669,5.584351282,0.02062562915,Sasanka Gylcerol and Oil,O-39.5mm
mineral oil,,45,39.5,2.75,25,360,360,15,1.78,1.766,37.69911184,0.7445574589,270.7481669,5.584351282,0.02062562915,Sasanka Gylcerol and Oil,O-39.5mm
mineral oil,,45,39.5,2.75,25,380,380,1,1.8,1.848571429,39.79350695,0.7859217622,285.7897317,5.845454262,0.0204536889,Sasanka Gylcerol and Oil,O-39.5mm
mineral oil,,45,39.5,2.75,25,380,380,2,1.85,1.848571429,39.79350695,0.7859217622,285.7897317,5.845454262,0.0204536889,Sasanka Gylcerol and Oil,O-39.5mm
mineral oil,,45,39.5,2.75,25,380,380,3,1.88,1.848571429,39.79350695,0.7859217622,285.7897317,5.845454262,0.0204536889,Sasanka Gylcerol and Oil,O-39.5mm
mineral oil,,45,39.5,2.75,25,380,380,4,1.87,1.848571429,39.79350695,0.7859217622,285.7897317,5.845454262,0.0204536889,Sasanka Gylcerol and Oil,O-39.5mm
mineral oil,,45,39.5,2.75,25,380,380,5,1.85,1.848571429,39.79350695,0.7859217622,285.7897317,5.845454262,0.0204536889,Sasanka Gylcerol and Oil,O-39.5mm
mineral oil,,45,39.5,2.75,25,380,380,6,1.84,1.848571429,39.79350695,0.7859217622,285.7897317,5.845454262,0.0204536889,Sasanka Gylcerol and Oil,O-39.5mm
mineral oil,,45,39.5,2.75,25,380,380,7,1.84,1.848571429,39.79350695,0.7859217622,285.7897317,5.845454262,0.0204536889,Sasanka Gylcerol and Oil,O-39.5mm
mineral oil,,45,39.5,2.75,25,380,380,8,1.85,1.848571429,39.79350695,0.7859217622,285.7897317,5.845454262,0.0204536889,Sasanka Gylcerol and Oil,O-39.5mm
mineral oil,,45,39.5,2.75,25,380,380,9,1.84,1.848571429,39.79350695,0.7859217622,285.7897317,5.845454262,0.0204536889,Sasanka Gylcerol and Oil,O-39.5mm
mineral oil,,45,39.5,2.75,25,380,380,10,1.84,1.848571429,39.79350695,0.7859217622,285.7897317,5.845454262,0.0204536889,Sasanka Gylcerol and Oil,O-39.5mm
mineral oil,,45,39.5,2.75,25,380,380,11,1.85,1.848571429,39.79350695,0.7859217622,285.7897317,5.845454262,0.0204536889,Sasanka Gylcerol and Oil,O-39.5mm
mineral oil,,45,39.5,2.75,25,380,380,12,1.86,1.848571429,39.79350695,0.7859217622,285.7897317,5.845454262,0.0204536889,Sasanka Gylcerol and Oil,O-39.5mm
mineral oil,,45,39.5,2.75,25,380,380,13,1.85,1.848571429,39.79350695,0.7859217622,285.7897317,5.845454262,0.0204536889,Sasanka Gylcerol and Oil,O-39.5mm
mineral oil,,45,39.5,2.75,25,380,380,14,1.86,1.848571429,39.79350695,0.7859217622,285.7897317,5.845454262,0.0204536889,Sasanka Gylcerol and Oil,O-39.5mm
mineral oil,,45,39.5,2.75,25,400,400,1,1.86,1.962857143,41.88790205,0.8272860654,300.8312965,6.20684247,0.02063230303,Sasanka Gylcerol and Oil,O-39.5mm
mineral oil,,45,39.5,2.75,25,400,400,2,1.92,1.962857143,41.88790205,0.8272860654,300.8312965,6.20684247,0.02063230303,Sasanka Gylcerol and Oil,O-39.5mm
mineral oil,,45,39.5,2.75,25,400,400,3,1.97,1.962857143,41.88790205,0.8272860654,300.8312965,6.20684247,0.02063230303,Sasanka Gylcerol and Oil,O-39.5mm
mineral oil,,45,39.5,2.75,25,400,400,4,1.97,1.962857143,41.88790205,0.8272860654,300.8312965,6.20684247,0.02063230303,Sasanka Gylcerol and Oil,O-39.5mm
mineral oil,,45,39.5,2.75,25,400,400,5,1.99,1.962857143,41.88790205,0.8272860654,300.8312965,6.20684247,0.02063230303,Sasanka Gylcerol and Oil,O-39.5mm
mineral oil,,45,39.5,2.75,25,400,400,6,1.99,1.962857143,41.88790205,0.8272860654,300.8312965,6.20684247,0.02063230303,Sasanka Gylcerol and Oil,O-39.5mm
mineral oil,,45,39.5,2.75,25,400,400,7,1.99,1.962857143,41.88790205,0.8272860654,300.8312965,6.20684247,0.02063230303,Sasanka Gylcerol and Oil,O-39.5mm
mineral oil,,45,39.5,2.75,25,400,400,8,1.99,1.962857143,41.88790205,0.8272860654,300.8312965,6.20684247,0.02063230303,Sasanka Gylcerol and Oil,O-39.5mm
mineral oil,,45,39.5,2.75,25,400,400,9,1.99,1.962857143,41.88790205,0.8272860654,300.8312965,6.20684247,0.02063230303,Sasanka Gylcerol and Oil,O-39.5mm
mineral oil,,45,39.5,2.75,25,400,400,10,1.97,1.962857143,41.88790205,0.8272860654,300.8312965,6.20684247,0.02063230303,Sasanka Gylcerol and Oil,O-39.5mm
mineral oil,,45,39.5,2.75,25,400,400,11,1.96,1.962857143,41.88790205,0.8272860654,300.8312965,6.20684247,0.02063230303,Sasanka Gylcerol and Oil,O-39.5mm
mineral oil,,45,39.5,2.75,25,400,400,12,1.96,1.962857143,41.88790205,0.8272860654,300.8312965,6.20684247,0.02063230303,Sasanka Gylcerol and Oil,O-39.5mm
mineral oil,,45,39.5,2.75,25,400,400,13,1.96,1.962857143,41.88790205,0.8272860654,300.8312965,6.20684247,0.02063230303,Sasanka Gylcerol and Oil,O-39.5mm
mineral oil,,45,39.5,2.75,25,400,400,14,1.95,1.962857143,41.88790205,0.8272860654,300.8312965,6.20684247,0.02063230303,Sasanka Gylcerol and Oil,O-39.5mm
mineral oil,,45,39.5,2.75,25,400,400,15,1.95,1.962857143,41.88790205,0.8272860654,300.8312965,6.20684247,0.02063230303,Sasanka Gylcerol and Oil,O-39.5mm
mineral oil,,45,39.5,2.75,25,400,400,16,1.95,1.962857143,41.88790205,0.8272860654,300.8312965,6.20684247,0.02063230303,Sasanka Gylcerol and Oil,O-39.5mm
mineral oil,,45,39.5,2.75,25,400,400,17,1.97,1.962857143,41.88790205,0.8272860654,300.8312965,6.20684247,0.02063230303,Sasanka Gylcerol and Oil,O-39.5mm
mineral oil,,45,39.5,2.75,25,400,400,18,1.97,1.962857143,41.88790205,0.8272860654,300.8312965,6.20684247,0.02063230303,Sasanka Gylcerol and Oil,O-39.5mm
mineral oil,,45,39.5,2.75,25,400,400,19,1.98,1.962857143,41.88790205,0.8272860654,300.8312965,6.20684247,0.02063230303,Sasanka Gylcerol and Oil,O-39.5mm
mineral oil,,45,39.5,2.75,25,400,400,20,1.97,1.962857143,41.88790205,0.8272860654,300.8312965,6.20684247,0.02063230303,Sasanka Gylcerol and Oil,O-39.5mm
mineral oil,,45,39.5,2.75,25,400,400,21,1.96,1.962857143,41.88790205,0.8272860654,300.8312965,6.20684247,0.02063230303,Sasanka Gylcerol and Oil,O-39.5mm
mineral oil,,45,40.5,2.25,25,140,140,1,0.7,0.73125,14.66076572,0.2968805058,131.9468915,2.255225544,0.01709191872,Sasanka Gylcerol and Oil,O-40.5mm
mineral oil,,45,40.5,2.25,25,140,140,2,0.71,0.73125,14.66076572,0.2968805058,131.9468915,2.255225544,0.01709191872,Sasanka Gylcerol and Oil,O-40.5mm
mineral oil,,45,40.5,2.25,25,140,140,3,0.73,0.73125,14.66076572,0.2968805058,131.9468915,2.255225544,0.01709191872,Sasanka Gylcerol and Oil,O-40.5mm
mineral oil,,45,40.5,2.25,25,140,140,4,0.74,0.73125,14.66076572,0.2968805058,131.9468915,2.255225544,0.01709191872,Sasanka Gylcerol and Oil,O-40.5mm
mineral oil,,45,40.5,2.25,25,140,140,5,0.73,0.73125,14.66076572,0.2968805058,131.9468915,2.255225544,0.01709191872,Sasanka Gylcerol and Oil,O-40.5mm
mineral oil,,45,40.5,2.25,25,140,140,6,0.72,0.73125,14.66076572,0.2968805058,131.9468915,2.255225544,0.01709191872,Sasanka Gylcerol and Oil,O-40.5mm
mineral oil,,45,40.5,2.25,25,140,140,7,0.72,0.73125,14.66076572,0.2968805058,131.9468915,2.255225544,0.01709191872,Sasanka Gylcerol and Oil,O-40.5mm
mineral oil,,45,40.5,2.25,25,140,140,8,0.73,0.73125,14.66076572,0.2968805058,131.9468915,2.255225544,0.01709191872,Sasanka Gylcerol and Oil,O-40.5mm
mineral oil,,45,40.5,2.25,25,140,140,9,0.74,0.73125,14.66076572,0.2968805058,131.9468915,2.255225544,0.01709191872,Sasanka Gylcerol and Oil,O-40.5mm
mineral oil,,45,40.5,2.25,25,140,140,10,0.72,0.73125,14.66076572,0.2968805058,131.9468915,2.255225544,0.01709191872,Sasanka Gylcerol and Oil,O-40.5mm
mineral oil,,45,40.5,2.25,25,140,140,11,0.7,0.73125,14.66076572,0.2968805058,131.9468915,2.255225544,0.01709191872,Sasanka Gylcerol and Oil,O-40.5mm
mineral oil,,45,40.5,2.25,25,140,140,12,0.72,0.73125,14.66076572,0.2968805058,131.9468915,2.255225544,0.01709191872,Sasanka Gylcerol and Oil,O-40.5mm
mineral oil,,45,40.5,2.25,25,140,140,13,0.74,0.73125,14.66076572,0.2968805058,131.9468915,2.255225544,0.01709191872,Sasanka Gylcerol and Oil,O-40.5mm
mineral oil,,45,40.5,2.25,25,140,140,14,0.74,0.73125,14.66076572,0.2968805058,131.9468915,2.255225544,0.01709191872,Sasanka Gylcerol and Oil,O-40.5mm
mineral oil,,45,40.5,2.25,25,140,140,15,0.75,0.73125,14.66076572,0.2968805058,131.9468915,2.255225544,0.01709191872,Sasanka Gylcerol and Oil,O-40.5mm
mineral oil,,45,40.5,2.25,25,140,140,16,0.81,0.73125,14.66076572,0.2968805058,131.9468915,2.255225544,0.01709191872,Sasanka Gylcerol and Oil,O-40.5mm
mineral oil,,45,40.5,2.25,25,160,160,1,0.84,1.039333333,16.75516082,0.3392920066,150.7964474,3.205375838,0.02125630871,Sasanka Gylcerol and Oil,O-40.5mm
mineral oil,,45,40.5,2.25,25,160,160,2,0.88,1.039333333,16.75516082,0.3392920066,150.7964474,3.205375838,0.02125630871,Sasanka Gylcerol and Oil,O-40.5mm
mineral oil,,45,40.5,2.25,25,160,160,3,0.91,1.039333333,16.75516082,0.3392920066,150.7964474,3.205375838,0.02125630871,Sasanka Gylcerol and Oil,O-40.5mm
mineral oil,,45,40.5,2.25,25,160,160,4,0.93,1.039333333,16.75516082,0.3392920066,150.7964474,3.205375838,0.02125630871,Sasanka Gylcerol and Oil,O-40.5mm
mineral oil,,45,40.5,2.25,25,160,160,5,0.96,1.039333333,16.75516082,0.3392920066,150.7964474,3.205375838,0.02125630871,Sasanka Gylcerol and Oil,O-40.5mm
mineral oil,,45,40.5,2.25,25,160,160,6,0.98,1.039333333,16.75516082,0.3392920066,150.7964474,3.205375838,0.02125630871,Sasanka Gylcerol and Oil,O-40.5mm
mineral oil,,45,40.5,2.25,25,160,160,7,0.99,1.039333333,16.75516082,0.3392920066,150.7964474,3.205375838,0.02125630871,Sasanka Gylcerol and Oil,O-40.5mm
mineral oil,,45,40.5,2.25,25,160,160,8,0.99,1.039333333,16.75516082,0.3392920066,150.7964474,3.205375838,0.02125630871,Sasanka Gylcerol and Oil,O-40.5mm
mineral oil,,45,40.5,2.25,25,160,160,9,1.01,1.039333333,16.75516082,0.3392920066,150.7964474,3.205375838,0.02125630871,Sasanka Gylcerol and Oil,O-40.5mm
mineral oil,,45,40.5,2.25,25,160,160,10,1.02,1.039333333,16.75516082,0.3392920066,150.7964474,3.205375838,0.02125630871,Sasanka Gylcerol and Oil,O-40.5mm
mineral oil,,45,40.5,2.25,25,160,160,11,1.04,1.039333333,16.75516082,0.3392920066,150.7964474,3.205375838,0.02125630871,Sasanka Gylcerol and Oil,O-40.5mm
mineral oil,,45,40.5,2.25,25,160,160,12,1.07,1.039333333,16.75516082,0.3392920066,150.7964474,3.205375838,0.02125630871,Sasanka Gylcerol and Oil,O-40.5mm
mineral oil,,45,40.5,2.25,25,160,160,13,1.22,1.039333333,16.75516082,0.3392920066,150.7964474,3.205375838,0.02125630871,Sasanka Gylcerol and Oil,O-40.5mm
mineral oil,,45,40.5,2.25,25,160,160,14,1.37,1.039333333,16.75516082,0.3392920066,150.7964474,3.205375838,0.02125630871,Sasanka Gylcerol and Oil,O-40.5mm
mineral oil,,45,40.5,2.25,25,160,160,15,1.38,1.039333333,16.75516082,0.3392920066,150.7964474,3.205375838,0.02125630871,Sasanka Gylcerol and Oil,O-40.5mm
mineral oil,,45,40.5,2.25,25,180,180,1,1.39,1.446,18.84955592,0.3817035074,169.6460033,4.459563947,0.02628746838,Sasanka Gylcerol and Oil,O-40.5mm
mineral oil,,45,40.5,2.25,25,180,180,2,1.42,1.446,18.84955592,0.3817035074,169.6460033,4.459563947,0.02628746838,Sasanka Gylcerol and Oil,O-40.5mm
mineral oil,,45,40.5,2.25,25,180,180,3,1.41,1.446,18.84955592,0.3817035074,169.6460033,4.459563947,0.02628746838,Sasanka Gylcerol and Oil,O-40.5mm
mineral oil,,45,40.5,2.25,25,180,180,4,1.41,1.446,18.84955592,0.3817035074,169.6460033,4.459563947,0.02628746838,Sasanka Gylcerol and Oil,O-40.5mm
mineral oil,,45,40.5,2.25,25,180,180,5,1.44,1.446,18.84955592,0.3817035074,169.6460033,4.459563947,0.02628746838,Sasanka Gylcerol and Oil,O-40.5mm
mineral oil,,45,40.5,2.25,25,180,180,6,1.46,1.446,18.84955592,0.3817035074,169.6460033,4.459563947,0.02628746838,Sasanka Gylcerol and Oil,O-40.5mm
mineral oil,,45,40.5,2.25,25,180,180,7,1.47,1.446,18.84955592,0.3817035074,169.6460033,4.459563947,0.02628746838,Sasanka Gylcerol and Oil,O-40.5mm
mineral oil,,45,40.5,2.25,25,180,180,8,1.47,1.446,18.84955592,0.3817035074,169.6460033,4.459563947,0.02628746838,Sasanka Gylcerol and Oil,O-40.5mm
mineral oil,,45,40.5,2.25,25,180,180,9,1.45,1.446,18.84955592,0.3817035074,169.6460033,4.459563947,0.02628746838,Sasanka Gylcerol and Oil,O-40.5mm
mineral oil,,45,40.5,2.25,25,180,180,10,1.45,1.446,18.84955592,0.3817035074,169.6460033,4.459563947,0.02628746838,Sasanka Gylcerol and Oil,O-40.5mm
mineral oil,,45,40.5,2.25,25,180,180,11,1.46,1.446,18.84955592,0.3817035074,169.6460033,4.459563947,0.02628746838,Sasanka Gylcerol and Oil,O-40.5mm
mineral oil,,45,40.5,2.25,25,180,180,12,1.46,1.446,18.84955592,0.3817035074,169.6460033,4.459563947,0.02628746838,Sasanka Gylcerol and Oil,O-40.5mm
mineral oil,,45,40.5,2.25,25,180,180,13,1.46,1.446,18.84955592,0.3817035074,169.6460033,4.459563947,0.02628746838,Sasanka Gylcerol and Oil,O-40.5mm
mineral oil,,45,40.5,2.25,25,180,180,14,1.48,1.446,18.84955592,0.3817035074,169.6460033,4.459563947,0.02628746838,Sasanka Gylcerol and Oil,O-40.5mm
mineral oil,,45,40.5,2.25,25,180,180,15,1.46,1.446,18.84955592,0.3817035074,169.6460033,4.459563947,0.02628746838,Sasanka Gylcerol and Oil,O-40.5mm
mineral oil,,45,40.5,2.25,25,200,200,1,1.5,1.567333333,20.94395102,0.4241150082,188.4955592,4.833764333,0.02564391625,Sasanka Gylcerol and Oil,O-40.5mm
mineral oil,,45,40.5,2.25,25,200,200,2,1.55,1.567333333,20.94395102,0.4241150082,188.4955592,4.833764333,0.02564391625,Sasanka Gylcerol and Oil,O-40.5mm
mineral oil,,45,40.5,2.25,25,200,200,3,1.55,1.567333333,20.94395102,0.4241150082,188.4955592,4.833764333,0.02564391625,Sasanka Gylcerol and Oil,O-40.5mm
mineral oil,,45,40.5,2.25,25,200,200,4,1.55,1.567333333,20.94395102,0.4241150082,188.4955592,4.833764333,0.02564391625,Sasanka Gylcerol and Oil,O-40.5mm
mineral oil,,45,40.5,2.25,25,200,200,5,1.55,1.567333333,20.94395102,0.4241150082,188.4955592,4.833764333,0.02564391625,Sasanka Gylcerol and Oil,O-40.5mm
mineral oil,,45,40.5,2.25,25,200,200,6,1.57,1.567333333,20.94395102,0.4241150082,188.4955592,4.833764333,0.02564391625,Sasanka Gylcerol and Oil,O-40.5mm
mineral oil,,45,40.5,2.25,25,200,200,7,1.56,1.567333333,20.94395102,0.4241150082,188.4955592,4.833764333,0.02564391625,Sasanka Gylcerol and Oil,O-40.5mm
mineral oil,,45,40.5,2.25,25,200,200,8,1.58,1.567333333,20.94395102,0.4241150082,188.4955592,4.833764333,0.02564391625,Sasanka Gylcerol and Oil,O-40.5mm
mineral oil,,45,40.5,2.25,25,200,200,9,1.59,1.567333333,20.94395102,0.4241150082,188.4955592,4.833764333,0.02564391625,Sasanka Gylcerol and Oil,O-40.5mm
mineral oil,,45,40.5,2.25,25,200,200,10,1.58,1.567333333,20.94395102,0.4241150082,188.4955592,4.833764333,0.02564391625,Sasanka Gylcerol and Oil,O-40.5mm
mineral oil,,45,40.5,2.25,25,200,200,11,1.58,1.567333333,20.94395102,0.4241150082,188.4955592,4.833764333,0.02564391625,Sasanka Gylcerol and Oil,O-40.5mm
mineral oil,,45,40.5,2.25,25,200,200,12,1.58,1.567333333,20.94395102,0.4241150082,188.4955592,4.833764333,0.02564391625,Sasanka Gylcerol and Oil,O-40.5mm
mineral oil,,45,40.5,2.25,25,200,200,13,1.59,1.567333333,20.94395102,0.4241150082,188.4955592,4.833764333,0.02564391625,Sasanka Gylcerol and Oil,O-40.5mm
mineral oil,,45,40.5,2.25,25,200,200,14,1.59,1.567333333,20.94395102,0.4241150082,188.4955592,4.833764333,0.02564391625,Sasanka Gylcerol and Oil,O-40.5mm
mineral oil,,45,40.5,2.25,25,200,200,15,1.59,1.567333333,20.94395102,0.4241150082,188.4955592,4.833764333,0.02564391625,Sasanka Gylcerol and Oil,O-40.5mm
mineral oil,,45,40.5,2.25,25,220,220,1,1.68,1.824666667,23.03834613,0.4665265091,207.3451151,5.62739812,0.02714024932,Sasanka Gylcerol and Oil,O-40.5mm
mineral oil,,45,40.5,2.25,25,220,220,2,1.81,1.824666667,23.03834613,0.4665265091,207.3451151,5.62739812,0.02714024932,Sasanka Gylcerol and Oil,O-40.5mm
mineral oil,,45,40.5,2.25,25,220,220,3,1.83,1.824666667,23.03834613,0.4665265091,207.3451151,5.62739812,0.02714024932,Sasanka Gylcerol and Oil,O-40.5mm
mineral oil,,45,40.5,2.25,25,220,220,4,1.83,1.824666667,23.03834613,0.4665265091,207.3451151,5.62739812,0.02714024932,Sasanka Gylcerol and Oil,O-40.5mm
mineral oil,,45,40.5,2.25,25,220,220,5,1.83,1.824666667,23.03834613,0.4665265091,207.3451151,5.62739812,0.02714024932,Sasanka Gylcerol and Oil,O-40.5mm
mineral oil,,45,40.5,2.25,25,220,220,6,1.86,1.824666667,23.03834613,0.4665265091,207.3451151,5.62739812,0.02714024932,Sasanka Gylcerol and Oil,O-40.5mm
mineral oil,,45,40.5,2.25,25,220,220,7,1.86,1.824666667,23.03834613,0.4665265091,207.3451151,5.62739812,0.02714024932,Sasanka Gylcerol and Oil,O-40.5mm
mineral oil,,45,40.5,2.25,25,220,220,8,1.84,1.824666667,23.03834613,0.4665265091,207.3451151,5.62739812,0.02714024932,Sasanka Gylcerol and Oil,O-40.5mm
mineral oil,,45,40.5,2.25,25,220,220,9,1.83,1.824666667,23.03834613,0.4665265091,207.3451151,5.62739812,0.02714024932,Sasanka Gylcerol and Oil,O-40.5mm
mineral oil,,45,40.5,2.25,25,220,220,10,1.83,1.824666667,23.03834613,0.4665265091,207.3451151,5.62739812,0.02714024932,Sasanka Gylcerol and Oil,O-40.5mm
mineral oil,,45,40.5,2.25,25,220,220,11,1.84,1.824666667,23.03834613,0.4665265091,207.3451151,5.62739812,0.02714024932,Sasanka Gylcerol and Oil,O-40.5mm
mineral oil,,45,40.5,2.25,25,220,220,12,1.85,1.824666667,23.03834613,0.4665265091,207.3451151,5.62739812,0.02714024932,Sasanka Gylcerol and Oil,O-40.5mm
mineral oil,,45,40.5,2.25,25,220,220,13,1.83,1.824666667,23.03834613,0.4665265091,207.3451151,5.62739812,0.02714024932,Sasanka Gylcerol and Oil,O-40.5mm
mineral oil,,45,40.5,2.25,25,220,220,14,1.83,1.824666667,23.03834613,0.4665265091,207.3451151,5.62739812,0.02714024932,Sasanka Gylcerol and Oil,O-40.5mm
mineral oil,,45,40.5,2.25,25,220,220,15,1.82,1.824666667,23.03834613,0.4665265091,207.3451151,5.62739812,0.02714024932,Sasanka Gylcerol and Oil,O-40.5mm
mineral oil,,45,40.5,2.25,25,240,240,1,1.85,1.895333333,25.13274123,0.5089380099,226.1946711,5.845339004,0.02584207213,Sasanka Gylcerol and Oil,O-40.5mm
mineral oil,,45,40.5,2.25,25,240,240,2,1.91,1.895333333,25.13274123,0.5089380099,226.1946711,5.845339004,0.02584207213,Sasanka Gylcerol and Oil,O-40.5mm
mineral oil,,45,40.5,2.25,25,240,240,3,1.92,1.895333333,25.13274123,0.5089380099,226.1946711,5.845339004,0.02584207213,Sasanka Gylcerol and Oil,O-40.5mm
mineral oil,,45,40.5,2.25,25,240,240,4,1.91,1.895333333,25.13274123,0.5089380099,226.1946711,5.845339004,0.02584207213,Sasanka Gylcerol and Oil,O-40.5mm
mineral oil,,45,40.5,2.25,25,240,240,5,1.92,1.895333333,25.13274123,0.5089380099,226.1946711,5.845339004,0.02584207213,Sasanka Gylcerol and Oil,O-40.5mm
mineral oil,,45,40.5,2.25,25,240,240,6,1.91,1.895333333,25.13274123,0.5089380099,226.1946711,5.845339004,0.02584207213,Sasanka Gylcerol and Oil,O-40.5mm
mineral oil,,45,40.5,2.25,25,240,240,7,1.92,1.895333333,25.13274123,0.5089380099,226.1946711,5.845339004,0.02584207213,Sasanka Gylcerol and Oil,O-40.5mm
mineral oil,,45,40.5,2.25,25,240,240,8,1.88,1.895333333,25.13274123,0.5089380099,226.1946711,5.845339004,0.02584207213,Sasanka Gylcerol and Oil,O-40.5mm
mineral oil,,45,40.5,2.25,25,240,240,9,1.88,1.895333333,25.13274123,0.5089380099,226.1946711,5.845339004,0.02584207213,Sasanka Gylcerol and Oil,O-40.5mm
mineral oil,,45,40.5,2.25,25,240,240,10,1.89,1.895333333,25.13274123,0.5089380099,226.1946711,5.845339004,0.02584207213,Sasanka Gylcerol and Oil,O-40.5mm
mineral oil,,45,40.5,2.25,25,240,240,11,1.9,1.895333333,25.13274123,0.5089380099,226.1946711,5.845339004,0.02584207213,Sasanka Gylcerol and Oil,O-40.5mm
mineral oil,,45,40.5,2.25,25,240,240,12,1.9,1.895333333,25.13274123,0.5089380099,226.1946711,5.845339004,0.02584207213,Sasanka Gylcerol and Oil,O-40.5mm
mineral oil,,45,40.5,2.25,25,240,240,13,1.88,1.895333333,25.13274123,0.5089380099,226.1946711,5.845339004,0.02584207213,Sasanka Gylcerol and Oil,O-40.5mm
mineral oil,,45,40.5,2.25,25,240,240,14,1.88,1.895333333,25.13274123,0.5089380099,226.1946711,5.845339004,0.02584207213,Sasanka Gylcerol and Oil,O-40.5mm
mineral oil,,45,40.5,2.25,25,240,240,15,1.88,1.895333333,25.13274123,0.5089380099,226.1946711,5.845339004,0.02584207213,Sasanka Gylcerol and Oil,O-40.5mm
mineral oil,,45,40.5,2.25,25,260,260,1,1.93,2.007333333,27.22713633,0.5513495107,245.044227,6.190754746,0.02526382614,Sasanka Gylcerol and Oil,O-40.5mm
mineral oil,,45,40.5,2.25,25,260,260,2,2,2.007333333,27.22713633,0.5513495107,245.044227,6.190754746,0.02526382614,Sasanka Gylcerol and Oil,O-40.5mm
mineral oil,,45,40.5,2.25,25,260,260,3,2.01,2.007333333,27.22713633,0.5513495107,245.044227,6.190754746,0.02526382614,Sasanka Gylcerol and Oil,O-40.5mm
mineral oil,,45,40.5,2.25,25,260,260,4,2.01,2.007333333,27.22713633,0.5513495107,245.044227,6.190754746,0.02526382614,Sasanka Gylcerol and Oil,O-40.5mm
mineral oil,,45,40.5,2.25,25,260,260,5,2.03,2.007333333,27.22713633,0.5513495107,245.044227,6.190754746,0.02526382614,Sasanka Gylcerol and Oil,O-40.5mm
mineral oil,,45,40.5,2.25,25,260,260,6,2.02,2.007333333,27.22713633,0.5513495107,245.044227,6.190754746,0.02526382614,Sasanka Gylcerol and Oil,O-40.5mm
mineral oil,,45,40.5,2.25,25,260,260,7,2.02,2.007333333,27.22713633,0.5513495107,245.044227,6.190754746,0.02526382614,Sasanka Gylcerol and Oil,O-40.5mm
mineral oil,,45,40.5,2.25,25,260,260,8,2.02,2.007333333,27.22713633,0.5513495107,245.044227,6.190754746,0.02526382614,Sasanka Gylcerol and Oil,O-40.5mm
mineral oil,,45,40.5,2.25,25,260,260,9,2,2.007333333,27.22713633,0.5513495107,245.044227,6.190754746,0.02526382614,Sasanka Gylcerol and Oil,O-40.5mm
mineral oil,,45,40.5,2.25,25,260,260,10,2.02,2.007333333,27.22713633,0.5513495107,245.044227,6.190754746,0.02526382614,Sasanka Gylcerol and Oil,O-40.5mm
mineral oil,,45,40.5,2.25,25,260,260,11,2.01,2.007333333,27.22713633,0.5513495107,245.044227,6.190754746,0.02526382614,Sasanka Gylcerol and Oil,O-40.5mm
mineral oil,,45,40.5,2.25,25,260,260,12,2.01,2.007333333,27.22713633,0.5513495107,245.044227,6.190754746,0.02526382614,Sasanka Gylcerol and Oil,O-40.5mm
mineral oil,,45,40.5,2.25,25,260,260,13,2.01,2.007333333,27.22713633,0.5513495107,245.044227,6.190754746,0.02526382614,Sasanka Gylcerol and Oil,O-40.5mm
mineral oil,,45,40.5,2.25,25,260,260,14,2.01,2.007333333,27.22713633,0.5513495107,245.044227,6.190754746,0.02526382614,Sasanka Gylcerol and Oil,O-40.5mm
mineral oil,,45,40.5,2.25,25,260,260,15,2.01,2.007333333,27.22713633,0.5513495107,245.044227,6.190754746,0.02526382614,Sasanka Gylcerol and Oil,O-40.5mm
mineral oil,,45,40.5,2.25,25,280,280,1,2.08,2.158666667,29.32153143,0.5937610115,263.8937829,6.657477206,0.02522786681,Sasanka Gylcerol and Oil,O-40.5mm
mineral oil,,45,40.5,2.25,25,280,280,2,2.16,2.158666667,29.32153143,0.5937610115,263.8937829,6.657477206,0.02522786681,Sasanka Gylcerol and Oil,O-40.5mm
mineral oil,,45,40.5,2.25,25,280,280,3,2.18,2.158666667,29.32153143,0.5937610115,263.8937829,6.657477206,0.02522786681,Sasanka Gylcerol and Oil,O-40.5mm
mineral oil,,45,40.5,2.25,25,280,280,4,2.18,2.158666667,29.32153143,0.5937610115,263.8937829,6.657477206,0.02522786681,Sasanka Gylcerol and Oil,O-40.5mm
mineral oil,,45,40.5,2.25,25,280,280,5,2.17,2.158666667,29.32153143,0.5937610115,263.8937829,6.657477206,0.02522786681,Sasanka Gylcerol and Oil,O-40.5mm
mineral oil,,45,40.5,2.25,25,280,280,6,2.16,2.158666667,29.32153143,0.5937610115,263.8937829,6.657477206,0.02522786681,Sasanka Gylcerol and Oil,O-40.5mm
mineral oil,,45,40.5,2.25,25,280,280,7,2.15,2.158666667,29.32153143,0.5937610115,263.8937829,6.657477206,0.02522786681,Sasanka Gylcerol and Oil,O-40.5mm
mineral oil,,45,40.5,2.25,25,280,280,8,2.15,2.158666667,29.32153143,0.5937610115,263.8937829,6.657477206,0.02522786681,Sasanka Gylcerol and Oil,O-40.5mm
mineral oil,,45,40.5,2.25,25,280,280,9,2.14,2.158666667,29.32153143,0.5937610115,263.8937829,6.657477206,0.02522786681,Sasanka Gylcerol and Oil,O-40.5mm
mineral oil,,45,40.5,2.25,25,280,280,10,2.17,2.158666667,29.32153143,0.5937610115,263.8937829,6.657477206,0.02522786681,Sasanka Gylcerol and Oil,O-40.5mm
mineral oil,,45,40.5,2.25,25,280,280,11,2.18,2.158666667,29.32153143,0.5937610115,263.8937829,6.657477206,0.02522786681,Sasanka Gylcerol and Oil,O-40.5mm
mineral oil,,45,40.5,2.25,25,280,280,12,2.16,2.158666667,29.32153143,0.5937610115,263.8937829,6.657477206,0.02522786681,Sasanka Gylcerol and Oil,O-40.5mm
mineral oil,,45,40.5,2.25,25,280,280,13,2.17,2.158666667,29.32153143,0.5937610115,263.8937829,6.657477206,0.02522786681,Sasanka Gylcerol and Oil,O-40.5mm
mineral oil,,45,40.5,2.25,25,280,280,14,2.17,2.158666667,29.32153143,0.5937610115,263.8937829,6.657477206,0.02522786681,Sasanka Gylcerol and Oil,O-40.5mm
mineral oil,,45,40.5,2.25,25,280,280,15,2.16,2.158666667,29.32153143,0.5937610115,263.8937829,6.657477206,0.02522786681,Sasanka Gylcerol and Oil,O-40.5mm
mineral oil,,45,40.5,2.25,25,300,300,1,2.23,2.257857143,31.41592654,0.6361725124,282.7433388,6.96338749,0.02462794533,Sasanka Gylcerol and Oil,O-40.5mm
mineral oil,,45,40.5,2.25,25,300,300,2,2.26,2.257857143,31.41592654,0.6361725124,282.7433388,6.96338749,0.02462794533,Sasanka Gylcerol and Oil,O-40.5mm
mineral oil,,45,40.5,2.25,25,300,300,3,2.26,2.257857143,31.41592654,0.6361725124,282.7433388,6.96338749,0.02462794533,Sasanka Gylcerol and Oil,O-40.5mm
mineral oil,,45,40.5,2.25,25,300,300,4,2.29,2.257857143,31.41592654,0.6361725124,282.7433388,6.96338749,0.02462794533,Sasanka Gylcerol and Oil,O-40.5mm
mineral oil,,45,40.5,2.25,25,300,300,5,2.28,2.257857143,31.41592654,0.6361725124,282.7433388,6.96338749,0.02462794533,Sasanka Gylcerol and Oil,O-40.5mm
mineral oil,,45,40.5,2.25,25,300,300,6,2.27,2.257857143,31.41592654,0.6361725124,282.7433388,6.96338749,0.02462794533,Sasanka Gylcerol and Oil,O-40.5mm
mineral oil,,45,40.5,2.25,25,300,300,7,2.27,2.257857143,31.41592654,0.6361725124,282.7433388,6.96338749,0.02462794533,Sasanka Gylcerol and Oil,O-40.5mm
mineral oil,,45,40.5,2.25,25,300,300,8,2.25,2.257857143,31.41592654,0.6361725124,282.7433388,6.96338749,0.02462794533,Sasanka Gylcerol and Oil,O-40.5mm
mineral oil,,45,40.5,2.25,25,300,300,9,2.25,2.257857143,31.41592654,0.6361725124,282.7433388,6.96338749,0.02462794533,Sasanka Gylcerol and Oil,O-40.5mm
mineral oil,,45,40.5,2.25,25,300,300,10,2.25,2.257857143,31.41592654,0.6361725124,282.7433388,6.96338749,0.02462794533,Sasanka Gylcerol and Oil,O-40.5mm
mineral oil,,45,40.5,2.25,25,300,300,11,2.26,2.257857143,31.41592654,0.6361725124,282.7433388,6.96338749,0.02462794533,Sasanka Gylcerol and Oil,O-40.5mm
mineral oil,,45,40.5,2.25,25,300,300,12,2.25,2.257857143,31.41592654,0.6361725124,282.7433388,6.96338749,0.02462794533,Sasanka Gylcerol and Oil,O-40.5mm
mineral oil,,45,40.5,2.25,25,300,300,13,2.24,2.257857143,31.41592654,0.6361725124,282.7433388,6.96338749,0.02462794533,Sasanka Gylcerol and Oil,O-40.5mm
mineral oil,,45,40.5,2.25,25,300,300,14,2.25,2.257857143,31.41592654,0.6361725124,282.7433388,6.96338749,0.02462794533,Sasanka Gylcerol and Oil,O-40.5mm
mineral oil,,45,40.5,2.25,25,320,320,1,2.3,2.39625,33.51032164,0.6785840132,301.5928947,7.390200628,0.02450389501,Sasanka Gylcerol and Oil,O-40.5mm
mineral oil,,45,40.5,2.25,25,320,320,2,2.4,2.39625,33.51032164,0.6785840132,301.5928947,7.390200628,0.02450389501,Sasanka Gylcerol and Oil,O-40.5mm
mineral oil,,45,40.5,2.25,25,320,320,3,2.41,2.39625,33.51032164,0.6785840132,301.5928947,7.390200628,0.02450389501,Sasanka Gylcerol and Oil,O-40.5mm
mineral oil,,45,40.5,2.25,25,320,320,4,2.4,2.39625,33.51032164,0.6785840132,301.5928947,7.390200628,0.02450389501,Sasanka Gylcerol and Oil,O-40.5mm
mineral oil,,45,40.5,2.25,25,320,320,5,2.38,2.39625,33.51032164,0.6785840132,301.5928947,7.390200628,0.02450389501,Sasanka Gylcerol and Oil,O-40.5mm
mineral oil,,45,40.5,2.25,25,320,320,6,2.36,2.39625,33.51032164,0.6785840132,301.5928947,7.390200628,0.02450389501,Sasanka Gylcerol and Oil,O-40.5mm
mineral oil,,45,40.5,2.25,25,320,320,7,2.37,2.39625,33.51032164,0.6785840132,301.5928947,7.390200628,0.02450389501,Sasanka Gylcerol and Oil,O-40.5mm
mineral oil,,45,40.5,2.25,25,320,320,8,2.39,2.39625,33.51032164,0.6785840132,301.5928947,7.390200628,0.02450389501,Sasanka Gylcerol and Oil,O-40.5mm
mineral oil,,45,40.5,2.25,25,320,320,9,2.39,2.39625,33.51032164,0.6785840132,301.5928947,7.390200628,0.02450389501,Sasanka Gylcerol and Oil,O-40.5mm
mineral oil,,45,40.5,2.25,25,320,320,10,2.39,2.39625,33.51032164,0.6785840132,301.5928947,7.390200628,0.02450389501,Sasanka Gylcerol and Oil,O-40.5mm
mineral oil,,45,40.5,2.25,25,320,320,11,2.43,2.39625,33.51032164,0.6785840132,301.5928947,7.390200628,0.02450389501,Sasanka Gylcerol and Oil,O-40.5mm
mineral oil,,45,40.5,2.25,25,320,320,12,2.42,2.39625,33.51032164,0.6785840132,301.5928947,7.390200628,0.02450389501,Sasanka Gylcerol and Oil,O-40.5mm
mineral oil,,45,40.5,2.25,25,320,320,13,2.36,2.39625,33.51032164,0.6785840132,301.5928947,7.390200628,0.02450389501,Sasanka Gylcerol and Oil,O-40.5mm
mineral oil,,45,40.5,2.25,25,320,320,14,2.39,2.39625,33.51032164,0.6785840132,301.5928947,7.390200628,0.02450389501,Sasanka Gylcerol and Oil,O-40.5mm
mineral oil,,45,40.5,2.25,25,320,320,15,2.47,2.39625,33.51032164,0.6785840132,301.5928947,7.390200628,0.02450389501,Sasanka Gylcerol and Oil,O-40.5mm
mineral oil,,45,40.5,2.25,25,320,320,16,2.48,2.39625,33.51032164,0.6785840132,301.5928947,7.390200628,0.02450389501,Sasanka Gylcerol and Oil,O-40.5mm
mineral oil,,45,40.5,2.25,25,340,340,1,2.33,2.340555556,35.60471674,0.720995514,320.4424507,7.218435111,0.02252646332,Sasanka Gylcerol and Oil,O-40.5mm
mineral oil,,45,40.5,2.25,25,340,340,2,2.38,2.340555556,35.60471674,0.720995514,320.4424507,7.218435111,0.02252646332,Sasanka Gylcerol and Oil,O-40.5mm
mineral oil,,45,40.5,2.25,25,340,340,3,2.43,2.340555556,35.60471674,0.720995514,320.4424507,7.218435111,0.02252646332,Sasanka Gylcerol and Oil,O-40.5mm
mineral oil,,45,40.5,2.25,25,340,340,4,2.4,2.340555556,35.60471674,0.720995514,320.4424507,7.218435111,0.02252646332,Sasanka Gylcerol and Oil,O-40.5mm
mineral oil,,45,40.5,2.25,25,340,340,5,2.39,2.340555556,35.60471674,0.720995514,320.4424507,7.218435111,0.02252646332,Sasanka Gylcerol and Oil,O-40.5mm
mineral oil,,45,40.5,2.25,25,340,340,6,2.39,2.340555556,35.60471674,0.720995514,320.4424507,7.218435111,0.02252646332,Sasanka Gylcerol and Oil,O-40.5mm
mineral oil,,45,40.5,2.25,25,340,340,7,2.36,2.340555556,35.60471674,0.720995514,320.4424507,7.218435111,0.02252646332,Sasanka Gylcerol and Oil,O-40.5mm
mineral oil,,45,40.5,2.25,25,340,340,8,2.34,2.340555556,35.60471674,0.720995514,320.4424507,7.218435111,0.02252646332,Sasanka Gylcerol and Oil,O-40.5mm
mineral oil,,45,40.5,2.25,25,340,340,9,2.34,2.340555556,35.60471674,0.720995514,320.4424507,7.218435111,0.02252646332,Sasanka Gylcerol and Oil,O-40.5mm
mineral oil,,45,40.5,2.25,25,340,340,10,2.35,2.340555556,35.60471674,0.720995514,320.4424507,7.218435111,0.02252646332,Sasanka Gylcerol and Oil,O-40.5mm
mineral oil,,45,40.5,2.25,25,340,340,11,2.33,2.340555556,35.60471674,0.720995514,320.4424507,7.218435111,0.02252646332,Sasanka Gylcerol and Oil,O-40.5mm
mineral oil,,45,40.5,2.25,25,340,340,12,2.32,2.340555556,35.60471674,0.720995514,320.4424507,7.218435111,0.02252646332,Sasanka Gylcerol and Oil,O-40.5mm
mineral oil,,45,40.5,2.25,25,340,340,13,2.32,2.340555556,35.60471674,0.720995514,320.4424507,7.218435111,0.02252646332,Sasanka Gylcerol and Oil,O-40.5mm
mineral oil,,45,40.5,2.25,25,340,340,14,2.33,2.340555556,35.60471674,0.720995514,320.4424507,7.218435111,0.02252646332,Sasanka Gylcerol and Oil,O-40.5mm
mineral oil,,45,40.5,2.25,25,340,340,15,2.29,2.340555556,35.60471674,0.720995514,320.4424507,7.218435111,0.02252646332,Sasanka Gylcerol and Oil,O-40.5mm
mineral oil,,45,40.5,2.25,25,340,340,16,2.28,2.340555556,35.60471674,0.720995514,320.4424507,7.218435111,0.02252646332,Sasanka Gylcerol and Oil,O-40.5mm
mineral oil,,45,40.5,2.25,25,340,340,17,2.27,2.340555556,35.60471674,0.720995514,320.4424507,7.218435111,0.02252646332,Sasanka Gylcerol and Oil,O-40.5mm
mineral oil,,45,40.5,2.25,25,340,340,18,2.28,2.340555556,35.60471674,0.720995514,320.4424507,7.218435111,0.02252646332,Sasanka Gylcerol and Oil,O-40.5mm
mineral oil,,45,40.5,2.25,25,360,360,1,2.3,2.466,37.69911184,0.7634070148,339.2920066,7.605314449,0.02241524793,Sasanka Gylcerol and Oil,O-40.5mm
mineral oil,,45,40.5,2.25,25,360,360,2,2.38,2.466,37.69911184,0.7634070148,339.2920066,7.605314449,0.02241524793,Sasanka Gylcerol and Oil,O-40.5mm
mineral oil,,45,40.5,2.25,25,360,360,3,2.42,2.466,37.69911184,0.7634070148,339.2920066,7.605314449,0.02241524793,Sasanka Gylcerol and Oil,O-40.5mm
mineral oil,,45,40.5,2.25,25,360,360,4,2.42,2.466,37.69911184,0.7634070148,339.2920066,7.605314449,0.02241524793,Sasanka Gylcerol and Oil,O-40.5mm
mineral oil,,45,40.5,2.25,25,360,360,5,2.41,2.466,37.69911184,0.7634070148,339.2920066,7.605314449,0.02241524793,Sasanka Gylcerol and Oil,O-40.5mm
mineral oil,,45,40.5,2.25,25,360,360,6,2.41,2.466,37.69911184,0.7634070148,339.2920066,7.605314449,0.02241524793,Sasanka Gylcerol and Oil,O-40.5mm
mineral oil,,45,40.5,2.25,25,360,360,7,2.45,2.466,37.69911184,0.7634070148,339.2920066,7.605314449,0.02241524793,Sasanka Gylcerol and Oil,O-40.5mm
mineral oil,,45,40.5,2.25,25,360,360,8,2.46,2.466,37.69911184,0.7634070148,339.2920066,7.605314449,0.02241524793,Sasanka Gylcerol and Oil,O-40.5mm
mineral oil,,45,40.5,2.25,25,360,360,9,2.48,2.466,37.69911184,0.7634070148,339.2920066,7.605314449,0.02241524793,Sasanka Gylcerol and Oil,O-40.5mm
mineral oil,,45,40.5,2.25,25,360,360,10,2.51,2.466,37.69911184,0.7634070148,339.2920066,7.605314449,0.02241524793,Sasanka Gylcerol and Oil,O-40.5mm
mineral oil,,45,40.5,2.25,25,360,360,11,2.53,2.466,37.69911184,0.7634070148,339.2920066,7.605314449,0.02241524793,Sasanka Gylcerol and Oil,O-40.5mm
mineral oil,,45,40.5,2.25,25,360,360,12,2.54,2.466,37.69911184,0.7634070148,339.2920066,7.605314449,0.02241524793,Sasanka Gylcerol and Oil,O-40.5mm
mineral oil,,45,40.5,2.25,25,360,360,13,2.55,2.466,37.69911184,0.7634070148,339.2920066,7.605314449,0.02241524793,Sasanka Gylcerol and Oil,O-40.5mm
mineral oil,,45,40.5,2.25,25,360,360,14,2.57,2.466,37.69911184,0.7634070148,339.2920066,7.605314449,0.02241524793,Sasanka Gylcerol and Oil,O-40.5mm
mineral oil,,45,40.5,2.25,25,360,360,15,2.56,2.466,37.69911184,0.7634070148,339.2920066,7.605314449,0.02241524793,Sasanka Gylcerol and Oil,O-40.5mm
mineral oil,,45,40.5,2.25,25,380,380,1,2.52,2.636666667,39.79350695,0.8058185156,358.1415625,8.131662245,0.02270516214,Sasanka Gylcerol and Oil,O-40.5mm
mineral oil,,45,40.5,2.25,25,380,380,2,2.59,2.636666667,39.79350695,0.8058185156,358.1415625,8.131662245,0.02270516214,Sasanka Gylcerol and Oil,O-40.5mm
mineral oil,,45,40.5,2.25,25,380,380,3,2.64,2.636666667,39.79350695,0.8058185156,358.1415625,8.131662245,0.02270516214,Sasanka Gylcerol and Oil,O-40.5mm
mineral oil,,45,40.5,2.25,25,380,380,4,2.61,2.636666667,39.79350695,0.8058185156,358.1415625,8.131662245,0.02270516214,Sasanka Gylcerol and Oil,O-40.5mm
mineral oil,,45,40.5,2.25,25,380,380,5,2.6,2.636666667,39.79350695,0.8058185156,358.1415625,8.131662245,0.02270516214,Sasanka Gylcerol and Oil,O-40.5mm
mineral oil,,45,40.5,2.25,25,380,380,6,2.65,2.636666667,39.79350695,0.8058185156,358.1415625,8.131662245,0.02270516214,Sasanka Gylcerol and Oil,O-40.5mm
mineral oil,,45,40.5,2.25,25,380,380,7,2.68,2.636666667,39.79350695,0.8058185156,358.1415625,8.131662245,0.02270516214,Sasanka Gylcerol and Oil,O-40.5mm
mineral oil,,45,40.5,2.25,25,380,380,8,2.69,2.636666667,39.79350695,0.8058185156,358.1415625,8.131662245,0.02270516214,Sasanka Gylcerol and Oil,O-40.5mm
mineral oil,,45,40.5,2.25,25,380,380,9,2.68,2.636666667,39.79350695,0.8058185156,358.1415625,8.131662245,0.02270516214,Sasanka Gylcerol and Oil,O-40.5mm
mineral oil,,45,40.5,2.25,25,380,380,10,2.67,2.636666667,39.79350695,0.8058185156,358.1415625,8.131662245,0.02270516214,Sasanka Gylcerol and Oil,O-40.5mm
mineral oil,,45,40.5,2.25,25,380,380,11,2.66,2.636666667,39.79350695,0.8058185156,358.1415625,8.131662245,0.02270516214,Sasanka Gylcerol and Oil,O-40.5mm
mineral oil,,45,40.5,2.25,25,380,380,12,2.64,2.636666667,39.79350695,0.8058185156,358.1415625,8.131662245,0.02270516214,Sasanka Gylcerol and Oil,O-40.5mm
mineral oil,,45,40.5,2.25,25,380,380,13,2.65,2.636666667,39.79350695,0.8058185156,358.1415625,8.131662245,0.02270516214,Sasanka Gylcerol and Oil,O-40.5mm
mineral oil,,45,40.5,2.25,25,380,380,14,2.64,2.636666667,39.79350695,0.8058185156,358.1415625,8.131662245,0.02270516214,Sasanka Gylcerol and Oil,O-40.5mm
mineral oil,,45,40.5,2.25,25,380,380,15,2.63,2.636666667,39.79350695,0.8058185156,358.1415625,8.131662245,0.02270516214,Sasanka Gylcerol and Oil,O-40.5mm
mineral oil,,45,40.5,2.25,25,400,400,1,2.63,2.694117647,41.88790205,0.8482300165,376.9911184,8.30884504,0.02203989599,Sasanka Gylcerol and Oil,O-40.5mm
mineral oil,,45,40.5,2.25,25,400,400,2,2.67,2.694117647,41.88790205,0.8482300165,376.9911184,8.30884504,0.02203989599,Sasanka Gylcerol and Oil,O-40.5mm
mineral oil,,45,40.5,2.25,25,400,400,3,2.7,2.694117647,41.88790205,0.8482300165,376.9911184,8.30884504,0.02203989599,Sasanka Gylcerol and Oil,O-40.5mm
mineral oil,,45,40.5,2.25,25,400,400,4,2.7,2.694117647,41.88790205,0.8482300165,376.9911184,8.30884504,0.02203989599,Sasanka Gylcerol and Oil,O-40.5mm
mineral oil,,45,40.5,2.25,25,400,400,5,2.7,2.694117647,41.88790205,0.8482300165,376.9911184,8.30884504,0.02203989599,Sasanka Gylcerol and Oil,O-40.5mm
mineral oil,,45,40.5,2.25,25,400,400,6,2.67,2.694117647,41.88790205,0.8482300165,376.9911184,8.30884504,0.02203989599,Sasanka Gylcerol and Oil,O-40.5mm
mineral oil,,45,40.5,2.25,25,400,400,7,2.66,2.694117647,41.88790205,0.8482300165,376.9911184,8.30884504,0.02203989599,Sasanka Gylcerol and Oil,O-40.5mm
mineral oil,,45,40.5,2.25,25,400,400,8,2.66,2.694117647,41.88790205,0.8482300165,376.9911184,8.30884504,0.02203989599,Sasanka Gylcerol and Oil,O-40.5mm
mineral oil,,45,40.5,2.25,25,400,400,9,2.66,2.694117647,41.88790205,0.8482300165,376.9911184,8.30884504,0.02203989599,Sasanka Gylcerol and Oil,O-40.5mm
mineral oil,,45,40.5,2.25,25,400,400,10,2.67,2.694117647,41.88790205,0.8482300165,376.9911184,8.30884504,0.02203989599,Sasanka Gylcerol and Oil,O-40.5mm
mineral oil,,45,40.5,2.25,25,400,400,11,2.69,2.694117647,41.88790205,0.8482300165,376.9911184,8.30884504,0.02203989599,Sasanka Gylcerol and Oil,O-40.5mm
mineral oil,,45,40.5,2.25,25,400,400,12,2.69,2.694117647,41.88790205,0.8482300165,376.9911184,8.30884504,0.02203989599,Sasanka Gylcerol and Oil,O-40.5mm
mineral oil,,45,40.5,2.25,25,400,400,13,2.69,2.694117647,41.88790205,0.8482300165,376.9911184,8.30884504,0.02203989599,Sasanka Gylcerol and Oil,O-40.5mm
mineral oil,,45,40.5,2.25,25,400,400,14,2.71,2.694117647,41.88790205,0.8482300165,376.9911184,8.30884504,0.02203989599,Sasanka Gylcerol and Oil,O-40.5mm
mineral oil,,45,40.5,2.25,25,400,400,15,2.74,2.694117647,41.88790205,0.8482300165,376.9911184,8.30884504,0.02203989599,Sasanka Gylcerol and Oil,O-40.5mm
mineral oil,,45,40.5,2.25,25,400,400,16,2.77,2.694117647,41.88790205,0.8482300165,376.9911184,8.30884504,0.02203989599,Sasanka Gylcerol and Oil,O-40.5mm
mineral oil,,45,40.5,2.25,25,400,400,17,2.79,2.694117647,41.88790205,0.8482300165,376.9911184,8.30884504,0.02203989599,Sasanka Gylcerol and Oil,O-40.5mm
mineral oil,,45,41.5,1.75,25,140,140,1,1.04,1.041875,14.66076572,0.3042108886,173.8347935,3.135787658,0.01803889541,Sasanka Gylcerol and Oil,O-41.5mm
mineral oil,,45,41.5,1.75,25,140,140,2,1.04,1.041875,14.66076572,0.3042108886,173.8347935,3.135787658,0.01803889541,Sasanka Gylcerol and Oil,O-41.5mm
mineral oil,,45,41.5,1.75,25,140,140,3,1.03,1.041875,14.66076572,0.3042108886,173.8347935,3.135787658,0.01803889541,Sasanka Gylcerol and Oil,O-41.5mm
mineral oil,,45,41.5,1.75,25,140,140,4,1.03,1.041875,14.66076572,0.3042108886,173.8347935,3.135787658,0.01803889541,Sasanka Gylcerol and Oil,O-41.5mm
mineral oil,,45,41.5,1.75,25,140,140,5,1.01,1.041875,14.66076572,0.3042108886,173.8347935,3.135787658,0.01803889541,Sasanka Gylcerol and Oil,O-41.5mm
mineral oil,,45,41.5,1.75,25,140,140,6,1.02,1.041875,14.66076572,0.3042108886,173.8347935,3.135787658,0.01803889541,Sasanka Gylcerol and Oil,O-41.5mm
mineral oil,,45,41.5,1.75,25,140,140,7,1.01,1.041875,14.66076572,0.3042108886,173.8347935,3.135787658,0.01803889541,Sasanka Gylcerol and Oil,O-41.5mm
mineral oil,,45,41.5,1.75,25,140,140,8,1.01,1.041875,14.66076572,0.3042108886,173.8347935,3.135787658,0.01803889541,Sasanka Gylcerol and Oil,O-41.5mm
mineral oil,,45,41.5,1.75,25,140,140,9,1.04,1.041875,14.66076572,0.3042108886,173.8347935,3.135787658,0.01803889541,Sasanka Gylcerol and Oil,O-41.5mm
mineral oil,,45,41.5,1.75,25,140,140,10,1.03,1.041875,14.66076572,0.3042108886,173.8347935,3.135787658,0.01803889541,Sasanka Gylcerol and Oil,O-41.5mm
mineral oil,,45,41.5,1.75,25,140,140,11,1.05,1.041875,14.66076572,0.3042108886,173.8347935,3.135787658,0.01803889541,Sasanka Gylcerol and Oil,O-41.5mm
mineral oil,,45,41.5,1.75,25,140,140,12,1.06,1.041875,14.66076572,0.3042108886,173.8347935,3.135787658,0.01803889541,Sasanka Gylcerol and Oil,O-41.5mm
mineral oil,,45,41.5,1.75,25,140,140,13,1.06,1.041875,14.66076572,0.3042108886,173.8347935,3.135787658,0.01803889541,Sasanka Gylcerol and Oil,O-41.5mm
mineral oil,,45,41.5,1.75,25,140,140,14,1.06,1.041875,14.66076572,0.3042108886,173.8347935,3.135787658,0.01803889541,Sasanka Gylcerol and Oil,O-41.5mm
mineral oil,,45,41.5,1.75,25,140,140,15,1.08,1.041875,14.66076572,0.3042108886,173.8347935,3.135787658,0.01803889541,Sasanka Gylcerol and Oil,O-41.5mm
mineral oil,,45,41.5,1.75,25,140,140,16,1.1,1.041875,14.66076572,0.3042108886,173.8347935,3.135787658,0.01803889541,Sasanka Gylcerol and Oil,O-41.5mm
mineral oil,,45,41.5,1.75,25,160,160,1,1.12,1.156428571,16.75516082,0.347669587,198.6683354,3.480565751,0.0175194791,Sasanka Gylcerol and Oil,O-41.5mm
mineral oil,,45,41.5,1.75,25,160,160,2,1.17,1.156428571,16.75516082,0.347669587,198.6683354,3.480565751,0.0175194791,Sasanka Gylcerol and Oil,O-41.5mm
mineral oil,,45,41.5,1.75,25,160,160,3,1.19,1.156428571,16.75516082,0.347669587,198.6683354,3.480565751,0.0175194791,Sasanka Gylcerol and Oil,O-41.5mm
mineral oil,,45,41.5,1.75,25,160,160,4,1.17,1.156428571,16.75516082,0.347669587,198.6683354,3.480565751,0.0175194791,Sasanka Gylcerol and Oil,O-41.5mm
mineral oil,,45,41.5,1.75,25,160,160,5,1.15,1.156428571,16.75516082,0.347669587,198.6683354,3.480565751,0.0175194791,Sasanka Gylcerol and Oil,O-41.5mm
mineral oil,,45,41.5,1.75,25,160,160,6,1.14,1.156428571,16.75516082,0.347669587,198.6683354,3.480565751,0.0175194791,Sasanka Gylcerol and Oil,O-41.5mm
mineral oil,,45,41.5,1.75,25,160,160,7,1.14,1.156428571,16.75516082,0.347669587,198.6683354,3.480565751,0.0175194791,Sasanka Gylcerol and Oil,O-41.5mm
mineral oil,,45,41.5,1.75,25,160,160,8,1.14,1.156428571,16.75516082,0.347669587,198.6683354,3.480565751,0.0175194791,Sasanka Gylcerol and Oil,O-41.5mm
mineral oil,,45,41.5,1.75,25,160,160,9,1.14,1.156428571,16.75516082,0.347669587,198.6683354,3.480565751,0.0175194791,Sasanka Gylcerol and Oil,O-41.5mm
mineral oil,,45,41.5,1.75,25,160,160,10,1.16,1.156428571,16.75516082,0.347669587,198.6683354,3.480565751,0.0175194791,Sasanka Gylcerol and Oil,O-41.5mm
mineral oil,,45,41.5,1.75,25,160,160,11,1.16,1.156428571,16.75516082,0.347669587,198.6683354,3.480565751,0.0175194791,Sasanka Gylcerol and Oil,O-41.5mm
mineral oil,,45,41.5,1.75,25,160,160,12,1.16,1.156428571,16.75516082,0.347669587,198.6683354,3.480565751,0.0175194791,Sasanka Gylcerol and Oil,O-41.5mm
mineral oil,,45,41.5,1.75,25,160,160,13,1.18,1.156428571,16.75516082,0.347669587,198.6683354,3.480565751,0.0175194791,Sasanka Gylcerol and Oil,O-41.5mm
mineral oil,,45,41.5,1.75,25,160,160,14,1.17,1.156428571,16.75516082,0.347669587,198.6683354,3.480565751,0.0175194791,Sasanka Gylcerol and Oil,O-41.5mm
mineral oil,,45,41.5,1.75,25,180,180,1,1.17,1.414117647,18.84955592,0.3911282854,223.5018774,4.256146529,0.01904300125,Sasanka Gylcerol and Oil,O-41.5mm
mineral oil,,45,41.5,1.75,25,180,180,2,1.29,1.414117647,18.84955592,0.3911282854,223.5018774,4.256146529,0.01904300125,Sasanka Gylcerol and Oil,O-41.5mm
mineral oil,,45,41.5,1.75,25,180,180,3,1.38,1.414117647,18.84955592,0.3911282854,223.5018774,4.256146529,0.01904300125,Sasanka Gylcerol and Oil,O-41.5mm
mineral oil,,45,41.5,1.75,25,180,180,4,1.39,1.414117647,18.84955592,0.3911282854,223.5018774,4.256146529,0.01904300125,Sasanka Gylcerol and Oil,O-41.5mm
mineral oil,,45,41.5,1.75,25,180,180,5,1.4,1.414117647,18.84955592,0.3911282854,223.5018774,4.256146529,0.01904300125,Sasanka Gylcerol and Oil,O-41.5mm
mineral oil,,45,41.5,1.75,25,180,180,6,1.4,1.414117647,18.84955592,0.3911282854,223.5018774,4.256146529,0.01904300125,Sasanka Gylcerol and Oil,O-41.5mm
mineral oil,,45,41.5,1.75,25,180,180,7,1.4,1.414117647,18.84955592,0.3911282854,223.5018774,4.256146529,0.01904300125,Sasanka Gylcerol and Oil,O-41.5mm
mineral oil,,45,41.5,1.75,25,180,180,8,1.41,1.414117647,18.84955592,0.3911282854,223.5018774,4.256146529,0.01904300125,Sasanka Gylcerol and Oil,O-41.5mm
mineral oil,,45,41.5,1.75,25,180,180,9,1.42,1.414117647,18.84955592,0.3911282854,223.5018774,4.256146529,0.01904300125,Sasanka Gylcerol and Oil,O-41.5mm
mineral oil,,45,41.5,1.75,25,180,180,10,1.43,1.414117647,18.84955592,0.3911282854,223.5018774,4.256146529,0.01904300125,Sasanka Gylcerol and Oil,O-41.5mm
mineral oil,,45,41.5,1.75,25,180,180,11,1.43,1.414117647,18.84955592,0.3911282854,223.5018774,4.256146529,0.01904300125,Sasanka Gylcerol and Oil,O-41.5mm
mineral oil,,45,41.5,1.75,25,180,180,12,1.45,1.414117647,18.84955592,0.3911282854,223.5018774,4.256146529,0.01904300125,Sasanka Gylcerol and Oil,O-41.5mm
mineral oil,,45,41.5,1.75,25,180,180,13,1.47,1.414117647,18.84955592,0.3911282854,223.5018774,4.256146529,0.01904300125,Sasanka Gylcerol and Oil,O-41.5mm
mineral oil,,45,41.5,1.75,25,180,180,14,1.47,1.414117647,18.84955592,0.3911282854,223.5018774,4.256146529,0.01904300125,Sasanka Gylcerol and Oil,O-41.5mm
mineral oil,,45,41.5,1.75,25,180,180,15,1.5,1.414117647,18.84955592,0.3911282854,223.5018774,4.256146529,0.01904300125,Sasanka Gylcerol and Oil,O-41.5mm
mineral oil,,45,41.5,1.75,25,180,180,16,1.51,1.414117647,18.84955592,0.3911282854,223.5018774,4.256146529,0.01904300125,Sasanka Gylcerol and Oil,O-41.5mm
mineral oil,,45,41.5,1.75,25,180,180,17,1.52,1.414117647,18.84955592,0.3911282854,223.5018774,4.256146529,0.01904300125,Sasanka Gylcerol and Oil,O-41.5mm
mineral oil,,45,41.5,1.75,25,200,200,1,1.6,1.75,20.94395102,0.4345869837,248.3354193,5.267069852,0.0212094991,Sasanka Gylcerol and Oil,O-41.5mm
mineral oil,,45,41.5,1.75,25,200,200,2,1.7,1.75,20.94395102,0.4345869837,248.3354193,5.267069852,0.0212094991,Sasanka Gylcerol and Oil,O-41.5mm
mineral oil,,45,41.5,1.75,25,200,200,3,1.69,1.75,20.94395102,0.4345869837,248.3354193,5.267069852,0.0212094991,Sasanka Gylcerol and Oil,O-41.5mm
mineral oil,,45,41.5,1.75,25,200,200,4,1.7,1.75,20.94395102,0.4345869837,248.3354193,5.267069852,0.0212094991,Sasanka Gylcerol and Oil,O-41.5mm
mineral oil,,45,41.5,1.75,25,200,200,5,1.71,1.75,20.94395102,0.4345869837,248.3354193,5.267069852,0.0212094991,Sasanka Gylcerol and Oil,O-41.5mm
mineral oil,,45,41.5,1.75,25,200,200,6,1.74,1.75,20.94395102,0.4345869837,248.3354193,5.267069852,0.0212094991,Sasanka Gylcerol and Oil,O-41.5mm
mineral oil,,45,41.5,1.75,25,200,200,7,1.74,1.75,20.94395102,0.4345869837,248.3354193,5.267069852,0.0212094991,Sasanka Gylcerol and Oil,O-41.5mm
mineral oil,,45,41.5,1.75,25,200,200,8,1.75,1.75,20.94395102,0.4345869837,248.3354193,5.267069852,0.0212094991,Sasanka Gylcerol and Oil,O-41.5mm
mineral oil,,45,41.5,1.75,25,200,200,9,1.76,1.75,20.94395102,0.4345869837,248.3354193,5.267069852,0.0212094991,Sasanka Gylcerol and Oil,O-41.5mm
mineral oil,,45,41.5,1.75,25,200,200,10,1.74,1.75,20.94395102,0.4345869837,248.3354193,5.267069852,0.0212094991,Sasanka Gylcerol and Oil,O-41.5mm
mineral oil,,45,41.5,1.75,25,200,200,11,1.75,1.75,20.94395102,0.4345869837,248.3354193,5.267069852,0.0212094991,Sasanka Gylcerol and Oil,O-41.5mm
mineral oil,,45,41.5,1.75,25,200,200,12,1.76,1.75,20.94395102,0.4345869837,248.3354193,5.267069852,0.0212094991,Sasanka Gylcerol and Oil,O-41.5mm
mineral oil,,45,41.5,1.75,25,200,200,13,1.76,1.75,20.94395102,0.4345869837,248.3354193,5.267069852,0.0212094991,Sasanka Gylcerol and Oil,O-41.5mm
mineral oil,,45,41.5,1.75,25,200,200,14,1.82,1.75,20.94395102,0.4345869837,248.3354193,5.267069852,0.0212094991,Sasanka Gylcerol and Oil,O-41.5mm
mineral oil,,45,41.5,1.75,25,200,200,15,1.84,1.75,20.94395102,0.4345869837,248.3354193,5.267069852,0.0212094991,Sasanka Gylcerol and Oil,O-41.5mm
mineral oil,,45,41.5,1.75,25,200,200,16,1.86,1.75,20.94395102,0.4345869837,248.3354193,5.267069852,0.0212094991,Sasanka Gylcerol and Oil,O-41.5mm
mineral oil,,45,41.5,1.75,25,200,200,17,1.83,1.75,20.94395102,0.4345869837,248.3354193,5.267069852,0.0212094991,Sasanka Gylcerol and Oil,O-41.5mm
mineral oil,,45,41.5,1.75,25,220,220,1,1.81,1.891333333,23.03834613,0.4780456821,273.1689612,5.692448445,0.02083856241,Sasanka Gylcerol and Oil,O-41.5mm
mineral oil,,45,41.5,1.75,25,220,220,2,1.88,1.891333333,23.03834613,0.4780456821,273.1689612,5.692448445,0.02083856241,Sasanka Gylcerol and Oil,O-41.5mm
mineral oil,,45,41.5,1.75,25,220,220,3,1.94,1.891333333,23.03834613,0.4780456821,273.1689612,5.692448445,0.02083856241,Sasanka Gylcerol and Oil,O-41.5mm
mineral oil,,45,41.5,1.75,25,220,220,4,1.94,1.891333333,23.03834613,0.4780456821,273.1689612,5.692448445,0.02083856241,Sasanka Gylcerol and Oil,O-41.5mm
mineral oil,,45,41.5,1.75,25,220,220,5,1.94,1.891333333,23.03834613,0.4780456821,273.1689612,5.692448445,0.02083856241,Sasanka Gylcerol and Oil,O-41.5mm
mineral oil,,45,41.5,1.75,25,220,220,6,1.94,1.891333333,23.03834613,0.4780456821,273.1689612,5.692448445,0.02083856241,Sasanka Gylcerol and Oil,O-41.5mm
mineral oil,,45,41.5,1.75,25,220,220,7,1.91,1.891333333,23.03834613,0.4780456821,273.1689612,5.692448445,0.02083856241,Sasanka Gylcerol and Oil,O-41.5mm
mineral oil,,45,41.5,1.75,25,220,220,8,1.9,1.891333333,23.03834613,0.4780456821,273.1689612,5.692448445,0.02083856241,Sasanka Gylcerol and Oil,O-41.5mm
mineral oil,,45,41.5,1.75,25,220,220,9,1.91,1.891333333,23.03834613,0.4780456821,273.1689612,5.692448445,0.02083856241,Sasanka Gylcerol and Oil,O-41.5mm
mineral oil,,45,41.5,1.75,25,220,220,10,1.89,1.891333333,23.03834613,0.4780456821,273.1689612,5.692448445,0.02083856241,Sasanka Gylcerol and Oil,O-41.5mm
mineral oil,,45,41.5,1.75,25,220,220,11,1.86,1.891333333,23.03834613,0.4780456821,273.1689612,5.692448445,0.02083856241,Sasanka Gylcerol and Oil,O-41.5mm
mineral oil,,45,41.5,1.75,25,220,220,12,1.87,1.891333333,23.03834613,0.4780456821,273.1689612,5.692448445,0.02083856241,Sasanka Gylcerol and Oil,O-41.5mm
mineral oil,,45,41.5,1.75,25,220,220,13,1.87,1.891333333,23.03834613,0.4780456821,273.1689612,5.692448445,0.02083856241,Sasanka Gylcerol and Oil,O-41.5mm
mineral oil,,45,41.5,1.75,25,220,220,14,1.86,1.891333333,23.03834613,0.4780456821,273.1689612,5.692448445,0.02083856241,Sasanka Gylcerol and Oil,O-41.5mm
mineral oil,,45,41.5,1.75,25,220,220,15,1.85,1.891333333,23.03834613,0.4780456821,273.1689612,5.692448445,0.02083856241,Sasanka Gylcerol and Oil,O-41.5mm
mineral oil,,45,41.5,1.75,25,240,240,1,1.85,2.012,25.13274123,0.5215043805,298.0025031,6.055625452,0.02032072009,Sasanka Gylcerol and Oil,O-41.5mm
mineral oil,,45,41.5,1.75,25,240,240,2,1.91,2.012,25.13274123,0.5215043805,298.0025031,6.055625452,0.02032072009,Sasanka Gylcerol and Oil,O-41.5mm
mineral oil,,45,41.5,1.75,25,240,240,3,1.98,2.012,25.13274123,0.5215043805,298.0025031,6.055625452,0.02032072009,Sasanka Gylcerol and Oil,O-41.5mm
mineral oil,,45,41.5,1.75,25,240,240,4,1.99,2.012,25.13274123,0.5215043805,298.0025031,6.055625452,0.02032072009,Sasanka Gylcerol and Oil,O-41.5mm
mineral oil,,45,41.5,1.75,25,240,240,5,2.01,2.012,25.13274123,0.5215043805,298.0025031,6.055625452,0.02032072009,Sasanka Gylcerol and Oil,O-41.5mm
mineral oil,,45,41.5,1.75,25,240,240,6,2.01,2.012,25.13274123,0.5215043805,298.0025031,6.055625452,0.02032072009,Sasanka Gylcerol and Oil,O-41.5mm
mineral oil,,45,41.5,1.75,25,240,240,7,2.01,2.012,25.13274123,0.5215043805,298.0025031,6.055625452,0.02032072009,Sasanka Gylcerol and Oil,O-41.5mm
mineral oil,,45,41.5,1.75,25,240,240,8,2.04,2.012,25.13274123,0.5215043805,298.0025031,6.055625452,0.02032072009,Sasanka Gylcerol and Oil,O-41.5mm
mineral oil,,45,41.5,1.75,25,240,240,9,2.06,2.012,25.13274123,0.5215043805,298.0025031,6.055625452,0.02032072009,Sasanka Gylcerol and Oil,O-41.5mm
mineral oil,,45,41.5,1.75,25,240,240,10,2.08,2.012,25.13274123,0.5215043805,298.0025031,6.055625452,0.02032072009,Sasanka Gylcerol and Oil,O-41.5mm
mineral oil,,45,41.5,1.75,25,240,240,11,2.07,2.012,25.13274123,0.5215043805,298.0025031,6.055625452,0.02032072009,Sasanka Gylcerol and Oil,O-41.5mm
mineral oil,,45,41.5,1.75,25,240,240,12,2.06,2.012,25.13274123,0.5215043805,298.0025031,6.055625452,0.02032072009,Sasanka Gylcerol and Oil,O-41.5mm
mineral oil,,45,41.5,1.75,25,240,240,13,2.06,2.012,25.13274123,0.5215043805,298.0025031,6.055625452,0.02032072009,Sasanka Gylcerol and Oil,O-41.5mm
mineral oil,,45,41.5,1.75,25,240,240,14,2.03,2.012,25.13274123,0.5215043805,298.0025031,6.055625452,0.02032072009,Sasanka Gylcerol and Oil,O-41.5mm
mineral oil,,45,41.5,1.75,25,240,240,15,2.02,2.012,25.13274123,0.5215043805,298.0025031,6.055625452,0.02032072009,Sasanka Gylcerol and Oil,O-41.5mm
mineral oil,,45,41.5,1.75,25,260,260,1,2.06,2.223333333,27.22713633,0.5649630789,322.8360451,6.69168684,0.02072781817,Sasanka Gylcerol and Oil,O-41.5mm
mineral oil,,45,41.5,1.75,25,260,260,2,2.18,2.223333333,27.22713633,0.5649630789,322.8360451,6.69168684,0.02072781817,Sasanka Gylcerol and Oil,O-41.5mm
mineral oil,,45,41.5,1.75,25,260,260,3,2.21,2.223333333,27.22713633,0.5649630789,322.8360451,6.69168684,0.02072781817,Sasanka Gylcerol and Oil,O-41.5mm
mineral oil,,45,41.5,1.75,25,260,260,4,2.23,2.223333333,27.22713633,0.5649630789,322.8360451,6.69168684,0.02072781817,Sasanka Gylcerol and Oil,O-41.5mm
mineral oil,,45,41.5,1.75,25,260,260,5,2.23,2.223333333,27.22713633,0.5649630789,322.8360451,6.69168684,0.02072781817,Sasanka Gylcerol and Oil,O-41.5mm
mineral oil,,45,41.5,1.75,25,260,260,6,2.23,2.223333333,27.22713633,0.5649630789,322.8360451,6.69168684,0.02072781817,Sasanka Gylcerol and Oil,O-41.5mm
mineral oil,,45,41.5,1.75,25,260,260,7,2.24,2.223333333,27.22713633,0.5649630789,322.8360451,6.69168684,0.02072781817,Sasanka Gylcerol and Oil,O-41.5mm
mineral oil,,45,41.5,1.75,25,260,260,8,2.26,2.223333333,27.22713633,0.5649630789,322.8360451,6.69168684,0.02072781817,Sasanka Gylcerol and Oil,O-41.5mm
mineral oil,,45,41.5,1.75,25,260,260,9,2.27,2.223333333,27.22713633,0.5649630789,322.8360451,6.69168684,0.02072781817,Sasanka Gylcerol and Oil,O-41.5mm
mineral oil,,45,41.5,1.75,25,260,260,10,2.26,2.223333333,27.22713633,0.5649630789,322.8360451,6.69168684,0.02072781817,Sasanka Gylcerol and Oil,O-41.5mm
mineral oil,,45,41.5,1.75,25,260,260,11,2.26,2.223333333,27.22713633,0.5649630789,322.8360451,6.69168684,0.02072781817,Sasanka Gylcerol and Oil,O-41.5mm
mineral oil,,45,41.5,1.75,25,260,260,12,2.24,2.223333333,27.22713633,0.5649630789,322.8360451,6.69168684,0.02072781817,Sasanka Gylcerol and Oil,O-41.5mm
mineral oil,,45,41.5,1.75,25,260,260,13,2.24,2.223333333,27.22713633,0.5649630789,322.8360451,6.69168684,0.02072781817,Sasanka Gylcerol and Oil,O-41.5mm
mineral oil,,45,41.5,1.75,25,260,260,14,2.22,2.223333333,27.22713633,0.5649630789,322.8360451,6.69168684,0.02072781817,Sasanka Gylcerol and Oil,O-41.5mm
mineral oil,,45,41.5,1.75,25,260,260,15,2.22,2.223333333,27.22713633,0.5649630789,322.8360451,6.69168684,0.02072781817,Sasanka Gylcerol and Oil,O-41.5mm
mineral oil,,45,41.5,1.75,25,280,280,1,2.26,2.386,29.32153143,0.6084217772,347.669587,7.181273523,0.02065545504,Sasanka Gylcerol and Oil,O-41.5mm
mineral oil,,45,41.5,1.75,25,280,280,2,2.36,2.386,29.32153143,0.6084217772,347.669587,7.181273523,0.02065545504,Sasanka Gylcerol and Oil,O-41.5mm
mineral oil,,45,41.5,1.75,25,280,280,3,2.4,2.386,29.32153143,0.6084217772,347.669587,7.181273523,0.02065545504,Sasanka Gylcerol and Oil,O-41.5mm
mineral oil,,45,41.5,1.75,25,280,280,4,2.41,2.386,29.32153143,0.6084217772,347.669587,7.181273523,0.02065545504,Sasanka Gylcerol and Oil,O-41.5mm
mineral oil,,45,41.5,1.75,25,280,280,5,2.43,2.386,29.32153143,0.6084217772,347.669587,7.181273523,0.02065545504,Sasanka Gylcerol and Oil,O-41.5mm
mineral oil,,45,41.5,1.75,25,280,280,6,2.42,2.386,29.32153143,0.6084217772,347.669587,7.181273523,0.02065545504,Sasanka Gylcerol and Oil,O-41.5mm
mineral oil,,45,41.5,1.75,25,280,280,7,2.42,2.386,29.32153143,0.6084217772,347.669587,7.181273523,0.02065545504,Sasanka Gylcerol and Oil,O-41.5mm
mineral oil,,45,41.5,1.75,25,280,280,8,2.42,2.386,29.32153143,0.6084217772,347.669587,7.181273523,0.02065545504,Sasanka Gylcerol and Oil,O-41.5mm
mineral oil,,45,41.5,1.75,25,280,280,9,2.41,2.386,29.32153143,0.6084217772,347.669587,7.181273523,0.02065545504,Sasanka Gylcerol and Oil,O-41.5mm
mineral oil,,45,41.5,1.75,25,280,280,10,2.4,2.386,29.32153143,0.6084217772,347.669587,7.181273523,0.02065545504,Sasanka Gylcerol and Oil,O-41.5mm
mineral oil,,45,41.5,1.75,25,280,280,11,2.4,2.386,29.32153143,0.6084217772,347.669587,7.181273523,0.02065545504,Sasanka Gylcerol and Oil,O-41.5mm
mineral oil,,45,41.5,1.75,25,280,280,12,2.38,2.386,29.32153143,0.6084217772,347.669587,7.181273523,0.02065545504,Sasanka Gylcerol and Oil,O-41.5mm
mineral oil,,45,41.5,1.75,25,280,280,13,2.37,2.386,29.32153143,0.6084217772,347.669587,7.181273523,0.02065545504,Sasanka Gylcerol and Oil,O-41.5mm
mineral oil,,45,41.5,1.75,25,280,280,14,2.36,2.386,29.32153143,0.6084217772,347.669587,7.181273523,0.02065545504,Sasanka Gylcerol and Oil,O-41.5mm
mineral oil,,45,41.5,1.75,25,280,280,15,2.35,2.386,29.32153143,0.6084217772,347.669587,7.181273523,0.02065545504,Sasanka Gylcerol and Oil,O-41.5mm
mineral oil,,45,41.5,1.75,25,300,300,1,2.34,2.452142857,31.41592654,0.6518804756,372.5031289,7.380347266,0.01981284637,Sasanka Gylcerol and Oil,O-41.5mm
mineral oil,,45,41.5,1.75,25,300,300,2,2.42,2.452142857,31.41592654,0.6518804756,372.5031289,7.380347266,0.01981284637,Sasanka Gylcerol and Oil,O-41.5mm
mineral oil,,45,41.5,1.75,25,300,300,3,2.44,2.452142857,31.41592654,0.6518804756,372.5031289,7.380347266,0.01981284637,Sasanka Gylcerol and Oil,O-41.5mm
mineral oil,,45,41.5,1.75,25,300,300,4,2.45,2.452142857,31.41592654,0.6518804756,372.5031289,7.380347266,0.01981284637,Sasanka Gylcerol and Oil,O-41.5mm
mineral oil,,45,41.5,1.75,25,300,300,5,2.46,2.452142857,31.41592654,0.6518804756,372.5031289,7.380347266,0.01981284637,Sasanka Gylcerol and Oil,O-41.5mm
mineral oil,,45,41.5,1.75,25,300,300,6,2.46,2.452142857,31.41592654,0.6518804756,372.5031289,7.380347266,0.01981284637,Sasanka Gylcerol and Oil,O-41.5mm
mineral oil,,45,41.5,1.75,25,300,300,7,2.47,2.452142857,31.41592654,0.6518804756,372.5031289,7.380347266,0.01981284637,Sasanka Gylcerol and Oil,O-41.5mm
mineral oil,,45,41.5,1.75,25,300,300,8,2.48,2.452142857,31.41592654,0.6518804756,372.5031289,7.380347266,0.01981284637,Sasanka Gylcerol and Oil,O-41.5mm
mineral oil,,45,41.5,1.75,25,300,300,9,2.46,2.452142857,31.41592654,0.6518804756,372.5031289,7.380347266,0.01981284637,Sasanka Gylcerol and Oil,O-41.5mm
mineral oil,,45,41.5,1.75,25,300,300,10,2.46,2.452142857,31.41592654,0.6518804756,372.5031289,7.380347266,0.01981284637,Sasanka Gylcerol and Oil,O-41.5mm
mineral oil,,45,41.5,1.75,25,300,300,11,2.48,2.452142857,31.41592654,0.6518804756,372.5031289,7.380347266,0.01981284637,Sasanka Gylcerol and Oil,O-41.5mm
mineral oil,,45,41.5,1.75,25,300,300,12,2.48,2.452142857,31.41592654,0.6518804756,372.5031289,7.380347266,0.01981284637,Sasanka Gylcerol and Oil,O-41.5mm
mineral oil,,45,41.5,1.75,25,300,300,13,2.47,2.452142857,31.41592654,0.6518804756,372.5031289,7.380347266,0.01981284637,Sasanka Gylcerol and Oil,O-41.5mm
mineral oil,,45,41.5,1.75,25,300,300,14,2.46,2.452142857,31.41592654,0.6518804756,372.5031289,7.380347266,0.01981284637,Sasanka Gylcerol and Oil,O-41.5mm
mineral oil,,45,41.5,1.75,25,320,320,1,2.47,2.638125,33.51032164,0.695339174,397.3366709,7.940107801,0.01998332493,Sasanka Gylcerol and Oil,O-41.5mm
mineral oil,,45,41.5,1.75,25,320,320,2,2.57,2.638125,33.51032164,0.695339174,397.3366709,7.940107801,0.01998332493,Sasanka Gylcerol and Oil,O-41.5mm
mineral oil,,45,41.5,1.75,25,320,320,3,2.66,2.638125,33.51032164,0.695339174,397.3366709,7.940107801,0.01998332493,Sasanka Gylcerol and Oil,O-41.5mm
mineral oil,,45,41.5,1.75,25,320,320,4,2.65,2.638125,33.51032164,0.695339174,397.3366709,7.940107801,0.01998332493,Sasanka Gylcerol and Oil,O-41.5mm
mineral oil,,45,41.5,1.75,25,320,320,5,2.63,2.638125,33.51032164,0.695339174,397.3366709,7.940107801,0.01998332493,Sasanka Gylcerol and Oil,O-41.5mm
mineral oil,,45,41.5,1.75,25,320,320,6,2.66,2.638125,33.51032164,0.695339174,397.3366709,7.940107801,0.01998332493,Sasanka Gylcerol and Oil,O-41.5mm
mineral oil,,45,41.5,1.75,25,320,320,7,2.64,2.638125,33.51032164,0.695339174,397.3366709,7.940107801,0.01998332493,Sasanka Gylcerol and Oil,O-41.5mm
mineral oil,,45,41.5,1.75,25,320,320,8,2.67,2.638125,33.51032164,0.695339174,397.3366709,7.940107801,0.01998332493,Sasanka Gylcerol and Oil,O-41.5mm
mineral oil,,45,41.5,1.75,25,320,320,9,2.67,2.638125,33.51032164,0.695339174,397.3366709,7.940107801,0.01998332493,Sasanka Gylcerol and Oil,O-41.5mm
mineral oil,,45,41.5,1.75,25,320,320,10,2.66,2.638125,33.51032164,0.695339174,397.3366709,7.940107801,0.01998332493,Sasanka Gylcerol and Oil,O-41.5mm
mineral oil,,45,41.5,1.75,25,320,320,11,2.66,2.638125,33.51032164,0.695339174,397.3366709,7.940107801,0.01998332493,Sasanka Gylcerol and Oil,O-41.5mm
mineral oil,,45,41.5,1.75,25,320,320,12,2.67,2.638125,33.51032164,0.695339174,397.3366709,7.940107801,0.01998332493,Sasanka Gylcerol and Oil,O-41.5mm
mineral oil,,45,41.5,1.75,25,320,320,13,2.68,2.638125,33.51032164,0.695339174,397.3366709,7.940107801,0.01998332493,Sasanka Gylcerol and Oil,O-41.5mm
mineral oil,,45,41.5,1.75,25,320,320,14,2.65,2.638125,33.51032164,0.695339174,397.3366709,7.940107801,0.01998332493,Sasanka Gylcerol and Oil,O-41.5mm
mineral oil,,45,41.5,1.75,25,320,320,15,2.64,2.638125,33.51032164,0.695339174,397.3366709,7.940107801,0.01998332493,Sasanka Gylcerol and Oil,O-41.5mm
mineral oil,,45,41.5,1.75,25,320,320,16,2.63,2.638125,33.51032164,0.695339174,397.3366709,7.940107801,0.01998332493,Sasanka Gylcerol and Oil,O-41.5mm
mineral oil,,45,41.5,1.75,25,340,340,1,2.57,2.762,35.60471674,0.7387978724,422.1702128,8.312941103,0.01969097026,Sasanka Gylcerol and Oil,O-41.5mm
mineral oil,,45,41.5,1.75,25,340,340,2,2.65,2.762,35.60471674,0.7387978724,422.1702128,8.312941103,0.01969097026,Sasanka Gylcerol and Oil,O-41.5mm
mineral oil,,45,41.5,1.75,25,340,340,3,2.75,2.762,35.60471674,0.7387978724,422.1702128,8.312941103,0.01969097026,Sasanka Gylcerol and Oil,O-41.5mm
mineral oil,,45,41.5,1.75,25,340,340,4,2.77,2.762,35.60471674,0.7387978724,422.1702128,8.312941103,0.01969097026,Sasanka Gylcerol and Oil,O-41.5mm
mineral oil,,45,41.5,1.75,25,340,340,5,2.78,2.762,35.60471674,0.7387978724,422.1702128,8.312941103,0.01969097026,Sasanka Gylcerol and Oil,O-41.5mm
mineral oil,,45,41.5,1.75,25,340,340,6,2.78,2.762,35.60471674,0.7387978724,422.1702128,8.312941103,0.01969097026,Sasanka Gylcerol and Oil,O-41.5mm
mineral oil,,45,41.5,1.75,25,340,340,7,2.79,2.762,35.60471674,0.7387978724,422.1702128,8.312941103,0.01969097026,Sasanka Gylcerol and Oil,O-41.5mm
mineral oil,,45,41.5,1.75,25,340,340,8,2.81,2.762,35.60471674,0.7387978724,422.1702128,8.312941103,0.01969097026,Sasanka Gylcerol and Oil,O-41.5mm
mineral oil,,45,41.5,1.75,25,340,340,9,2.78,2.762,35.60471674,0.7387978724,422.1702128,8.312941103,0.01969097026,Sasanka Gylcerol and Oil,O-41.5mm
mineral oil,,45,41.5,1.75,25,340,340,10,2.81,2.762,35.60471674,0.7387978724,422.1702128,8.312941103,0.01969097026,Sasanka Gylcerol and Oil,O-41.5mm
mineral oil,,45,41.5,1.75,25,340,340,11,2.8,2.762,35.60471674,0.7387978724,422.1702128,8.312941103,0.01969097026,Sasanka Gylcerol and Oil,O-41.5mm
mineral oil,,45,41.5,1.75,25,340,340,12,2.78,2.762,35.60471674,0.7387978724,422.1702128,8.312941103,0.01969097026,Sasanka Gylcerol and Oil,O-41.5mm
mineral oil,,45,41.5,1.75,25,340,340,13,2.79,2.762,35.60471674,0.7387978724,422.1702128,8.312941103,0.01969097026,Sasanka Gylcerol and Oil,O-41.5mm
mineral oil,,45,41.5,1.75,25,340,340,14,2.77,2.762,35.60471674,0.7387978724,422.1702128,8.312941103,0.01969097026,Sasanka Gylcerol and Oil,O-41.5mm
mineral oil,,45,41.5,1.75,25,340,340,15,2.8,2.762,35.60471674,0.7387978724,422.1702128,8.312941103,0.01969097026,Sasanka Gylcerol and Oil,O-41.5mm
mineral oil,,45,41.5,1.75,25,360,360,1,2.84,2.931333333,37.69911184,0.7822565707,447.0037547,8.822592814,0.01973717832,Sasanka Gylcerol and Oil,O-41.5mm
mineral oil,,45,41.5,1.75,25,360,360,2,2.93,2.931333333,37.69911184,0.7822565707,447.0037547,8.822592814,0.01973717832,Sasanka Gylcerol and Oil,O-41.5mm
mineral oil,,45,41.5,1.75,25,360,360,3,2.96,2.931333333,37.69911184,0.7822565707,447.0037547,8.822592814,0.01973717832,Sasanka Gylcerol and Oil,O-41.5mm
mineral oil,,45,41.5,1.75,25,360,360,4,2.95,2.931333333,37.69911184,0.7822565707,447.0037547,8.822592814,0.01973717832,Sasanka Gylcerol and Oil,O-41.5mm
mineral oil,,45,41.5,1.75,25,360,360,5,2.92,2.931333333,37.69911184,0.7822565707,447.0037547,8.822592814,0.01973717832,Sasanka Gylcerol and Oil,O-41.5mm
mineral oil,,45,41.5,1.75,25,360,360,6,2.94,2.931333333,37.69911184,0.7822565707,447.0037547,8.822592814,0.01973717832,Sasanka Gylcerol and Oil,O-41.5mm
mineral oil,,45,41.5,1.75,25,360,360,7,2.95,2.931333333,37.69911184,0.7822565707,447.0037547,8.822592814,0.01973717832,Sasanka Gylcerol and Oil,O-41.5mm
mineral oil,,45,41.5,1.75,25,360,360,8,2.94,2.931333333,37.69911184,0.7822565707,447.0037547,8.822592814,0.01973717832,Sasanka Gylcerol and Oil,O-41.5mm
mineral oil,,45,41.5,1.75,25,360,360,9,2.95,2.931333333,37.69911184,0.7822565707,447.0037547,8.822592814,0.01973717832,Sasanka Gylcerol and Oil,O-41.5mm
mineral oil,,45,41.5,1.75,25,360,360,10,2.94,2.931333333,37.69911184,0.7822565707,447.0037547,8.822592814,0.01973717832,Sasanka Gylcerol and Oil,O-41.5mm
mineral oil,,45,41.5,1.75,25,360,360,11,2.94,2.931333333,37.69911184,0.7822565707,447.0037547,8.822592814,0.01973717832,Sasanka Gylcerol and Oil,O-41.5mm
mineral oil,,45,41.5,1.75,25,360,360,12,2.92,2.931333333,37.69911184,0.7822565707,447.0037547,8.822592814,0.01973717832,Sasanka Gylcerol and Oil,O-41.5mm
mineral oil,,45,41.5,1.75,25,360,360,13,2.93,2.931333333,37.69911184,0.7822565707,447.0037547,8.822592814,0.01973717832,Sasanka Gylcerol and Oil,O-41.5mm
mineral oil,,45,41.5,1.75,25,360,360,14,2.94,2.931333333,37.69911184,0.7822565707,447.0037547,8.822592814,0.01973717832,Sasanka Gylcerol and Oil,O-41.5mm
mineral oil,,45,41.5,1.75,25,360,360,15,2.92,2.931333333,37.69911184,0.7822565707,447.0037547,8.822592814,0.01973717832,Sasanka Gylcerol and Oil,O-41.5mm
mineral oil,,45,41.5,1.75,25,380,380,1,2.85,2.891875,39.79350695,0.8257152691,471.8372966,8.70383293,0.01844668277,Sasanka Gylcerol and Oil,O-41.5mm
mineral oil,,45,41.5,1.75,25,380,380,2,2.96,2.891875,39.79350695,0.8257152691,471.8372966,8.70383293,0.01844668277,Sasanka Gylcerol and Oil,O-41.5mm
mineral oil,,45,41.5,1.75,25,380,380,3,2.96,2.891875,39.79350695,0.8257152691,471.8372966,8.70383293,0.01844668277,Sasanka Gylcerol and Oil,O-41.5mm
mineral oil,,45,41.5,1.75,25,380,380,4,2.93,2.891875,39.79350695,0.8257152691,471.8372966,8.70383293,0.01844668277,Sasanka Gylcerol and Oil,O-41.5mm
mineral oil,,45,41.5,1.75,25,380,380,5,2.91,2.891875,39.79350695,0.8257152691,471.8372966,8.70383293,0.01844668277,Sasanka Gylcerol and Oil,O-41.5mm
mineral oil,,45,41.5,1.75,25,380,380,6,2.9,2.891875,39.79350695,0.8257152691,471.8372966,8.70383293,0.01844668277,Sasanka Gylcerol and Oil,O-41.5mm
mineral oil,,45,41.5,1.75,25,380,380,7,2.91,2.891875,39.79350695,0.8257152691,471.8372966,8.70383293,0.01844668277,Sasanka Gylcerol and Oil,O-41.5mm
mineral oil,,45,41.5,1.75,25,380,380,8,2.92,2.891875,39.79350695,0.8257152691,471.8372966,8.70383293,0.01844668277,Sasanka Gylcerol and Oil,O-41.5mm
mineral oil,,45,41.5,1.75,25,380,380,9,2.91,2.891875,39.79350695,0.8257152691,471.8372966,8.70383293,0.01844668277,Sasanka Gylcerol and Oil,O-41.5mm
mineral oil,,45,41.5,1.75,25,380,380,10,2.89,2.891875,39.79350695,0.8257152691,471.8372966,8.70383293,0.01844668277,Sasanka Gylcerol and Oil,O-41.5mm
mineral oil,,45,41.5,1.75,25,380,380,11,2.86,2.891875,39.79350695,0.8257152691,471.8372966,8.70383293,0.01844668277,Sasanka Gylcerol and Oil,O-41.5mm
mineral oil,,45,41.5,1.75,25,380,380,12,2.86,2.891875,39.79350695,0.8257152691,471.8372966,8.70383293,0.01844668277,Sasanka Gylcerol and Oil,O-41.5mm
mineral oil,,45,41.5,1.75,25,380,380,13,2.86,2.891875,39.79350695,0.8257152691,471.8372966,8.70383293,0.01844668277,Sasanka Gylcerol and Oil,O-41.5mm
mineral oil,,45,41.5,1.75,25,380,380,14,2.85,2.891875,39.79350695,0.8257152691,471.8372966,8.70383293,0.01844668277,Sasanka Gylcerol and Oil,O-41.5mm
mineral oil,,45,41.5,1.75,25,380,380,15,2.85,2.891875,39.79350695,0.8257152691,471.8372966,8.70383293,0.01844668277,Sasanka Gylcerol and Oil,O-41.5mm
mineral oil,,45,41.5,1.75,25,380,380,16,2.85,2.891875,39.79350695,0.8257152691,471.8372966,8.70383293,0.01844668277,Sasanka Gylcerol and Oil,O-41.5mm
mineral oil,,45,41.5,1.75,25,400,400,1,2.93,3.041578947,41.88790205,0.8691739675,496.6708386,9.154405014,0.01843153313,Sasanka Gylcerol and Oil,O-41.5mm
mineral oil,,45,41.5,1.75,25,400,400,2,3.04,3.041578947,41.88790205,0.8691739675,496.6708386,9.154405014,0.01843153313,Sasanka Gylcerol and Oil,O-41.5mm
mineral oil,,45,41.5,1.75,25,400,400,3,3.06,3.041578947,41.88790205,0.8691739675,496.6708386,9.154405014,0.01843153313,Sasanka Gylcerol and Oil,O-41.5mm
mineral oil,,45,41.5,1.75,25,400,400,4,3.05,3.041578947,41.88790205,0.8691739675,496.6708386,9.154405014,0.01843153313,Sasanka Gylcerol and Oil,O-41.5mm
mineral oil,,45,41.5,1.75,25,400,400,5,3.04,3.041578947,41.88790205,0.8691739675,496.6708386,9.154405014,0.01843153313,Sasanka Gylcerol and Oil,O-41.5mm
mineral oil,,45,41.5,1.75,25,400,400,6,3.05,3.041578947,41.88790205,0.8691739675,496.6708386,9.154405014,0.01843153313,Sasanka Gylcerol and Oil,O-41.5mm
mineral oil,,45,41.5,1.75,25,400,400,7,3.05,3.041578947,41.88790205,0.8691739675,496.6708386,9.154405014,0.01843153313,Sasanka Gylcerol and Oil,O-41.5mm
mineral oil,,45,41.5,1.75,25,400,400,8,3.06,3.041578947,41.88790205,0.8691739675,496.6708386,9.154405014,0.01843153313,Sasanka Gylcerol and Oil,O-41.5mm
mineral oil,,45,41.5,1.75,25,400,400,9,3.08,3.041578947,41.88790205,0.8691739675,496.6708386,9.154405014,0.01843153313,Sasanka Gylcerol and Oil,O-41.5mm
mineral oil,,45,41.5,1.75,25,400,400,10,3.06,3.041578947,41.88790205,0.8691739675,496.6708386,9.154405014,0.01843153313,Sasanka Gylcerol and Oil,O-41.5mm
mineral oil,,45,41.5,1.75,25,400,400,11,3.06,3.041578947,41.88790205,0.8691739675,496.6708386,9.154405014,0.01843153313,Sasanka Gylcerol and Oil,O-41.5mm
mineral oil,,45,41.5,1.75,25,400,400,12,3.07,3.041578947,41.88790205,0.8691739675,496.6708386,9.154405014,0.01843153313,Sasanka Gylcerol and Oil,O-41.5mm
mineral oil,,45,41.5,1.75,25,400,400,13,3.06,3.041578947,41.88790205,0.8691739675,496.6708386,9.154405014,0.01843153313,Sasanka Gylcerol and Oil,O-41.5mm
mineral oil,,45,41.5,1.75,25,400,400,14,3.05,3.041578947,41.88790205,0.8691739675,496.6708386,9.154405014,0.01843153313,Sasanka Gylcerol and Oil,O-41.5mm
mineral oil,,45,41.5,1.75,25,400,400,15,3.04,3.041578947,41.88790205,0.8691739675,496.6708386,9.154405014,0.01843153313,Sasanka Gylcerol and Oil,O-41.5mm
mineral oil,,45,41.5,1.75,25,400,400,16,3.04,3.041578947,41.88790205,0.8691739675,496.6708386,9.154405014,0.01843153313,Sasanka Gylcerol and Oil,O-41.5mm
mineral oil,,45,41.5,1.75,25,400,400,17,3.02,3.041578947,41.88790205,0.8691739675,496.6708386,9.154405014,0.01843153313,Sasanka Gylcerol and Oil,O-41.5mm
mineral oil,,45,41.5,1.75,25,400,400,18,3.01,3.041578947,41.88790205,0.8691739675,496.6708386,9.154405014,0.01843153313,Sasanka Gylcerol and Oil,O-41.5mm
mineral oil,,45,41.5,1.75,25,400,400,19,3.02,3.041578947,41.88790205,0.8691739675,496.6708386,9.154405014,0.01843153313,Sasanka Gylcerol and Oil,O-41.5mm
mineral oil,,45,42.5,1.25,25,140,140,1,1.48,1.485555556,14.66076572,0.3115412715,249.2330172,4.365953378,0.01751755617,Sasanka Gylcerol and Oil,O-42.5mm
mineral oil,,45,42.5,1.25,25,140,140,2,1.48,1.485555556,14.66076572,0.3115412715,249.2330172,4.365953378,0.01751755617,Sasanka Gylcerol and Oil,O-42.5mm
mineral oil,,45,42.5,1.25,25,140,140,3,1.47,1.485555556,14.66076572,0.3115412715,249.2330172,4.365953378,0.01751755617,Sasanka Gylcerol and Oil,O-42.5mm
mineral oil,,45,42.5,1.25,25,140,140,4,1.47,1.485555556,14.66076572,0.3115412715,249.2330172,4.365953378,0.01751755617,Sasanka Gylcerol and Oil,O-42.5mm
mineral oil,,45,42.5,1.25,25,140,140,5,1.48,1.485555556,14.66076572,0.3115412715,249.2330172,4.365953378,0.01751755617,Sasanka Gylcerol and Oil,O-42.5mm
mineral oil,,45,42.5,1.25,25,140,140,6,1.49,1.485555556,14.66076572,0.3115412715,249.2330172,4.365953378,0.01751755617,Sasanka Gylcerol and Oil,O-42.5mm
mineral oil,,45,42.5,1.25,25,140,140,7,1.48,1.485555556,14.66076572,0.3115412715,249.2330172,4.365953378,0.01751755617,Sasanka Gylcerol and Oil,O-42.5mm
mineral oil,,45,42.5,1.25,25,140,140,8,1.51,1.485555556,14.66076572,0.3115412715,249.2330172,4.365953378,0.01751755617,Sasanka Gylcerol and Oil,O-42.5mm
mineral oil,,45,42.5,1.25,25,140,140,9,1.51,1.485555556,14.66076572,0.3115412715,249.2330172,4.365953378,0.01751755617,Sasanka Gylcerol and Oil,O-42.5mm
mineral oil,,45,42.5,1.25,25,160,160,1,1.53,1.828,16.75516082,0.3560471674,284.8377339,5.37237584,0.01886118024,Sasanka Gylcerol and Oil,O-42.5mm
mineral oil,,45,42.5,1.25,25,160,160,2,1.65,1.828,16.75516082,0.3560471674,284.8377339,5.37237584,0.01886118024,Sasanka Gylcerol and Oil,O-42.5mm
mineral oil,,45,42.5,1.25,25,160,160,3,1.75,1.828,16.75516082,0.3560471674,284.8377339,5.37237584,0.01886118024,Sasanka Gylcerol and Oil,O-42.5mm
mineral oil,,45,42.5,1.25,25,160,160,4,1.77,1.828,16.75516082,0.3560471674,284.8377339,5.37237584,0.01886118024,Sasanka Gylcerol and Oil,O-42.5mm
mineral oil,,45,42.5,1.25,25,160,160,5,1.77,1.828,16.75516082,0.3560471674,284.8377339,5.37237584,0.01886118024,Sasanka Gylcerol and Oil,O-42.5mm
mineral oil,,45,42.5,1.25,25,160,160,6,1.78,1.828,16.75516082,0.3560471674,284.8377339,5.37237584,0.01886118024,Sasanka Gylcerol and Oil,O-42.5mm
mineral oil,,45,42.5,1.25,25,160,160,7,1.8,1.828,16.75516082,0.3560471674,284.8377339,5.37237584,0.01886118024,Sasanka Gylcerol and Oil,O-42.5mm
mineral oil,,45,42.5,1.25,25,160,160,8,1.84,1.828,16.75516082,0.3560471674,284.8377339,5.37237584,0.01886118024,Sasanka Gylcerol and Oil,O-42.5mm
mineral oil,,45,42.5,1.25,25,160,160,9,1.85,1.828,16.75516082,0.3560471674,284.8377339,5.37237584,0.01886118024,Sasanka Gylcerol and Oil,O-42.5mm
mineral oil,,45,42.5,1.25,25,160,160,10,1.92,1.828,16.75516082,0.3560471674,284.8377339,5.37237584,0.01886118024,Sasanka Gylcerol and Oil,O-42.5mm
mineral oil,,45,42.5,1.25,25,160,160,11,1.93,1.828,16.75516082,0.3560471674,284.8377339,5.37237584,0.01886118024,Sasanka Gylcerol and Oil,O-42.5mm
mineral oil,,45,42.5,1.25,25,160,160,12,1.93,1.828,16.75516082,0.3560471674,284.8377339,5.37237584,0.01886118024,Sasanka Gylcerol and Oil,O-42.5mm
mineral oil,,45,42.5,1.25,25,160,160,13,1.96,1.828,16.75516082,0.3560471674,284.8377339,5.37237584,0.01886118024,Sasanka Gylcerol and Oil,O-42.5mm
mineral oil,,45,42.5,1.25,25,160,160,14,1.98,1.828,16.75516082,0.3560471674,284.8377339,5.37237584,0.01886118024,Sasanka Gylcerol and Oil,O-42.5mm
mineral oil,,45,42.5,1.25,25,160,160,15,1.96,1.828,16.75516082,0.3560471674,284.8377339,5.37237584,0.01886118024,Sasanka Gylcerol and Oil,O-42.5mm
mineral oil,,45,42.5,1.25,25,180,180,1,2.02,2.147777778,18.84955592,0.4005530633,320.4424507,6.312182408,0.01969833396,Sasanka Gylcerol and Oil,O-42.5mm
mineral oil,,45,42.5,1.25,25,180,180,2,2.17,2.147777778,18.84955592,0.4005530633,320.4424507,6.312182408,0.01969833396,Sasanka Gylcerol and Oil,O-42.5mm
mineral oil,,45,42.5,1.25,25,180,180,3,2.12,2.147777778,18.84955592,0.4005530633,320.4424507,6.312182408,0.01969833396,Sasanka Gylcerol and Oil,O-42.5mm
mineral oil,,45,42.5,1.25,25,180,180,4,2.12,2.147777778,18.84955592,0.4005530633,320.4424507,6.312182408,0.01969833396,Sasanka Gylcerol and Oil,O-42.5mm
mineral oil,,45,42.5,1.25,25,180,180,5,2.15,2.147777778,18.84955592,0.4005530633,320.4424507,6.312182408,0.01969833396,Sasanka Gylcerol and Oil,O-42.5mm
mineral oil,,45,42.5,1.25,25,180,180,6,2.13,2.147777778,18.84955592,0.4005530633,320.4424507,6.312182408,0.01969833396,Sasanka Gylcerol and Oil,O-42.5mm
mineral oil,,45,42.5,1.25,25,180,180,7,2.16,2.147777778,18.84955592,0.4005530633,320.4424507,6.312182408,0.01969833396,Sasanka Gylcerol and Oil,O-42.5mm
mineral oil,,45,42.5,1.25,25,180,180,8,2.13,2.147777778,18.84955592,0.4005530633,320.4424507,6.312182408,0.01969833396,Sasanka Gylcerol and Oil,O-42.5mm
mineral oil,,45,42.5,1.25,25,180,180,9,2.14,2.147777778,18.84955592,0.4005530633,320.4424507,6.312182408,0.01969833396,Sasanka Gylcerol and Oil,O-42.5mm
mineral oil,,45,42.5,1.25,25,180,180,10,2.13,2.147777778,18.84955592,0.4005530633,320.4424507,6.312182408,0.01969833396,Sasanka Gylcerol and Oil,O-42.5mm
mineral oil,,45,42.5,1.25,25,180,180,11,2.12,2.147777778,18.84955592,0.4005530633,320.4424507,6.312182408,0.01969833396,Sasanka Gylcerol and Oil,O-42.5mm
mineral oil,,45,42.5,1.25,25,180,180,12,2.16,2.147777778,18.84955592,0.4005530633,320.4424507,6.312182408,0.01969833396,Sasanka Gylcerol and Oil,O-42.5mm
mineral oil,,45,42.5,1.25,25,180,180,13,2.14,2.147777778,18.84955592,0.4005530633,320.4424507,6.312182408,0.01969833396,Sasanka Gylcerol and Oil,O-42.5mm
mineral oil,,45,42.5,1.25,25,180,180,14,2.2,2.147777778,18.84955592,0.4005530633,320.4424507,6.312182408,0.01969833396,Sasanka Gylcerol and Oil,O-42.5mm
mineral oil,,45,42.5,1.25,25,180,180,15,2.19,2.147777778,18.84955592,0.4005530633,320.4424507,6.312182408,0.01969833396,Sasanka Gylcerol and Oil,O-42.5mm
mineral oil,,45,42.5,1.25,25,180,180,16,2.2,2.147777778,18.84955592,0.4005530633,320.4424507,6.312182408,0.01969833396,Sasanka Gylcerol and Oil,O-42.5mm
mineral oil,,45,42.5,1.25,25,180,180,17,2.19,2.147777778,18.84955592,0.4005530633,320.4424507,6.312182408,0.01969833396,Sasanka Gylcerol and Oil,O-42.5mm
mineral oil,,45,42.5,1.25,25,180,180,18,2.19,2.147777778,18.84955592,0.4005530633,320.4424507,6.312182408,0.01969833396,Sasanka Gylcerol and Oil,O-42.5mm
mineral oil,,45,42.5,1.25,25,200,200,1,2.27,2.42,20.94395102,0.4450589593,356.0471674,7.112226221,0.01997551693,Sasanka Gylcerol and Oil,O-42.5mm
mineral oil,,45,42.5,1.25,25,200,200,2,2.41,2.42,20.94395102,0.4450589593,356.0471674,7.112226221,0.01997551693,Sasanka Gylcerol and Oil,O-42.5mm
mineral oil,,45,42.5,1.25,25,200,200,3,2.41,2.42,20.94395102,0.4450589593,356.0471674,7.112226221,0.01997551693,Sasanka Gylcerol and Oil,O-42.5mm
mineral oil,,45,42.5,1.25,25,200,200,4,2.4,2.42,20.94395102,0.4450589593,356.0471674,7.112226221,0.01997551693,Sasanka Gylcerol and Oil,O-42.5mm
mineral oil,,45,42.5,1.25,25,200,200,5,2.44,2.42,20.94395102,0.4450589593,356.0471674,7.112226221,0.01997551693,Sasanka Gylcerol and Oil,O-42.5mm
mineral oil,,45,42.5,1.25,25,200,200,6,2.41,2.42,20.94395102,0.4450589593,356.0471674,7.112226221,0.01997551693,Sasanka Gylcerol and Oil,O-42.5mm
mineral oil,,45,42.5,1.25,25,200,200,7,2.43,2.42,20.94395102,0.4450589593,356.0471674,7.112226221,0.01997551693,Sasanka Gylcerol and Oil,O-42.5mm
mineral oil,,45,42.5,1.25,25,200,200,8,2.42,2.42,20.94395102,0.4450589593,356.0471674,7.112226221,0.01997551693,Sasanka Gylcerol and Oil,O-42.5mm
mineral oil,,45,42.5,1.25,25,200,200,9,2.42,2.42,20.94395102,0.4450589593,356.0471674,7.112226221,0.01997551693,Sasanka Gylcerol and Oil,O-42.5mm
mineral oil,,45,42.5,1.25,25,200,200,10,2.45,2.42,20.94395102,0.4450589593,356.0471674,7.112226221,0.01997551693,Sasanka Gylcerol and Oil,O-42.5mm
mineral oil,,45,42.5,1.25,25,200,200,11,2.43,2.42,20.94395102,0.4450589593,356.0471674,7.112226221,0.01997551693,Sasanka Gylcerol and Oil,O-42.5mm
mineral oil,,45,42.5,1.25,25,200,200,12,2.46,2.42,20.94395102,0.4450589593,356.0471674,7.112226221,0.01997551693,Sasanka Gylcerol and Oil,O-42.5mm
mineral oil,,45,42.5,1.25,25,200,200,13,2.44,2.42,20.94395102,0.4450589593,356.0471674,7.112226221,0.01997551693,Sasanka Gylcerol and Oil,O-42.5mm
mineral oil,,45,42.5,1.25,25,200,200,14,2.46,2.42,20.94395102,0.4450589593,356.0471674,7.112226221,0.01997551693,Sasanka Gylcerol and Oil,O-42.5mm
mineral oil,,45,42.5,1.25,25,200,200,15,2.42,2.42,20.94395102,0.4450589593,356.0471674,7.112226221,0.01997551693,Sasanka Gylcerol and Oil,O-42.5mm
mineral oil,,45,42.5,1.25,25,200,200,16,2.43,2.42,20.94395102,0.4450589593,356.0471674,7.112226221,0.01997551693,Sasanka Gylcerol and Oil,O-42.5mm
mineral oil,,45,42.5,1.25,25,200,200,17,2.44,2.42,20.94395102,0.4450589593,356.0471674,7.112226221,0.01997551693,Sasanka Gylcerol and Oil,O-42.5mm
mineral oil,,45,42.5,1.25,25,220,220,1,2.52,2.598947368,23.03834613,0.4895648552,391.6518841,7.638141166,0.01950237309,Sasanka Gylcerol and Oil,O-42.5mm
mineral oil,,45,42.5,1.25,25,220,220,2,2.59,2.598947368,23.03834613,0.4895648552,391.6518841,7.638141166,0.01950237309,Sasanka Gylcerol and Oil,O-42.5mm
mineral oil,,45,42.5,1.25,25,220,220,3,2.61,2.598947368,23.03834613,0.4895648552,391.6518841,7.638141166,0.01950237309,Sasanka Gylcerol and Oil,O-42.5mm
mineral oil,,45,42.5,1.25,25,220,220,4,2.62,2.598947368,23.03834613,0.4895648552,391.6518841,7.638141166,0.01950237309,Sasanka Gylcerol and Oil,O-42.5mm
mineral oil,,45,42.5,1.25,25,220,220,5,2.62,2.598947368,23.03834613,0.4895648552,391.6518841,7.638141166,0.01950237309,Sasanka Gylcerol and Oil,O-42.5mm
mineral oil,,45,42.5,1.25,25,220,220,6,2.62,2.598947368,23.03834613,0.4895648552,391.6518841,7.638141166,0.01950237309,Sasanka Gylcerol and Oil,O-42.5mm
mineral oil,,45,42.5,1.25,25,220,220,7,2.62,2.598947368,23.03834613,0.4895648552,391.6518841,7.638141166,0.01950237309,Sasanka Gylcerol and Oil,O-42.5mm
mineral oil,,45,42.5,1.25,25,220,220,8,2.62,2.598947368,23.03834613,0.4895648552,391.6518841,7.638141166,0.01950237309,Sasanka Gylcerol and Oil,O-42.5mm
mineral oil,,45,42.5,1.25,25,220,220,9,2.61,2.598947368,23.03834613,0.4895648552,391.6518841,7.638141166,0.01950237309,Sasanka Gylcerol and Oil,O-42.5mm
mineral oil,,45,42.5,1.25,25,220,220,10,2.61,2.598947368,23.03834613,0.4895648552,391.6518841,7.638141166,0.01950237309,Sasanka Gylcerol and Oil,O-42.5mm
mineral oil,,45,42.5,1.25,25,220,220,11,2.62,2.598947368,23.03834613,0.4895648552,391.6518841,7.638141166,0.01950237309,Sasanka Gylcerol and Oil,O-42.5mm
mineral oil,,45,42.5,1.25,25,220,220,12,2.6,2.598947368,23.03834613,0.4895648552,391.6518841,7.638141166,0.01950237309,Sasanka Gylcerol and Oil,O-42.5mm
mineral oil,,45,42.5,1.25,25,220,220,13,2.6,2.598947368,23.03834613,0.4895648552,391.6518841,7.638141166,0.01950237309,Sasanka Gylcerol and Oil,O-42.5mm
mineral oil,,45,42.5,1.25,25,220,220,14,2.62,2.598947368,23.03834613,0.4895648552,391.6518841,7.638141166,0.01950237309,Sasanka Gylcerol and Oil,O-42.5mm
mineral oil,,45,42.5,1.25,25,220,220,15,2.62,2.598947368,23.03834613,0.4895648552,391.6518841,7.638141166,0.01950237309,Sasanka Gylcerol and Oil,O-42.5mm
mineral oil,,45,42.5,1.25,25,220,220,16,2.59,2.598947368,23.03834613,0.4895648552,391.6518841,7.638141166,0.01950237309,Sasanka Gylcerol and Oil,O-42.5mm
mineral oil,,45,42.5,1.25,25,220,220,17,2.57,2.598947368,23.03834613,0.4895648552,391.6518841,7.638141166,0.01950237309,Sasanka Gylcerol and Oil,O-42.5mm
mineral oil,,45,42.5,1.25,25,220,220,18,2.57,2.598947368,23.03834613,0.4895648552,391.6518841,7.638141166,0.01950237309,Sasanka Gylcerol and Oil,O-42.5mm
mineral oil,,45,42.5,1.25,25,220,220,19,2.55,2.598947368,23.03834613,0.4895648552,391.6518841,7.638141166,0.01950237309,Sasanka Gylcerol and Oil,O-42.5mm
mineral oil,,45,42.5,1.25,25,240,240,1,2.54,2.705333333,25.13274123,0.5340707511,427.2566009,7.950802756,0.01860896412,Sasanka Gylcerol and Oil,O-42.5mm
mineral oil,,45,42.5,1.25,25,240,240,2,2.68,2.705333333,25.13274123,0.5340707511,427.2566009,7.950802756,0.01860896412,Sasanka Gylcerol and Oil,O-42.5mm
mineral oil,,45,42.5,1.25,25,240,240,3,2.74,2.705333333,25.13274123,0.5340707511,427.2566009,7.950802756,0.01860896412,Sasanka Gylcerol and Oil,O-42.5mm
mineral oil,,45,42.5,1.25,25,240,240,4,2.73,2.705333333,25.13274123,0.5340707511,427.2566009,7.950802756,0.01860896412,Sasanka Gylcerol and Oil,O-42.5mm
mineral oil,,45,42.5,1.25,25,240,240,5,2.73,2.705333333,25.13274123,0.5340707511,427.2566009,7.950802756,0.01860896412,Sasanka Gylcerol and Oil,O-42.5mm
mineral oil,,45,42.5,1.25,25,240,240,6,2.72,2.705333333,25.13274123,0.5340707511,427.2566009,7.950802756,0.01860896412,Sasanka Gylcerol and Oil,O-42.5mm
mineral oil,,45,42.5,1.25,25,240,240,7,2.7,2.705333333,25.13274123,0.5340707511,427.2566009,7.950802756,0.01860896412,Sasanka Gylcerol and Oil,O-42.5mm
mineral oil,,45,42.5,1.25,25,240,240,8,2.7,2.705333333,25.13274123,0.5340707511,427.2566009,7.950802756,0.01860896412,Sasanka Gylcerol and Oil,O-42.5mm
mineral oil,,45,42.5,1.25,25,240,240,9,2.7,2.705333333,25.13274123,0.5340707511,427.2566009,7.950802756,0.01860896412,Sasanka Gylcerol and Oil,O-42.5mm
mineral oil,,45,42.5,1.25,25,240,240,10,2.72,2.705333333,25.13274123,0.5340707511,427.2566009,7.950802756,0.01860896412,Sasanka Gylcerol and Oil,O-42.5mm
mineral oil,,45,42.5,1.25,25,240,240,11,2.73,2.705333333,25.13274123,0.5340707511,427.2566009,7.950802756,0.01860896412,Sasanka Gylcerol and Oil,O-42.5mm
mineral oil,,45,42.5,1.25,25,240,240,12,2.73,2.705333333,25.13274123,0.5340707511,427.2566009,7.950802756,0.01860896412,Sasanka Gylcerol and Oil,O-42.5mm
mineral oil,,45,42.5,1.25,25,240,240,13,2.73,2.705333333,25.13274123,0.5340707511,427.2566009,7.950802756,0.01860896412,Sasanka Gylcerol and Oil,O-42.5mm
mineral oil,,45,42.5,1.25,25,240,240,14,2.72,2.705333333,25.13274123,0.5340707511,427.2566009,7.950802756,0.01860896412,Sasanka Gylcerol and Oil,O-42.5mm
mineral oil,,45,42.5,1.25,25,240,240,15,2.71,2.705333333,25.13274123,0.5340707511,427.2566009,7.950802756,0.01860896412,Sasanka Gylcerol and Oil,O-42.5mm
mineral oil,,45,42.5,1.25,25,260,260,1,2.82,2.944,27.22713633,0.578576647,462.8613176,8.652228924,0.01869291858,Sasanka Gylcerol and Oil,O-42.5mm
mineral oil,,45,42.5,1.25,25,260,260,2,2.95,2.944,27.22713633,0.578576647,462.8613176,8.652228924,0.01869291858,Sasanka Gylcerol and Oil,O-42.5mm
mineral oil,,45,42.5,1.25,25,260,260,3,2.97,2.944,27.22713633,0.578576647,462.8613176,8.652228924,0.01869291858,Sasanka Gylcerol and Oil,O-42.5mm
mineral oil,,45,42.5,1.25,25,260,260,4,2.97,2.944,27.22713633,0.578576647,462.8613176,8.652228924,0.01869291858,Sasanka Gylcerol and Oil,O-42.5mm
mineral oil,,45,42.5,1.25,25,260,260,5,2.96,2.944,27.22713633,0.578576647,462.8613176,8.652228924,0.01869291858,Sasanka Gylcerol and Oil,O-42.5mm
mineral oil,,45,42.5,1.25,25,260,260,6,2.95,2.944,27.22713633,0.578576647,462.8613176,8.652228924,0.01869291858,Sasanka Gylcerol and Oil,O-42.5mm
mineral oil,,45,42.5,1.25,25,260,260,7,2.96,2.944,27.22713633,0.578576647,462.8613176,8.652228924,0.01869291858,Sasanka Gylcerol and Oil,O-42.5mm
mineral oil,,45,42.5,1.25,25,260,260,8,2.95,2.944,27.22713633,0.578576647,462.8613176,8.652228924,0.01869291858,Sasanka Gylcerol and Oil,O-42.5mm
mineral oil,,45,42.5,1.25,25,260,260,9,2.95,2.944,27.22713633,0.578576647,462.8613176,8.652228924,0.01869291858,Sasanka Gylcerol and Oil,O-42.5mm
mineral oil,,45,42.5,1.25,25,260,260,10,2.96,2.944,27.22713633,0.578576647,462.8613176,8.652228924,0.01869291858,Sasanka Gylcerol and Oil,O-42.5mm
mineral oil,,45,42.5,1.25,25,260,260,11,2.97,2.944,27.22713633,0.578576647,462.8613176,8.652228924,0.01869291858,Sasanka Gylcerol and Oil,O-42.5mm
mineral oil,,45,42.5,1.25,25,260,260,12,2.95,2.944,27.22713633,0.578576647,462.8613176,8.652228924,0.01869291858,Sasanka Gylcerol and Oil,O-42.5mm
mineral oil,,45,42.5,1.25,25,260,260,13,2.94,2.944,27.22713633,0.578576647,462.8613176,8.652228924,0.01869291858,Sasanka Gylcerol and Oil,O-42.5mm
mineral oil,,45,42.5,1.25,25,260,260,14,2.94,2.944,27.22713633,0.578576647,462.8613176,8.652228924,0.01869291858,Sasanka Gylcerol and Oil,O-42.5mm
mineral oil,,45,42.5,1.25,25,260,260,15,2.92,2.944,27.22713633,0.578576647,462.8613176,8.652228924,0.01869291858,Sasanka Gylcerol and Oil,O-42.5mm
mineral oil,,45,42.5,1.25,25,280,280,1,2.98,3.08,29.32153143,0.623082543,498.4660344,9.051924281,0.01815956085,Sasanka Gylcerol and Oil,O-42.5mm
mineral oil,,45,42.5,1.25,25,280,280,2,3.09,3.08,29.32153143,0.623082543,498.4660344,9.051924281,0.01815956085,Sasanka Gylcerol and Oil,O-42.5mm
mineral oil,,45,42.5,1.25,25,280,280,3,3.13,3.08,29.32153143,0.623082543,498.4660344,9.051924281,0.01815956085,Sasanka Gylcerol and Oil,O-42.5mm
mineral oil,,45,42.5,1.25,25,280,280,4,3.12,3.08,29.32153143,0.623082543,498.4660344,9.051924281,0.01815956085,Sasanka Gylcerol and Oil,O-42.5mm
mineral oil,,45,42.5,1.25,25,280,280,5,3.09,3.08,29.32153143,0.623082543,498.4660344,9.051924281,0.01815956085,Sasanka Gylcerol and Oil,O-42.5mm
mineral oil,,45,42.5,1.25,25,280,280,6,3.07,3.08,29.32153143,0.623082543,498.4660344,9.051924281,0.01815956085,Sasanka Gylcerol and Oil,O-42.5mm
mineral oil,,45,42.5,1.25,25,280,280,7,3.07,3.08,29.32153143,0.623082543,498.4660344,9.051924281,0.01815956085,Sasanka Gylcerol and Oil,O-42.5mm
mineral oil,,45,42.5,1.25,25,280,280,8,3.08,3.08,29.32153143,0.623082543,498.4660344,9.051924281,0.01815956085,Sasanka Gylcerol and Oil,O-42.5mm
mineral oil,,45,42.5,1.25,25,280,280,9,3.09,3.08,29.32153143,0.623082543,498.4660344,9.051924281,0.01815956085,Sasanka Gylcerol and Oil,O-42.5mm
mineral oil,,45,42.5,1.25,25,280,280,10,3.1,3.08,29.32153143,0.623082543,498.4660344,9.051924281,0.01815956085,Sasanka Gylcerol and Oil,O-42.5mm
mineral oil,,45,42.5,1.25,25,280,280,11,3.09,3.08,29.32153143,0.623082543,498.4660344,9.051924281,0.01815956085,Sasanka Gylcerol and Oil,O-42.5mm
mineral oil,,45,42.5,1.25,25,280,280,12,3.06,3.08,29.32153143,0.623082543,498.4660344,9.051924281,0.01815956085,Sasanka Gylcerol and Oil,O-42.5mm
mineral oil,,45,42.5,1.25,25,280,280,13,3.07,3.08,29.32153143,0.623082543,498.4660344,9.051924281,0.01815956085,Sasanka Gylcerol and Oil,O-42.5mm
mineral oil,,45,42.5,1.25,25,280,280,14,3.08,3.08,29.32153143,0.623082543,498.4660344,9.051924281,0.01815956085,Sasanka Gylcerol and Oil,O-42.5mm
mineral oil,,45,42.5,1.25,25,280,280,15,3.08,3.08,29.32153143,0.623082543,498.4660344,9.051924281,0.01815956085,Sasanka Gylcerol and Oil,O-42.5mm
mineral oil,,45,42.5,1.25,25,300,300,1,3.13,3.212857143,31.41592654,0.6675884389,534.0707511,9.442382982,0.01768002266,Sasanka Gylcerol and Oil,O-42.5mm
mineral oil,,45,42.5,1.25,25,300,300,2,3.23,3.212857143,31.41592654,0.6675884389,534.0707511,9.442382982,0.01768002266,Sasanka Gylcerol and Oil,O-42.5mm
mineral oil,,45,42.5,1.25,25,300,300,3,3.27,3.212857143,31.41592654,0.6675884389,534.0707511,9.442382982,0.01768002266,Sasanka Gylcerol and Oil,O-42.5mm
mineral oil,,45,42.5,1.25,25,300,300,4,3.26,3.212857143,31.41592654,0.6675884389,534.0707511,9.442382982,0.01768002266,Sasanka Gylcerol and Oil,O-42.5mm
mineral oil,,45,42.5,1.25,25,300,300,5,3.23,3.212857143,31.41592654,0.6675884389,534.0707511,9.442382982,0.01768002266,Sasanka Gylcerol and Oil,O-42.5mm
mineral oil,,45,42.5,1.25,25,300,300,6,3.22,3.212857143,31.41592654,0.6675884389,534.0707511,9.442382982,0.01768002266,Sasanka Gylcerol and Oil,O-42.5mm
mineral oil,,45,42.5,1.25,25,300,300,7,3.24,3.212857143,31.41592654,0.6675884389,534.0707511,9.442382982,0.01768002266,Sasanka Gylcerol and Oil,O-42.5mm
mineral oil,,45,42.5,1.25,25,300,300,8,3.21,3.212857143,31.41592654,0.6675884389,534.0707511,9.442382982,0.01768002266,Sasanka Gylcerol and Oil,O-42.5mm
mineral oil,,45,42.5,1.25,25,300,300,9,3.21,3.212857143,31.41592654,0.6675884389,534.0707511,9.442382982,0.01768002266,Sasanka Gylcerol and Oil,O-42.5mm
mineral oil,,45,42.5,1.25,25,300,300,10,3.23,3.212857143,31.41592654,0.6675884389,534.0707511,9.442382982,0.01768002266,Sasanka Gylcerol and Oil,O-42.5mm
mineral oil,,45,42.5,1.25,25,300,300,11,3.2,3.212857143,31.41592654,0.6675884389,534.0707511,9.442382982,0.01768002266,Sasanka Gylcerol and Oil,O-42.5mm
mineral oil,,45,42.5,1.25,25,300,300,12,3.19,3.212857143,31.41592654,0.6675884389,534.0707511,9.442382982,0.01768002266,Sasanka Gylcerol and Oil,O-42.5mm
mineral oil,,45,42.5,1.25,25,300,300,13,3.18,3.212857143,31.41592654,0.6675884389,534.0707511,9.442382982,0.01768002266,Sasanka Gylcerol and Oil,O-42.5mm
mineral oil,,45,42.5,1.25,25,300,300,14,3.18,3.212857143,31.41592654,0.6675884389,534.0707511,9.442382982,0.01768002266,Sasanka Gylcerol and Oil,O-42.5mm
mineral oil,,45,42.5,1.25,25,320,320,1,3.12,3.30625,33.51032164,0.7120943348,569.6754679,9.716858654,0.01705683183,Sasanka Gylcerol and Oil,O-42.5mm
mineral oil,,45,42.5,1.25,25,320,320,2,3.24,3.30625,33.51032164,0.7120943348,569.6754679,9.716858654,0.01705683183,Sasanka Gylcerol and Oil,O-42.5mm
mineral oil,,45,42.5,1.25,25,320,320,3,3.32,3.30625,33.51032164,0.7120943348,569.6754679,9.716858654,0.01705683183,Sasanka Gylcerol and Oil,O-42.5mm
mineral oil,,45,42.5,1.25,25,320,320,4,3.29,3.30625,33.51032164,0.7120943348,569.6754679,9.716858654,0.01705683183,Sasanka Gylcerol and Oil,O-42.5mm
mineral oil,,45,42.5,1.25,25,320,320,5,3.31,3.30625,33.51032164,0.7120943348,569.6754679,9.716858654,0.01705683183,Sasanka Gylcerol and Oil,O-42.5mm
mineral oil,,45,42.5,1.25,25,320,320,6,3.33,3.30625,33.51032164,0.7120943348,569.6754679,9.716858654,0.01705683183,Sasanka Gylcerol and Oil,O-42.5mm
mineral oil,,45,42.5,1.25,25,320,320,7,3.34,3.30625,33.51032164,0.7120943348,569.6754679,9.716858654,0.01705683183,Sasanka Gylcerol and Oil,O-42.5mm
mineral oil,,45,42.5,1.25,25,320,320,8,3.34,3.30625,33.51032164,0.7120943348,569.6754679,9.716858654,0.01705683183,Sasanka Gylcerol and Oil,O-42.5mm
mineral oil,,45,42.5,1.25,25,320,320,9,3.34,3.30625,33.51032164,0.7120943348,569.6754679,9.716858654,0.01705683183,Sasanka Gylcerol and Oil,O-42.5mm
mineral oil,,45,42.5,1.25,25,320,320,10,3.33,3.30625,33.51032164,0.7120943348,569.6754679,9.716858654,0.01705683183,Sasanka Gylcerol and Oil,O-42.5mm
mineral oil,,45,42.5,1.25,25,320,320,11,3.33,3.30625,33.51032164,0.7120943348,569.6754679,9.716858654,0.01705683183,Sasanka Gylcerol and Oil,O-42.5mm
mineral oil,,45,42.5,1.25,25,320,320,12,3.33,3.30625,33.51032164,0.7120943348,569.6754679,9.716858654,0.01705683183,Sasanka Gylcerol and Oil,O-42.5mm
mineral oil,,45,42.5,1.25,25,320,320,13,3.33,3.30625,33.51032164,0.7120943348,569.6754679,9.716858654,0.01705683183,Sasanka Gylcerol and Oil,O-42.5mm
mineral oil,,45,42.5,1.25,25,320,320,14,3.31,3.30625,33.51032164,0.7120943348,569.6754679,9.716858654,0.01705683183,Sasanka Gylcerol and Oil,O-42.5mm
mineral oil,,45,42.5,1.25,25,320,320,15,3.31,3.30625,33.51032164,0.7120943348,569.6754679,9.716858654,0.01705683183,Sasanka Gylcerol and Oil,O-42.5mm
mineral oil,,45,42.5,1.25,25,320,320,16,3.33,3.30625,33.51032164,0.7120943348,569.6754679,9.716858654,0.01705683183,Sasanka Gylcerol and Oil,O-42.5mm
mineral oil,,45,42.5,1.25,25,340,340,1,3.35,3.460588235,35.60471674,0.7566002307,605.2801846,10.17044892,0.01680287771,Sasanka Gylcerol and Oil,O-42.5mm
mineral oil,,45,42.5,1.25,25,340,340,2,3.48,3.460588235,35.60471674,0.7566002307,605.2801846,10.17044892,0.01680287771,Sasanka Gylcerol and Oil,O-42.5mm
mineral oil,,45,42.5,1.25,25,340,340,3,3.51,3.460588235,35.60471674,0.7566002307,605.2801846,10.17044892,0.01680287771,Sasanka Gylcerol and Oil,O-42.5mm
mineral oil,,45,42.5,1.25,25,340,340,4,3.49,3.460588235,35.60471674,0.7566002307,605.2801846,10.17044892,0.01680287771,Sasanka Gylcerol and Oil,O-42.5mm
mineral oil,,45,42.5,1.25,25,340,340,5,3.49,3.460588235,35.60471674,0.7566002307,605.2801846,10.17044892,0.01680287771,Sasanka Gylcerol and Oil,O-42.5mm
mineral oil,,45,42.5,1.25,25,340,340,6,3.47,3.460588235,35.60471674,0.7566002307,605.2801846,10.17044892,0.01680287771,Sasanka Gylcerol and Oil,O-42.5mm
mineral oil,,45,42.5,1.25,25,340,340,7,3.49,3.460588235,35.60471674,0.7566002307,605.2801846,10.17044892,0.01680287771,Sasanka Gylcerol and Oil,O-42.5mm
mineral oil,,45,42.5,1.25,25,340,340,8,3.47,3.460588235,35.60471674,0.7566002307,605.2801846,10.17044892,0.01680287771,Sasanka Gylcerol and Oil,O-42.5mm
mineral oil,,45,42.5,1.25,25,340,340,9,3.45,3.460588235,35.60471674,0.7566002307,605.2801846,10.17044892,0.01680287771,Sasanka Gylcerol and Oil,O-42.5mm
mineral oil,,45,42.5,1.25,25,340,340,10,3.45,3.460588235,35.60471674,0.7566002307,605.2801846,10.17044892,0.01680287771,Sasanka Gylcerol and Oil,O-42.5mm
mineral oil,,45,42.5,1.25,25,340,340,11,3.43,3.460588235,35.60471674,0.7566002307,605.2801846,10.17044892,0.01680287771,Sasanka Gylcerol and Oil,O-42.5mm
mineral oil,,45,42.5,1.25,25,340,340,12,3.46,3.460588235,35.60471674,0.7566002307,605.2801846,10.17044892,0.01680287771,Sasanka Gylcerol and Oil,O-42.5mm
mineral oil,,45,42.5,1.25,25,340,340,13,3.46,3.460588235,35.60471674,0.7566002307,605.2801846,10.17044892,0.01680287771,Sasanka Gylcerol and Oil,O-42.5mm
mineral oil,,45,42.5,1.25,25,340,340,14,3.47,3.460588235,35.60471674,0.7566002307,605.2801846,10.17044892,0.01680287771,Sasanka Gylcerol and Oil,O-42.5mm
mineral oil,,45,42.5,1.25,25,340,340,15,3.46,3.460588235,35.60471674,0.7566002307,605.2801846,10.17044892,0.01680287771,Sasanka Gylcerol and Oil,O-42.5mm
mineral oil,,45,42.5,1.25,25,340,340,16,3.45,3.460588235,35.60471674,0.7566002307,605.2801846,10.17044892,0.01680287771,Sasanka Gylcerol and Oil,O-42.5mm
mineral oil,,45,42.5,1.25,25,340,340,17,3.45,3.460588235,35.60471674,0.7566002307,605.2801846,10.17044892,0.01680287771,Sasanka Gylcerol and Oil,O-42.5mm
mineral oil,,45,42.5,1.25,25,360,360,1,3.52,3.609333333,37.69911184,0.8011061267,640.8849013,10.60760131,0.01655149199,Sasanka Gylcerol and Oil,O-42.5mm
mineral oil,,45,42.5,1.25,25,360,360,2,3.62,3.609333333,37.69911184,0.8011061267,640.8849013,10.60760131,0.01655149199,Sasanka Gylcerol and Oil,O-42.5mm
mineral oil,,45,42.5,1.25,25,360,360,3,3.64,3.609333333,37.69911184,0.8011061267,640.8849013,10.60760131,0.01655149199,Sasanka Gylcerol and Oil,O-42.5mm
mineral oil,,45,42.5,1.25,25,360,360,4,3.61,3.609333333,37.69911184,0.8011061267,640.8849013,10.60760131,0.01655149199,Sasanka Gylcerol and Oil,O-42.5mm
mineral oil,,45,42.5,1.25,25,360,360,5,3.63,3.609333333,37.69911184,0.8011061267,640.8849013,10.60760131,0.01655149199,Sasanka Gylcerol and Oil,O-42.5mm
mineral oil,,45,42.5,1.25,25,360,360,6,3.62,3.609333333,37.69911184,0.8011061267,640.8849013,10.60760131,0.01655149199,Sasanka Gylcerol and Oil,O-42.5mm
mineral oil,,45,42.5,1.25,25,360,360,7,3.62,3.609333333,37.69911184,0.8011061267,640.8849013,10.60760131,0.01655149199,Sasanka Gylcerol and Oil,O-42.5mm
mineral oil,,45,42.5,1.25,25,360,360,8,3.6,3.609333333,37.69911184,0.8011061267,640.8849013,10.60760131,0.01655149199,Sasanka Gylcerol and Oil,O-42.5mm
mineral oil,,45,42.5,1.25,25,360,360,9,3.62,3.609333333,37.69911184,0.8011061267,640.8849013,10.60760131,0.01655149199,Sasanka Gylcerol and Oil,O-42.5mm
mineral oil,,45,42.5,1.25,25,360,360,10,3.64,3.609333333,37.69911184,0.8011061267,640.8849013,10.60760131,0.01655149199,Sasanka Gylcerol and Oil,O-42.5mm
mineral oil,,45,42.5,1.25,25,360,360,11,3.6,3.609333333,37.69911184,0.8011061267,640.8849013,10.60760131,0.01655149199,Sasanka Gylcerol and Oil,O-42.5mm
mineral oil,,45,42.5,1.25,25,360,360,12,3.6,3.609333333,37.69911184,0.8011061267,640.8849013,10.60760131,0.01655149199,Sasanka Gylcerol and Oil,O-42.5mm
mineral oil,,45,42.5,1.25,25,360,360,13,3.62,3.609333333,37.69911184,0.8011061267,640.8849013,10.60760131,0.01655149199,Sasanka Gylcerol and Oil,O-42.5mm
mineral oil,,45,42.5,1.25,25,360,360,14,3.6,3.609333333,37.69911184,0.8011061267,640.8849013,10.60760131,0.01655149199,Sasanka Gylcerol and Oil,O-42.5mm
mineral oil,,45,42.5,1.25,25,360,360,15,3.6,3.609333333,37.69911184,0.8011061267,640.8849013,10.60760131,0.01655149199,Sasanka Gylcerol and Oil,O-42.5mm
mineral oil,,45,42.5,1.25,25,380,380,1,3.64,3.78,39.79350695,0.8456120226,676.4896181,11.1091798,0.01642180383,Sasanka Gylcerol and Oil,O-42.5mm
mineral oil,,45,42.5,1.25,25,380,380,2,3.74,3.78,39.79350695,0.8456120226,676.4896181,11.1091798,0.01642180383,Sasanka Gylcerol and Oil,O-42.5mm
mineral oil,,45,42.5,1.25,25,380,380,3,3.77,3.78,39.79350695,0.8456120226,676.4896181,11.1091798,0.01642180383,Sasanka Gylcerol and Oil,O-42.5mm
mineral oil,,45,42.5,1.25,25,380,380,4,3.78,3.78,39.79350695,0.8456120226,676.4896181,11.1091798,0.01642180383,Sasanka Gylcerol and Oil,O-42.5mm
mineral oil,,45,42.5,1.25,25,380,380,5,3.78,3.78,39.79350695,0.8456120226,676.4896181,11.1091798,0.01642180383,Sasanka Gylcerol and Oil,O-42.5mm
mineral oil,,45,42.5,1.25,25,380,380,6,3.81,3.78,39.79350695,0.8456120226,676.4896181,11.1091798,0.01642180383,Sasanka Gylcerol and Oil,O-42.5mm
mineral oil,,45,42.5,1.25,25,380,380,7,3.82,3.78,39.79350695,0.8456120226,676.4896181,11.1091798,0.01642180383,Sasanka Gylcerol and Oil,O-42.5mm
mineral oil,,45,42.5,1.25,25,380,380,8,3.81,3.78,39.79350695,0.8456120226,676.4896181,11.1091798,0.01642180383,Sasanka Gylcerol and Oil,O-42.5mm
mineral oil,,45,42.5,1.25,25,380,380,9,3.8,3.78,39.79350695,0.8456120226,676.4896181,11.1091798,0.01642180383,Sasanka Gylcerol and Oil,O-42.5mm
mineral oil,,45,42.5,1.25,25,380,380,10,3.77,3.78,39.79350695,0.8456120226,676.4896181,11.1091798,0.01642180383,Sasanka Gylcerol and Oil,O-42.5mm
mineral oil,,45,42.5,1.25,25,380,380,11,3.76,3.78,39.79350695,0.8456120226,676.4896181,11.1091798,0.01642180383,Sasanka Gylcerol and Oil,O-42.5mm
mineral oil,,45,42.5,1.25,25,380,380,12,3.76,3.78,39.79350695,0.8456120226,676.4896181,11.1091798,0.01642180383,Sasanka Gylcerol and Oil,O-42.5mm
mineral oil,,45,42.5,1.25,25,380,380,13,3.8,3.78,39.79350695,0.8456120226,676.4896181,11.1091798,0.01642180383,Sasanka Gylcerol and Oil,O-42.5mm
mineral oil,,45,42.5,1.25,25,380,380,14,3.82,3.78,39.79350695,0.8456120226,676.4896181,11.1091798,0.01642180383,Sasanka Gylcerol and Oil,O-42.5mm
mineral oil,,45,42.5,1.25,25,380,380,15,3.82,3.78,39.79350695,0.8456120226,676.4896181,11.1091798,0.01642180383,Sasanka Gylcerol and Oil,O-42.5mm
mineral oil,,45,42.5,1.25,25,380,380,16,3.8,3.78,39.79350695,0.8456120226,676.4896181,11.1091798,0.01642180383,Sasanka Gylcerol and Oil,O-42.5mm
mineral oil,,45,42.5,1.25,25,400,400,1,3.81,3.978235294,41.88790205,0.8901179185,712.0943348,11.69178073,0.01641886497,Sasanka Gylcerol and Oil,O-42.5mm
mineral oil,,45,42.5,1.25,25,400,400,2,3.88,3.978235294,41.88790205,0.8901179185,712.0943348,11.69178073,0.01641886497,Sasanka Gylcerol and Oil,O-42.5mm
mineral oil,,45,42.5,1.25,25,400,400,3,4.01,3.978235294,41.88790205,0.8901179185,712.0943348,11.69178073,0.01641886497,Sasanka Gylcerol and Oil,O-42.5mm
mineral oil,,45,42.5,1.25,25,400,400,4,4.02,3.978235294,41.88790205,0.8901179185,712.0943348,11.69178073,0.01641886497,Sasanka Gylcerol and Oil,O-42.5mm
mineral oil,,45,42.5,1.25,25,400,400,5,4.02,3.978235294,41.88790205,0.8901179185,712.0943348,11.69178073,0.01641886497,Sasanka Gylcerol and Oil,O-42.5mm
mineral oil,,45,42.5,1.25,25,400,400,6,4.05,3.978235294,41.88790205,0.8901179185,712.0943348,11.69178073,0.01641886497,Sasanka Gylcerol and Oil,O-42.5mm
mineral oil,,45,42.5,1.25,25,400,400,7,4.05,3.978235294,41.88790205,0.8901179185,712.0943348,11.69178073,0.01641886497,Sasanka Gylcerol and Oil,O-42.5mm
mineral oil,,45,42.5,1.25,25,400,400,8,4.03,3.978235294,41.88790205,0.8901179185,712.0943348,11.69178073,0.01641886497,Sasanka Gylcerol and Oil,O-42.5mm
mineral oil,,45,42.5,1.25,25,400,400,9,4,3.978235294,41.88790205,0.8901179185,712.0943348,11.69178073,0.01641886497,Sasanka Gylcerol and Oil,O-42.5mm
mineral oil,,45,42.5,1.25,25,400,400,10,3.98,3.978235294,41.88790205,0.8901179185,712.0943348,11.69178073,0.01641886497,Sasanka Gylcerol and Oil,O-42.5mm
mineral oil,,45,42.5,1.25,25,400,400,11,4,3.978235294,41.88790205,0.8901179185,712.0943348,11.69178073,0.01641886497,Sasanka Gylcerol and Oil,O-42.5mm
mineral oil,,45,42.5,1.25,25,400,400,12,3.98,3.978235294,41.88790205,0.8901179185,712.0943348,11.69178073,0.01641886497,Sasanka Gylcerol and Oil,O-42.5mm
mineral oil,,45,42.5,1.25,25,400,400,13,3.99,3.978235294,41.88790205,0.8901179185,712.0943348,11.69178073,0.01641886497,Sasanka Gylcerol and Oil,O-42.5mm
mineral oil,,45,42.5,1.25,25,400,400,14,3.98,3.978235294,41.88790205,0.8901179185,712.0943348,11.69178073,0.01641886497,Sasanka Gylcerol and Oil,O-42.5mm
mineral oil,,45,42.5,1.25,25,400,400,15,3.96,3.978235294,41.88790205,0.8901179185,712.0943348,11.69178073,0.01641886497,Sasanka Gylcerol and Oil,O-42.5mm
mineral oil,,45,42.5,1.25,25,400,400,16,3.94,3.978235294,41.88790205,0.8901179185,712.0943348,11.69178073,0.01641886497,Sasanka Gylcerol and Oil,O-42.5mm
mineral oil,,45,42.5,1.25,25,400,400,17,3.93,3.978235294,41.88790205,0.8901179185,712.0943348,11.69178073,0.01641886497,Sasanka Gylcerol and Oil,O-42.5mm
